date,consumer_credit_outstanding,charge_off_rate,consumer_loans_delinquency_rate,household_debt_service_ratio,total_bank_credit
1/31/1943,6577830000,,,,
2/28/1943,6463040000,,,,
3/31/1943,6234210000,,,,
4/30/1943,6125750000,,,,
5/31/1943,5936260000,,,,
6/30/1943,5822230000,,,,
7/31/1943,5718370000,,,,
8/31/1943,5638750000,,,,
9/30/1943,5647590000,,,,
10/31/1943,5650740000,,,,
11/30/1943,5576870000,,,,
12/31/1943,5462520000,,,,
1/31/1944,5398570000,,,,
2/29/1944,5354360000,,,,
3/31/1944,5370360000,,,,
4/30/1944,5379180000,,,,
5/31/1944,5430500000,,,,
6/30/1944,5467790000,,,,
7/31/1944,5498200000,,,,
8/31/1944,5533960000,,,,
9/30/1944,5549230000,,,,
10/31/1944,5565930000,,,,
11/30/1944,5570100000,,,,
12/31/1944,5585690000,,,,
1/31/1945,5602730000,,,,
2/28/1945,5573810000,,,,
3/31/1945,5667690000,,,,
4/30/1945,5582450000,,,,
5/31/1945,5605250000,,,,
6/30/1945,5704450000,,,,
7/31/1945,5748780000,,,,
8/31/1945,5767010000,,,,
9/30/1945,5758270000,,,,
10/31/1945,5932020000,,,,
11/30/1945,6095550000,,,,
12/31/1945,6567050000,,,,
1/31/1946,6504510000,,,,
2/28/1946,6765950000,,,,
3/31/1946,7005450000,,,,
4/30/1946,7333220000,,,,
5/31/1946,7532370000,,,,
6/30/1946,7702210000,,,,
7/31/1946,7933640000,,,,
8/31/1946,8345160000,,,,
9/30/1946,8599600000,,,,
10/31/1946,8895140000,,,,
11/30/1946,9218280000,,,,
12/31/1946,9444390000,,,,
1/31/1947,9770200000,,,,1.09117E+11
2/28/1947,10089000000,,,,1.0853E+11
3/31/1947,10345850000,,,,1.08371E+11
4/30/1947,10645940000,,,,1.08561E+11
5/31/1947,10926310000,,,,1.08539E+11
6/30/1947,11135650000,,,,1.08459E+11
7/31/1947,11364120000,,,,1.08748E+11
8/31/1947,11582880000,,,,1.09045E+11
9/30/1947,11860300000,,,,1.09922E+11
10/31/1947,12205130000,,,,1.10376E+11
11/30/1947,12534870000,,,,1.10433E+11
12/31/1947,12855620000,,,,1.10297E+11
1/31/1948,13228610000,,,,1.10595E+11
2/29/1948,13524280000,,,,1.10076E+11
3/31/1948,13921240000,,,,1.08885E+11
4/30/1948,14264070000,,,,1.09168E+11
5/31/1948,14500280000,,,,1.09613E+11
6/30/1948,14775270000,,,,1.09296E+11
7/31/1948,15041570000,,,,1.09745E+11
8/31/1948,15229700000,,,,1.10008E+11
9/30/1948,15515140000,,,,1.08562E+11
10/31/1948,15579620000,,,,1.08424E+11
11/30/1948,15603370000,,,,1.08453E+11
12/31/1948,15803230000,,,,1.0843E+11
1/31/1949,15901700000,,,,1.08764E+11
2/28/1949,16009260000,,,,1.08448E+11
3/31/1949,16092980000,,,,1.07602E+11
4/30/1949,16413200000,,,,1.07995E+11
5/31/1949,16638100000,,,,1.09283E+11
6/30/1949,16860930000,,,,1.09561E+11
7/31/1949,17061100000,,,,1.10928E+11
8/31/1949,17355490000,,,,1.13146E+11
9/30/1949,17695160000,,,,1.14198E+11
10/31/1949,18021320000,,,,1.14923E+11
11/30/1949,18435990000,,,,1.14887E+11
12/31/1949,18772210000,,,,1.15021E+11
1/31/1950,19050870000,,,,1.16111E+11
2/28/1950,19371630000,,,,1.16196E+11
3/31/1950,19734830000,,,,1.15957E+11
4/30/1950,20148380000,,,,1.16124E+11
5/31/1950,20621680000,,,,1.16872E+11
6/30/1950,21118840000,,,,1.17488E+11
7/31/1950,22086290000,,,,1.17714E+11
8/31/1950,22728260000,,,,1.18216E+11
9/30/1950,23171570000,,,,1.18093E+11
10/31/1950,23242150000,,,,1.18483E+11
11/30/1950,23258560000,,,,1.18896E+11
12/31/1950,23229160000,,,,1.19906E+11
1/31/1951,23797600000,,,,1.19475E+11
2/28/1951,24109420000,,,,1.18762E+11
3/31/1951,24280960000,,,,1.18911E+11
4/30/1951,24076150000,,,,1.19231E+11
5/31/1951,23994880000,,,,1.19437E+11
6/30/1951,23841030000,,,,1.20314E+11
7/31/1951,23706570000,,,,1.21078E+11
8/31/1951,23940110000,,,,1.21712E+11
9/30/1951,24098290000,,,,1.2264E+11
10/31/1951,24288010000,,,,1.2388E+11
11/30/1951,24639740000,,,,1.2516E+11
12/31/1951,24627950000,,,,1.26023E+11
1/31/1952,24801920000,,,,1.26712E+11
2/29/1952,25151920000,,,,1.26829E+11
3/31/1952,25195580000,,,,1.26851E+11
4/30/1952,25548050000,,,,1.26881E+11
5/31/1952,26146470000,,,,1.27478E+11
6/30/1952,26762430000,,,,1.28957E+11
7/31/1952,27210190000,,,,1.30772E+11
8/31/1952,27468780000,,,,1.31313E+11
9/30/1952,27869820000,,,,1.31167E+11
10/31/1952,28496560000,,,,1.32688E+11
11/30/1952,29049110000,,,,1.34794E+11
12/31/1952,29685580000,,,,1.34976E+11
1/31/1953,30479450000,,,,1.34766E+11
2/28/1953,30886610000,,,,1.34273E+11
3/31/1953,31639330000,,,,1.33609E+11
4/30/1953,32117350000,,,,1.32711E+11
5/31/1953,32431820000,,,,1.32125E+11
6/30/1953,32501580000,,,,1.32354E+11
7/31/1953,32792300000,,,,1.35811E+11
8/31/1953,33060610000,,,,1.37344E+11
9/30/1953,33255740000,,,,1.37204E+11
10/31/1953,33482280000,,,,1.37315E+11
11/30/1953,33558310000,,,,1.3849E+11
12/31/1953,33696920000,,,,1.39025E+11
1/31/1954,34064900000,,,,1.39103E+11
2/28/1954,33701350000,,,,1.38177E+11
3/31/1954,33507660000,,,,1.3683E+11
4/30/1954,33706500000,,,,1.36991E+11
5/31/1954,33704800000,,,,1.38204E+11
6/30/1954,33815390000,,,,1.39106E+11
7/31/1954,34057200000,,,,1.40006E+11
8/31/1954,34009560000,,,,1.42718E+11
9/30/1954,34137280000,,,,1.44242E+11
10/31/1954,34363370000,,,,1.46796E+11
11/30/1954,34608560000,,,,1.48182E+11
12/31/1954,35028270000,,,,1.49695E+11
1/31/1955,35372510000,,,,1.49699E+11
2/28/1955,35925410000,,,,1.47718E+11
3/31/1955,36530320000,,,,1.46299E+11
4/30/1955,37235210000,,,,1.46981E+11
5/31/1955,37736780000,,,,1.47577E+11
6/30/1955,38536670000,,,,1.47608E+11
7/31/1955,39029430000,,,,1.48262E+11
8/31/1955,39732770000,,,,1.48385E+11
9/30/1955,40394190000,,,,1.48477E+11
10/31/1955,40833660000,,,,1.49792E+11
11/30/1955,41366820000,,,,1.50223E+11
12/31/1955,41869030000,,,,1.50976E+11
1/31/1956,42120130000,,,,1.51131E+11
2/29/1956,42561070000,,,,1.50426E+11
3/31/1956,43205250000,,,,1.50727E+11
4/30/1956,43383970000,,,,1.51174E+11
5/31/1956,43799610000,,,,1.511E+11
6/30/1956,44053630000,,,,1.51469E+11
7/31/1956,44173420000,,,,1.51374E+11
8/31/1956,44498860000,,,,1.52112E+11
9/30/1956,44778980000,,,,1.52947E+11
10/31/1956,44934150000,,,,1.53835E+11
11/30/1956,45400790000,,,,1.54954E+11
12/31/1956,45448240000,,,,1.56152E+11
1/31/1957,45700500000,,,,1.55709E+11
2/28/1957,46042240000,,,,1.54786E+11
3/31/1957,46245300000,,,,1.54442E+11
4/30/1957,46517420000,,,,1.55971E+11
5/31/1957,46838040000,,,,1.56717E+11
6/30/1957,47000290000,,,,1.56134E+11
7/31/1957,47368470000,,,,1.56496E+11
8/31/1957,47646210000,,,,1.57153E+11
9/30/1957,47741480000,,,,1.57305E+11
10/31/1957,47879000000,,,,1.58676E+11
11/30/1957,47959670000,,,,1.59022E+11
12/31/1957,48078270000,,,,1.60602E+11
1/31/1958,48292470000,,,,1.67175E+11
2/28/1958,48097520000,,,,1.68373E+11
3/31/1958,47773440000,,,,1.70311E+11
4/30/1958,47662500000,,,,1.73597E+11
5/31/1958,47618280000,,,,1.75072E+11
6/30/1958,47507360000,,,,1.76946E+11
7/31/1958,47552280000,,,,1.77546E+11
8/31/1958,47592980000,,,,1.78599E+11
9/30/1958,47712920000,,,,1.78788E+11
10/31/1958,47823170000,,,,1.80125E+11
11/30/1958,47987480000,,,,1.81731E+11
12/31/1958,48394350000,,,,1.82946E+11
1/31/1959,48961160000,,,,1.84103E+11
2/28/1959,49513710000,,,,1.83699E+11
3/31/1959,50007730000,,,,1.82235E+11
4/30/1959,50463430000,,,,1.83858E+11
5/31/1959,51007240000,,,,1.84252E+11
6/30/1959,51675440000,,,,1.84025E+11
7/31/1959,52356850000,,,,1.86547E+11
8/31/1959,53038530000,,,,1.8614E+11
9/30/1959,53683750000,,,,1.86553E+11
10/31/1959,54365950000,,,,1.86357E+11
11/30/1959,54794810000,,,,1.86564E+11
12/31/1959,56010680000,,,,1.89232E+11
1/31/1960,56015580000,,,,1.88781E+11
2/29/1960,56364630000,,,,1.86427E+11
3/31/1960,56862880000,,,,1.85226E+11
4/30/1960,57711400000,,,,1.86135E+11
5/31/1960,57951030000,,,,1.87009E+11
6/30/1960,58387060000,,,,1.87274E+11
7/31/1960,58746710000,,,,1.8958E+11
8/31/1960,58947150000,,,,1.89765E+11
9/30/1960,59364650000,,,,1.91151E+11
10/31/1960,59628990000,,,,1.93111E+11
11/30/1960,59874010000,,,,1.94155E+11
12/31/1960,60025310000,,,,1.97108E+11
1/31/1961,60671850000,,,,1.99015E+11
2/28/1961,60310130000,,,,2.00499E+11
3/31/1961,60455460000,,,,1.99998E+11
4/30/1961,60075870000,,,,2.00127E+11
5/31/1961,60179690000,,,,2.01511E+11
6/30/1961,60334750000,,,,2.03392E+11
7/31/1961,60395980000,,,,2.04534E+11
8/31/1961,60619480000,,,,2.05808E+11
9/30/1961,60883090000,,,,2.08382E+11
10/31/1961,61158220000,,,,2.10876E+11
11/30/1961,61748290000,,,,2.11746E+11
12/31/1961,62248530000,,,,2.13262E+11
1/31/1962,62282800000,,,,2.14498E+11
2/28/1962,62640350000,,,,2.1474E+11
3/31/1962,63128570000,,,,2.15273E+11
4/30/1962,63866910000,,,,2.17338E+11
5/31/1962,64601040000,,,,2.18318E+11
6/30/1962,65137420000,,,,2.20338E+11
7/31/1962,65512180000,,,,2.21415E+11
8/31/1962,66055120000,,,,2.22515E+11
9/30/1962,66438330000,,,,2.24891E+11
10/31/1962,67028880000,,,,2.27471E+11
11/30/1962,67642100000,,,,2.28725E+11
12/31/1962,68126720000,,,,2.31951E+11
1/31/1963,68656460000,,,,2.33094E+11
2/28/1963,69376750000,,,,2.33448E+11
3/31/1963,70073410000,,,,2.34393E+11
4/30/1963,70801610000,,,,2.35437E+11
5/31/1963,71335140000,,,,2.37189E+11
6/30/1963,71875590000,,,,2.39088E+11
7/31/1963,72716450000,,,,2.41448E+11
8/31/1963,73576160000,,,,2.41194E+11
9/30/1963,74169770000,,,,2.44118E+11
10/31/1963,75112950000,,,,2.45662E+11
11/30/1963,75606920000,,,,2.4796E+11
12/31/1963,76581450000,,,,2.52045E+11
1/31/1964,77461360000,,,,2.52489E+11
2/29/1964,78336230000,,,,2.51933E+11
3/31/1964,79240410000,,,,2.53545E+11
4/30/1964,79908160000,,,,2.55273E+11
5/31/1964,80834520000,,,,2.55596E+11
6/30/1964,81428180000,,,,2.57835E+11
7/31/1964,82294500000,,,,2.58853E+11
8/31/1964,82973050000,,,,2.60145E+11
9/30/1964,83921970000,,,,2.63367E+11
10/31/1964,84530180000,,,,2.66214E+11
11/30/1964,84944030000,,,,2.68951E+11
12/31/1964,85959570000,,,,2.72529E+11
1/31/1965,87182590000,,,,2.74555E+11
2/28/1965,88152040000,,,,2.75654E+11
3/31/1965,88916070000,,,,2.77542E+11
4/30/1965,90047410000,,,,2.80001E+11
5/31/1965,90885880000,,,,2.81478E+11
6/30/1965,91830090000,,,,2.84438E+11
7/31/1965,92694630000,,,,2.8607E+11
8/31/1965,93287100000,,,,2.87199E+11
9/30/1965,94126480000,,,,2.90736E+11
10/31/1965,94804530000,,,,2.94111E+11
11/30/1965,95405270000,,,,2.95679E+11
12/31/1965,95954720000,,,,3.00492E+11
1/31/1966,97030720000,,,,3.02417E+11
2/28/1966,97758360000,,,,3.01615E+11
3/31/1966,98446390000,,,,3.02126E+11
4/30/1966,98805090000,,,,3.05447E+11
5/31/1966,99305440000,,,,3.07364E+11
6/30/1966,99788670000,,,,3.09033E+11
7/31/1966,1.00061E+11,,,,3.11236E+11
8/31/1966,1.00587E+11,,,,3.11881E+11
9/30/1966,1.00672E+11,,,,3.13778E+11
10/31/1966,1.00953E+11,,,,3.14107E+11
11/30/1966,1.01437E+11,,,,3.1512E+11
12/31/1966,1.01788E+11,,,,3.19453E+11
1/31/1967,1.02199E+11,,,,3.22203E+11
2/28/1967,1.02363E+11,,,,3.23333E+11
3/31/1967,1.02732E+11,,,,3.27113E+11
4/30/1967,1.02886E+11,,,,3.27896E+11
5/31/1967,1.03151E+11,,,,3.28696E+11
6/30/1967,1.03741E+11,,,,3.30052E+11
7/31/1967,1.04094E+11,,,,3.34879E+11
8/31/1967,1.04678E+11,,,,3.37051E+11
9/30/1967,1.05172E+11,,,,3.41202E+11
10/31/1967,1.05441E+11,,,,3.45464E+11
11/30/1967,1.06297E+11,,,,3.48E+11
12/31/1967,1.06843E+11,,,,3.51685E+11
1/31/1968,1.06772E+11,,,,3.5435E+11
2/29/1968,1.07928E+11,,,,3.54678E+11
3/31/1968,1.08689E+11,,,,3.56254E+11
4/30/1968,1.09598E+11,,,,3.58416E+11
5/31/1968,1.10377E+11,,,,3.59853E+11
6/30/1968,1.11068E+11,,,,3.61697E+11
7/31/1968,1.12124E+11,,,,3.65647E+11
8/31/1968,1.12845E+11,,,,3.70129E+11
9/30/1968,1.13754E+11,,,,3.75908E+11
10/31/1968,1.15228E+11,,,,3.80512E+11
11/30/1968,1.16196E+11,,,,3.83938E+11
12/31/1968,1.17399E+11,,,,3.90747E+11
1/31/1969,1.18226E+11,,,,3.9027E+11
2/28/1969,1.19449E+11,,,,3.89631E+11
3/31/1969,1.20431E+11,,,,3.90411E+11
4/30/1969,1.21524E+11,,,,3.9447E+11
5/31/1969,1.22565E+11,,,,3.94811E+11
6/30/1969,1.23381E+11,,,,3.9607E+11
7/31/1969,1.24004E+11,,,,3.94325E+11
8/31/1969,1.24609E+11,,,,3.92316E+11
9/30/1969,1.25319E+11,,,,3.93626E+11
10/31/1969,1.2602E+11,,,,3.93165E+11
11/30/1969,1.26569E+11,,,,3.9603E+11
12/31/1969,1.27156E+11,,,,4.00955E+11
1/31/1970,1.27803E+11,,,,3.98568E+11
2/28/1970,1.28191E+11,,,,3.96201E+11
3/31/1970,1.2828E+11,,,,3.98778E+11
4/30/1970,1.28375E+11,,,,4.02506E+11
5/31/1970,1.28534E+11,,,,4.02418E+11
6/30/1970,1.29185E+11,,,,4.04402E+11
7/31/1970,1.29857E+11,,,,4.09038E+11
8/31/1970,1.30185E+11,,,,4.12969E+11
9/30/1970,1.30851E+11,,,,4.17478E+11
10/31/1970,1.31113E+11,,,,4.21837E+11
11/30/1970,1.30807E+11,,,,4.26595E+11
12/31/1970,1.31552E+11,,,,4.33997E+11
1/31/1971,1.34164E+11,,,,4.37832E+11
2/28/1971,1.34933E+11,,,,4.41535E+11
3/31/1971,1.35736E+11,,,,4.45432E+11
4/30/1971,1.36993E+11,,,,4.50652E+11
5/31/1971,1.37841E+11,,,,4.53648E+11
6/30/1971,1.38769E+11,,,,4.58545E+11
7/31/1971,1.39908E+11,,,,4.62864E+11
8/31/1971,1.41252E+11,,,,4.64958E+11
9/30/1971,1.42767E+11,,,,4.69773E+11
10/31/1971,1.43927E+11,,,,4.73488E+11
11/30/1971,1.45635E+11,,,,4.79616E+11
12/31/1971,1.4693E+11,,,,4.8751E+11
1/31/1972,1.4766E+11,,,,4.9073E+11
2/29/1972,1.48925E+11,,,,4.93992E+11
3/31/1972,1.50771E+11,,,,5.02059E+11
4/30/1972,1.52322E+11,,,,5.0872E+11
5/31/1972,1.54199E+11,,,,5.13156E+11
6/30/1972,1.56153E+11,,,,5.18106E+11
7/31/1972,1.5728E+11,,,,5.22171E+11
8/31/1972,1.58939E+11,,,,5.266E+11
9/30/1972,1.60553E+11,,,,5.33121E+11
10/31/1972,1.62225E+11,,,,5.40478E+11
11/30/1972,1.64102E+11,,,,5.4893E+11
12/31/1972,1.66189E+11,,,,5.60125E+11
1/31/1973,1.69295E+11,,,,5.66513E+11
2/28/1973,1.71602E+11,,,,5.74255E+11
3/31/1973,1.73909E+11,,,,5.84044E+11
4/30/1973,1.75763E+11,,,,5.90109E+11
5/31/1973,1.78128E+11,,,,5.95891E+11
6/30/1973,1.80429E+11,,,,6.03759E+11
7/31/1973,1.82318E+11,,,,6.10142E+11
8/31/1973,1.84327E+11,,,,6.16517E+11
9/30/1973,1.85346E+11,,,,6.21387E+11
10/31/1973,1.87476E+11,,,,6.25568E+11
11/30/1973,1.89309E+11,,,,6.3154E+11
12/31/1973,1.90086E+11,,,,6.41132E+11
1/31/1974,1.91312E+11,,,,6.44537E+11
2/28/1974,1.92515E+11,,,,6.48241E+11
3/31/1974,1.93358E+11,,,,6.58528E+11
4/30/1974,1.94604E+11,,,,6.7075E+11
5/31/1974,1.9587E+11,,,,6.75419E+11
6/30/1974,1.96888E+11,,,,6.82493E+11
7/31/1974,1.98294E+11,,,,6.87162E+11
8/31/1974,1.99317E+11,,,,6.91397E+11
9/30/1974,1.99617E+11,,,,6.93424E+11
10/31/1974,1.99535E+11,,,,6.93572E+11
11/30/1974,1.99255E+11,,,,6.96607E+11
12/31/1974,1.98918E+11,,,,7.03434E+11
1/31/1975,1.99064E+11,,,,7.00109E+11
2/28/1975,1.99508E+11,,,,6.96366E+11
3/31/1975,1.9911E+11,,,,7.00442E+11
4/30/1975,1.98743E+11,,,,7.03863E+11
5/31/1975,1.98737E+11,,,,7.04926E+11
6/30/1975,1.96043E+11,,,,7.08911E+11
7/31/1975,1.97579E+11,,,,7.09457E+11
8/31/1975,1.98212E+11,,,,7.12268E+11
9/30/1975,1.99429E+11,,,,7.17543E+11
10/31/1975,2.00434E+11,,,,7.20067E+11
11/30/1975,2.01493E+11,,,,7.2318E+11
12/31/1975,2.04002E+11,,,,7.3343E+11
1/31/1976,2.05521E+11,,,,7.30196E+11
2/29/1976,2.06709E+11,,,,7.32054E+11
3/31/1976,2.08339E+11,,,,7.3857E+11
4/30/1976,2.105E+11,,,,7.43915E+11
5/31/1976,2.11407E+11,,,,7.47569E+11
6/30/1976,2.1324E+11,,,,7.54187E+11
7/31/1976,2.15273E+11,,,,7.54317E+11
8/31/1976,2.1651E+11,,,,7.59628E+11
9/30/1976,2.18709E+11,,,,7.64549E+11
10/31/1976,2.20867E+11,,,,7.7229E+11
11/30/1976,2.22805E+11,,,,7.80407E+11
12/31/1976,2.25722E+11,,,,7.93052E+11
1/31/1977,2.25733E+11,,,,7.93406E+11
2/28/1977,2.28528E+11,,,,7.98175E+11
3/31/1977,2.32348E+11,,,,8.07729E+11
4/30/1977,2.35594E+11,,,,8.16266E+11
5/31/1977,2.39018E+11,,,,8.23278E+11
6/30/1977,2.42409E+11,,,,8.30914E+11
7/31/1977,2.45481E+11,,,,8.35506E+11
8/31/1977,2.48475E+11,,,,8.43033E+11
9/30/1977,2.51262E+11,,,,8.51214E+11
10/31/1977,2.55416E+11,,,,8.5779E+11
11/30/1977,2.58773E+11,,,,8.65961E+11
12/31/1977,2.60563E+11,,,,8.77998E+11
1/31/1978,2.62765E+11,,,,8.81877E+11
2/28/1978,2.65738E+11,,,,8.88754E+11
3/31/1978,2.70263E+11,,,,9.01001E+11
4/30/1978,2.74137E+11,,,,9.12823E+11
5/31/1978,2.79257E+11,,,,9.20956E+11
6/30/1978,2.85101E+11,,,,9.34173E+11
7/31/1978,2.88806E+11,,,,9.41927E+11
8/31/1978,2.92813E+11,,,,9.48641E+11
9/30/1978,2.96179E+11,,,,9.61549E+11
10/31/1978,2.98812E+11,,,,9.72303E+11
11/30/1978,3.0273E+11,,,,9.83999E+11
12/31/1978,3.061E+11,,,,9.95381E+11
1/31/1979,3.09903E+11,,,,9.99968E+11
2/28/1979,3.13524E+11,,,,1.00791E+12
3/31/1979,3.17201E+11,,,,1.02027E+12
4/30/1979,3.20945E+11,,,,1.03573E+12
5/31/1979,3.25177E+11,,,,1.04651E+12
6/30/1979,3.28173E+11,,,,1.06103E+12
7/31/1979,3.3199E+11,,,,1.07505E+12
8/31/1979,3.35785E+11,,,,1.08302E+12
9/30/1979,3.3945E+11,,,,1.0985E+12
10/31/1979,3.43251E+11,,,,1.10433E+12
11/30/1979,3.46389E+11,,,,1.10377E+12
12/31/1979,3.48589E+11,,,,1.11003E+12
1/31/1980,3.50476E+11,,,10.608892,1.11486E+12
2/29/1980,3.53056E+11,,,10.608892,1.12828E+12
3/31/1980,3.53042E+11,,,10.608892,1.13806E+12
4/30/1980,3.51287E+11,,,10.629809,1.14008E+12
5/31/1980,3.48645E+11,,,10.629809,1.13695E+12
6/30/1980,3.46697E+11,,,10.629809,1.13704E+12
7/31/1980,3.47071E+11,,,10.402635,1.14531E+12
8/31/1980,3.47546E+11,,,10.402635,1.15713E+12
9/30/1980,3.48163E+11,,,10.402635,1.1656E+12
10/31/1980,3.49598E+11,,,10.253121,1.17888E+12
11/30/1980,3.50004E+11,,,10.253121,1.19604E+12
12/31/1980,3.5192E+11,,,10.253121,1.20719E+12
1/31/1981,3.53029E+11,,,10.291887,1.21461E+12
2/28/1981,3.54745E+11,,,10.291887,1.22048E+12
3/31/1981,3.57127E+11,,,10.291887,1.22524E+12
4/30/1981,3.59133E+11,,,10.424711,1.23456E+12
5/31/1981,3.61233E+11,,,10.424711,1.24827E+12
6/30/1981,3.62743E+11,,,10.424711,1.25748E+12
7/31/1981,3.64678E+11,,,10.316158,1.26339E+12
8/31/1981,3.65154E+11,,,10.316158,1.27072E+12
9/30/1981,3.69596E+11,,,10.316158,1.27756E+12
10/31/1981,3.70457E+11,,,10.392583,1.28373E+12
11/30/1981,3.7176E+11,,,10.392583,1.29045E+12
12/31/1981,3.71301E+11,,,10.392583,1.28538E+12
1/31/1982,3.75167E+11,,,10.461082,1.29044E+12
2/28/1982,3.76377E+11,,,10.461082,1.30424E+12
3/31/1982,3.76885E+11,,,10.461082,1.31218E+12
4/30/1982,3.78634E+11,,,10.515989,1.32631E+12
5/31/1982,3.80439E+11,,,10.515989,1.33462E+12
6/30/1982,3.81986E+11,,,10.515989,1.34296E+12
7/31/1982,3.82447E+11,,,10.418289,1.34922E+12
8/31/1982,3.82863E+11,,,10.418289,1.35542E+12
9/30/1982,3.84355E+11,,,10.418289,1.36447E+12
10/31/1982,3.84967E+11,,,10.383283,1.37437E+12
11/30/1982,3.86767E+11,,,10.383283,1.37484E+12
12/31/1982,3.89849E+11,,,10.383283,1.38251E+12
1/31/1983,3.91828E+11,,,10.345889,1.39363E+12
2/28/1983,3.92361E+11,,,10.345889,1.40139E+12
3/31/1983,3.95583E+11,,,10.345889,1.41541E+12
4/30/1983,3.98427E+11,,,10.37106,1.42749E+12
5/31/1983,3.99954E+11,,,10.37106,1.43979E+12
6/30/1983,4.04833E+11,,,10.37106,1.45637E+12
7/31/1983,4.09475E+11,,,10.377321,1.46721E+12
8/31/1983,4.13994E+11,,,10.377321,1.47964E+12
9/30/1983,4.17821E+11,,,10.377321,1.4911E+12
10/31/1983,4.23773E+11,,,10.427236,1.50757E+12
11/30/1983,4.29977E+11,,,10.427236,1.52294E+12
12/31/1983,4.37069E+11,,,10.427236,1.53365E+12
1/31/1984,4.41991E+11,,,10.489086,1.54003E+12
2/29/1984,4.51907E+11,,,10.489086,1.55994E+12
3/31/1984,4.5655E+11,,,10.489086,1.57509E+12
4/30/1984,4.62141E+11,,,10.623422,1.59241E+12
5/31/1984,4.72444E+11,,,10.623422,1.60849E+12
6/30/1984,4.80995E+11,,,10.623422,1.62181E+12
7/31/1984,4.87149E+11,,,10.736276,1.63426E+12
8/31/1984,4.94118E+11,,,10.736276,1.64325E+12
9/30/1984,4.98496E+11,,,10.736276,1.65552E+12
10/31/1984,5.04659E+11,,,10.894821,1.66711E+12
11/30/1984,5.10154E+11,,,10.894821,1.68182E+12
12/31/1984,5.17279E+11,,,10.894821,1.69577E+12
1/31/1985,5.23979E+11,0.63,4.61,11.235038,1.70364E+12
2/28/1985,5.32448E+11,0.63,4.61,11.235038,1.72138E+12
3/31/1985,5.41757E+11,0.63,4.61,11.235038,1.73522E+12
4/30/1985,5.49349E+11,0.82,4.92,11.320013,1.73669E+12
5/31/1985,5.55842E+11,0.82,4.92,11.320013,1.75359E+12
6/30/1985,5.61207E+11,0.82,4.92,11.320013,1.77079E+12
7/31/1985,5.67653E+11,0.9,4.91,11.60099,1.78259E+12
8/31/1985,5.73299E+11,0.9,4.91,11.60099,1.79128E+12
9/30/1985,5.82148E+11,0.9,4.91,11.60099,1.806E+12
10/31/1985,5.88307E+11,1.38,4.77,11.72598,1.81234E+12
11/30/1985,5.94478E+11,1.38,4.77,11.72598,1.83379E+12
12/31/1985,5.99711E+11,1.38,4.77,11.72598,1.85718E+12
1/31/1986,6.05703E+11,0.8,4.86,11.735722,1.88329E+12
2/28/1986,6.10678E+11,0.8,4.86,11.735722,1.88771E+12
3/31/1986,6.13377E+11,0.8,4.86,11.735722,1.90058E+12
4/30/1986,6.19658E+11,1.04,4.74,11.810776,1.91383E+12
5/31/1986,6.2582E+11,1.04,4.74,11.810776,1.92335E+12
6/30/1986,6.30056E+11,1.04,4.74,11.810776,1.93492E+12
7/31/1986,6.35151E+11,1.07,4.75,11.925098,1.95695E+12
8/31/1986,6.38904E+11,1.07,4.75,11.925098,1.97726E+12
9/30/1986,6.46023E+11,1.07,4.75,11.925098,1.99644E+12
10/31/1986,6.53787E+11,1.41,4.66,12.086648,1.99898E+12
11/30/1986,6.53767E+11,1.41,4.66,12.086648,2.01864E+12
12/31/1986,6.5475E+11,1.41,4.66,12.086648,2.05336E+12
1/31/1987,6.53267E+11,0.78,5.63,11.976906,2.07425E+12
2/28/1987,6.52532E+11,0.78,5.63,11.976906,2.07668E+12
3/31/1987,6.51198E+11,0.78,5.63,11.976906,2.08891E+12
4/30/1987,6.56401E+11,0.87,5.47,12.125118,2.11206E+12
5/31/1987,6.5847E+11,0.87,5.47,12.125118,2.12116E+12
6/30/1987,6.62898E+11,0.87,5.47,12.125118,2.12819E+12
7/31/1987,6.6766E+11,0.86,5.33,11.996017,2.13413E+12
8/31/1987,6.72225E+11,0.86,5.33,11.996017,2.14578E+12
9/30/1987,6.76211E+11,0.86,5.33,11.996017,2.16851E+12
10/31/1987,6.81184E+11,1.34,5.32,11.851825,2.18115E+12
11/30/1987,6.8471E+11,1.34,5.32,11.851825,2.18461E+12
12/31/1987,6.86319E+11,1.34,5.32,11.851825,2.19829E+12
1/31/1988,6.92271E+11,0.89,5.13,11.777922,2.21258E+12
2/29/1988,6.96387E+11,0.89,5.13,11.777922,2.22178E+12
3/31/1988,7.00701E+11,0.89,5.13,11.777922,2.23876E+12
4/30/1988,7.05868E+11,1.15,5.04,11.74815,2.25946E+12
5/31/1988,7.10046E+11,1.15,5.04,11.74815,2.27964E+12
6/30/1988,7.13189E+11,1.15,5.04,11.74815,2.29875E+12
7/31/1988,7.16113E+11,1.01,5.07,11.697093,2.31444E+12
8/31/1988,7.21536E+11,1.01,5.07,11.697093,2.32346E+12
9/30/1988,7.22948E+11,1.01,5.07,11.697093,2.32933E+12
10/31/1988,7.26105E+11,1.21,4.67,11.573993,2.34224E+12
11/30/1988,7.2966E+11,1.21,4.67,11.573993,2.35661E+12
12/31/1988,7.31918E+11,1.21,4.67,11.573993,2.36779E+12
1/31/1989,7.49023E+11,0.76,4.93,11.577244,2.3753E+12
2/28/1989,7.52893E+11,0.76,4.93,11.577244,2.39492E+12
3/31/1989,7.60018E+11,0.76,4.93,11.577244,2.40361E+12
4/30/1989,7.64712E+11,1.05,4.99,11.74696,2.4215E+12
5/31/1989,7.69276E+11,1.05,4.99,11.74696,2.43857E+12
6/30/1989,7.73227E+11,1.05,4.99,11.74696,2.45055E+12
7/31/1989,7.7626E+11,0.97,5.05,11.810156,2.47148E+12
8/31/1989,7.78877E+11,0.97,5.05,11.810156,2.48723E+12
9/30/1989,7.81822E+11,0.97,5.05,11.810156,2.49893E+12
10/31/1989,7.85546E+11,1.91,4.94,11.760331,2.5189E+12
11/30/1989,7.90297E+11,1.91,4.94,11.760331,2.53002E+12
12/31/1989,7.94612E+11,1.91,4.94,11.760331,2.53852E+12
1/31/1990,7.97715E+11,1.3,5.03,11.65986,2.55319E+12
2/28/1990,7.98773E+11,1.3,5.03,11.65986,2.5717E+12
3/31/1990,7.98748E+11,1.3,5.03,11.65986,2.58194E+12
4/30/1990,7.98747E+11,1.65,5.08,11.606506,2.59527E+12
5/31/1990,7.99751E+11,1.65,5.08,11.606506,2.6071E+12
6/30/1990,8.02893E+11,1.65,5.08,11.606506,2.62375E+12
7/31/1990,8.06888E+11,1.16,5.38,11.583384,2.63066E+12
8/31/1990,8.08759E+11,1.16,5.38,11.583384,2.64114E+12
9/30/1990,8.10436E+11,1.16,5.38,11.583384,2.64692E+12
10/31/1990,8.12655E+11,1.66,5.99,11.598423,2.65606E+12
11/30/1990,8.13663E+11,1.66,5.99,11.598423,2.66196E+12
12/31/1990,8.08231E+11,1.66,5.99,11.598423,2.67297E+12
1/31/1991,8.06601E+11,1.2,6.13,11.565484,2.67139E+12
2/28/1991,8.0703E+11,1.2,6.13,11.565484,2.68117E+12
3/31/1991,8.08352E+11,1.2,6.13,11.565484,2.69732E+12
4/30/1991,8.07819E+11,1.71,6.2,11.419594,2.69968E+12
5/31/1991,8.07832E+11,1.71,6.2,11.419594,2.70295E+12
6/30/1991,8.05995E+11,1.71,6.2,11.419594,2.71151E+12
7/31/1991,8.04028E+11,1.66,6,11.306831,2.71156E+12
8/31/1991,8.02022E+11,1.66,6,11.306831,2.71072E+12
9/30/1991,8.00889E+11,1.66,6,11.306831,2.72218E+12
10/31/1991,7.98617E+11,1.87,5.83,11.110772,2.73876E+12
11/30/1991,7.98275E+11,1.87,5.83,11.110772,2.75407E+12
12/31/1991,7.98029E+11,1.87,5.83,11.110772,2.76986E+12
1/31/1992,7.98983E+11,1.25,5.55,10.858007,2.77803E+12
2/29/1992,7.9964E+11,1.25,5.55,10.858007,2.78326E+12
3/31/1992,7.99442E+11,1.25,5.55,10.858007,2.78839E+12
4/30/1992,7.97658E+11,1.21,5.43,10.688985,2.79581E+12
5/31/1992,7.97668E+11,1.21,5.43,10.688985,2.80175E+12
6/30/1992,7.97276E+11,1.21,5.43,10.688985,2.80596E+12
7/31/1992,7.98068E+11,1.32,5.22,10.551259,2.81224E+12
8/31/1992,7.99824E+11,1.32,5.22,10.551259,2.82157E+12
9/30/1992,8.00199E+11,1.32,5.22,10.551259,2.83344E+12
10/31/1992,7.99556E+11,1.42,4.85,10.467593,2.83926E+12
11/30/1992,8.02698E+11,1.42,4.85,10.467593,2.84854E+12
12/31/1992,8.06119E+11,1.42,4.85,10.467593,2.86064E+12
1/31/1993,8.09325E+11,0.86,4.52,10.430733,2.85967E+12
2/28/1993,8.14059E+11,0.86,4.52,10.430733,2.86957E+12
3/31/1993,8.13656E+11,0.86,4.52,10.430733,2.88274E+12
4/30/1993,8.19757E+11,0.9,4.21,10.365702,2.89231E+12
5/31/1993,8.19759E+11,0.9,4.21,10.365702,2.90983E+12
6/30/1993,8.23812E+11,0.9,4.21,10.365702,2.92898E+12
7/31/1993,8.29519E+11,0.76,3.87,10.417195,2.94447E+12
8/31/1993,8.34236E+11,0.76,3.87,10.417195,2.95369E+12
9/30/1993,8.40603E+11,0.76,3.87,10.417195,2.96037E+12
10/31/1993,8.47617E+11,0.92,3.38,10.380138,2.96356E+12
11/30/1993,8.56523E+11,0.92,3.38,10.380138,2.97516E+12
12/31/1993,8.65651E+11,0.92,3.38,10.380138,2.99349E+12
1/31/1994,8.72022E+11,0.49,3.17,10.401077,3.00572E+12
2/28/1994,8.80353E+11,0.49,3.17,10.401077,3.00828E+12
3/31/1994,8.91333E+11,0.49,3.17,10.401077,3.03848E+12
4/30/1994,9.0099E+11,0.58,2.87,10.466155,3.0571E+12
5/31/1994,9.12864E+11,0.58,2.87,10.466155,3.06203E+12
6/30/1994,9.24216E+11,0.58,2.87,10.466155,3.07735E+12
7/31/1994,9.31135E+11,0.43,2.66,10.60019,3.10377E+12
8/31/1994,9.44803E+11,0.43,2.66,10.60019,3.11625E+12
9/30/1994,9.57376E+11,0.43,2.66,10.60019,3.12924E+12
10/31/1994,9.68469E+11,0.56,2.52,10.713335,3.13983E+12
11/30/1994,9.81426E+11,0.56,2.52,10.713335,3.15046E+12
12/31/1994,9.97302E+11,0.56,2.52,10.713335,3.17433E+12
1/31/1995,1.0104E+12,0.39,2.54,10.903623,3.19967E+12
2/28/1995,1.01856E+12,0.39,2.54,10.903623,3.2065E+12
3/31/1995,1.03363E+12,0.39,2.54,10.903623,3.21721E+12
4/30/1995,1.0437E+12,0.45,2.51,11.096832,3.27047E+12
5/31/1995,1.05747E+12,0.45,2.51,11.096832,3.28906E+12
6/30/1995,1.06938E+12,0.45,2.51,11.096832,3.30669E+12
7/31/1995,1.07774E+12,0.52,2.51,11.203198,3.33319E+12
8/31/1995,1.0896E+12,0.52,2.51,11.203198,3.35447E+12
9/30/1995,1.10661E+12,0.52,2.51,11.203198,3.37267E+12
10/31/1995,1.11353E+12,0.63,2.47,11.242819,3.37518E+12
11/30/1995,1.13216E+12,0.63,2.47,11.242819,3.38664E+12
12/31/1995,1.14074E+12,0.63,2.47,11.242819,3.40116E+12
1/31/1996,1.15327E+12,0.56,2.43,11.263491,3.4174E+12
2/29/1996,1.16309E+12,0.56,2.43,11.263491,3.43256E+12
3/31/1996,1.17168E+12,0.56,2.43,11.263491,3.44143E+12
4/30/1996,1.1809E+12,0.57,2.47,11.292664,3.46126E+12
5/31/1996,1.19111E+12,0.57,2.47,11.292664,3.46888E+12
6/30/1996,1.20095E+12,0.57,2.47,11.292664,3.48327E+12
7/31/1996,1.2119E+12,0.57,2.43,11.341343,3.48807E+12
8/31/1996,1.2205E+12,0.57,2.43,11.341343,3.4979E+12
9/30/1996,1.22527E+12,0.57,2.43,11.341343,3.5204E+12
10/31/1996,1.23134E+12,0.65,2.4,11.400413,3.54886E+12
11/30/1996,1.24242E+12,0.65,2.4,11.400413,3.56758E+12
12/31/1996,1.25344E+12,0.65,2.4,11.400413,3.58809E+12
1/31/1997,1.25837E+12,0.59,2.37,11.36194,3.61144E+12
2/28/1997,1.26185E+12,0.59,2.37,11.36194,3.62724E+12
3/31/1997,1.26415E+12,0.59,2.37,11.36194,3.65902E+12
4/30/1997,1.27409E+12,0.62,2.31,11.364968,3.69919E+12
5/31/1997,1.27868E+12,0.62,2.31,11.364968,3.72318E+12
6/30/1997,1.28286E+12,0.62,2.31,11.364968,3.74893E+12
7/31/1997,1.28878E+12,0.65,2.25,11.373444,3.77324E+12
8/31/1997,1.29422E+12,0.65,2.25,11.373444,3.78645E+12
9/30/1997,1.30163E+12,0.65,2.25,11.373444,3.81348E+12
10/31/1997,1.30939E+12,0.68,2.26,11.323085,3.8289E+12
11/30/1997,1.31246E+12,0.68,2.26,11.323085,3.86432E+12
12/31/1997,1.32476E+12,0.68,2.26,11.323085,3.88615E+12
1/31/1998,1.32004E+12,0.61,2.25,11.176228,3.92439E+12
2/28/1998,1.32434E+12,0.61,2.25,11.176228,3.9554E+12
3/31/1998,1.3329E+12,0.61,2.25,11.176228,3.99694E+12
4/30/1998,1.36046E+12,0.6,2.2,11.195718,4.00697E+12
5/31/1998,1.36308E+12,0.6,2.2,11.195718,4.02573E+12
6/30/1998,1.37394E+12,0.6,2.2,11.195718,4.04111E+12
7/31/1998,1.38072E+12,0.69,2.19,11.183267,4.05346E+12
8/31/1998,1.38667E+12,0.69,2.19,11.183267,4.09648E+12
9/30/1998,1.39729E+12,0.69,2.19,11.183267,4.12293E+12
10/31/1998,1.4054E+12,0.7,2.2,11.2519,4.17293E+12
11/30/1998,1.40844E+12,0.7,2.2,11.2519,4.22867E+12
12/31/1998,1.421E+12,0.7,2.2,11.2519,4.23938E+12
1/31/1999,1.43124E+12,0.6,2.19,11.306154,4.24767E+12
2/28/1999,1.44131E+12,0.6,2.19,11.306154,4.23958E+12
3/31/1999,1.45088E+12,0.6,2.19,11.306154,4.26315E+12
4/30/1999,1.45767E+12,0.54,2.17,11.474377,4.27731E+12
5/31/1999,1.46815E+12,0.54,2.17,11.474377,4.2853E+12
6/30/1999,1.47932E+12,0.54,2.17,11.474377,4.31695E+12
7/31/1999,1.49238E+12,0.57,2.21,11.593912,4.3293E+12
8/31/1999,1.50323E+12,0.57,2.21,11.593912,4.35158E+12
9/30/1999,1.51106E+12,0.57,2.21,11.593912,4.38245E+12
10/31/1999,1.51728E+12,0.7,2.05,11.602639,4.41303E+12
11/30/1999,1.52533E+12,0.7,2.05,11.602639,4.45063E+12
12/31/1999,1.53111E+12,0.7,2.05,11.602639,4.50501E+12
1/31/2000,1.53852E+12,0.56,2.08,11.581974,4.54003E+12
2/29/2000,1.54919E+12,0.56,2.08,11.581974,4.56329E+12
3/31/2000,1.56145E+12,0.56,2.08,11.581974,4.61601E+12
4/30/2000,1.57053E+12,0.57,2.14,11.727593,4.65806E+12
5/31/2000,1.58351E+12,0.57,2.14,11.727593,4.70642E+12
6/30/2000,1.60955E+12,0.57,2.14,11.727593,4.74563E+12
7/31/2000,1.62975E+12,0.6,2.2,11.883636,4.77743E+12
8/31/2000,1.65162E+12,0.6,2.2,11.883636,4.80198E+12
9/30/2000,1.669E+12,0.6,2.2,11.883636,4.82518E+12
10/31/2000,1.6846E+12,0.91,2.34,12.07207,4.81545E+12
11/30/2000,1.70094E+12,0.91,2.34,12.07207,4.82995E+12
12/31/2000,1.71697E+12,0.91,2.34,12.07207,4.86627E+12
1/31/2001,1.72985E+12,0.71,2.42,12.175219,4.90185E+12
2/28/2001,1.7487E+12,0.71,2.42,12.175219,4.90531E+12
3/31/2001,1.76054E+12,0.71,2.42,12.175219,4.91465E+12
4/30/2001,1.7731E+12,0.81,2.55,12.386421,4.93313E+12
5/31/2001,1.78118E+12,0.81,2.55,12.386421,4.95361E+12
6/30/2001,1.79237E+12,0.81,2.55,12.386421,4.952E+12
7/31/2001,1.79735E+12,0.95,2.72,12.329806,4.94988E+12
8/31/2001,1.80636E+12,0.95,2.72,12.329806,4.94768E+12
9/30/2001,1.81425E+12,0.95,2.72,12.329806,5.02655E+12
10/31/2001,1.82984E+12,1.29,2.74,12.682582,4.99998E+12
11/30/2001,1.85784E+12,1.29,2.74,12.682582,5.02879E+12
12/31/2001,1.86785E+12,1.29,2.74,12.682582,5.06627E+12
1/31/2002,1.86742E+12,1.08,2.75,12.456402,5.04617E+12
2/28/2002,1.88191E+12,1.08,2.75,12.456402,5.05666E+12
3/31/2002,1.89469E+12,1.08,2.75,12.456402,5.07054E+12
4/30/2002,1.90396E+12,1.05,2.75,12.362782,5.07768E+12
5/31/2002,1.91461E+12,1.05,2.75,12.362782,5.08431E+12
6/30/2002,1.92718E+12,1.05,2.75,12.362782,5.11527E+12
7/31/2002,1.93921E+12,1.09,2.69,12.374393,5.13803E+12
8/31/2002,1.9475E+12,1.09,2.69,12.374393,5.19733E+12
9/30/2002,1.95065E+12,1.09,2.69,12.374393,5.2551E+12
10/31/2002,1.95715E+12,1.06,2.57,12.341276,5.33367E+12
11/30/2002,1.96518E+12,1.06,2.57,12.341276,5.39437E+12
12/31/2002,1.97211E+12,1.06,2.57,12.341276,5.45765E+12
1/31/2003,1.98256E+12,0.88,2.54,12.358857,5.47223E+12
2/28/2003,1.99341E+12,0.88,2.54,12.358857,5.51112E+12
3/31/2003,2.00121E+12,0.88,2.54,12.358857,5.54059E+12
4/30/2003,2.0141E+12,0.86,2.42,12.29993,5.58616E+12
5/31/2003,2.0275E+12,0.86,2.42,12.29993,5.64761E+12
6/30/2003,2.03327E+12,0.86,2.42,12.29993,5.69382E+12
7/31/2003,2.04006E+12,0.79,2.22,12.144751,5.73104E+12
8/31/2003,2.04912E+12,0.79,2.22,12.144751,5.73432E+12
9/30/2003,2.05709E+12,0.79,2.22,12.144751,5.72948E+12
10/31/2003,2.0655E+12,0.9,2.15,12.215914,5.69981E+12
11/30/2003,2.0664E+12,0.9,2.15,12.215914,5.72641E+12
12/31/2003,2.07736E+12,0.9,2.15,12.215914,5.79017E+12
1/31/2004,2.08824E+12,0.65,1.96,12.219274,5.81976E+12
2/29/2004,2.09534E+12,0.65,1.96,12.219274,5.90408E+12
3/31/2004,2.10972E+12,0.65,1.96,12.219274,5.98043E+12
4/30/2004,2.11272E+12,0.58,1.86,12.157168,6.03488E+12
5/31/2004,2.12084E+12,0.58,1.86,12.157168,6.06588E+12
6/30/2004,2.12799E+12,0.58,1.86,12.157168,6.10723E+12
7/31/2004,2.13709E+12,0.53,1.74,12.272636,6.13407E+12
8/31/2004,2.14344E+12,0.53,1.74,12.272636,6.16689E+12
9/30/2004,2.16015E+12,0.53,1.74,12.272636,6.22781E+12
10/31/2004,2.17672E+12,0.62,1.64,12.277015,6.26072E+12
11/30/2004,2.18375E+12,0.62,1.64,12.277015,6.30149E+12
12/31/2004,2.19225E+12,0.62,1.64,12.277015,6.37519E+12
1/31/2005,2.19678E+12,0.49,1.6,14.799802,6.49483E+12
2/28/2005,2.21156E+12,0.49,1.6,14.799802,6.55679E+12
3/31/2005,2.2202E+12,0.49,1.6,14.799802,6.62751E+12
4/30/2005,2.23254E+12,0.45,1.57,14.828576,6.6607E+12
5/31/2005,2.23267E+12,0.45,1.57,14.828576,6.71721E+12
6/30/2005,2.24783E+12,0.45,1.57,14.828576,6.75045E+12
7/31/2005,2.25723E+12,0.57,1.56,15.139959,6.83886E+12
8/31/2005,2.26704E+12,0.57,1.56,15.139959,6.89905E+12
9/30/2005,2.27163E+12,0.57,1.56,15.139959,6.93749E+12
10/31/2005,2.27684E+12,0.64,1.54,15.02855,6.97421E+12
11/30/2005,2.28366E+12,0.64,1.54,15.02855,6.99345E+12
12/31/2005,2.29093E+12,0.64,1.54,15.02855,7.07244E+12
1/31/2006,2.36747E+12,0.34,1.51,14.989443,7.12206E+12
2/28/2006,2.37498E+12,0.34,1.51,14.989443,7.17274E+12
3/31/2006,2.38581E+12,0.34,1.51,14.989443,7.22045E+12
4/30/2006,2.39768E+12,0.37,1.51,15.044255,7.31649E+12
5/31/2006,2.40716E+12,0.37,1.51,15.044255,7.3945E+12
6/30/2006,2.39581E+12,0.37,1.51,15.044255,7.43241E+12
7/31/2006,2.4031E+12,0.42,1.58,15.367228,7.47483E+12
8/31/2006,2.41573E+12,0.42,1.58,15.367228,7.52669E+12
9/30/2006,2.42681E+12,0.42,1.58,15.367228,7.54389E+12
10/31/2006,2.4294E+12,0.49,1.69,15.509711,7.70683E+12
11/30/2006,2.44075E+12,0.49,1.69,15.509711,7.75243E+12
12/31/2006,2.45672E+12,0.49,1.69,15.509711,7.84057E+12
1/31/2007,2.45795E+12,0.47,1.74,15.526607,7.88749E+12
2/28/2007,2.47005E+12,0.47,1.74,15.526607,7.93567E+12
3/31/2007,2.48443E+12,0.47,1.74,15.526607,7.89296E+12
4/30/2007,2.49373E+12,0.5,1.87,15.63251,7.95246E+12
5/31/2007,2.51002E+12,0.5,1.87,15.63251,7.99283E+12
6/30/2007,2.51912E+12,0.5,1.87,15.63251,8.05989E+12
7/31/2007,2.53367E+12,0.57,2.14,15.712123,8.1298E+12
8/31/2007,2.55277E+12,0.57,2.14,15.712123,8.23507E+12
9/30/2007,2.567E+12,0.57,2.14,15.712123,8.34995E+12
10/31/2007,2.58233E+12,0.86,2.47,15.846367,8.44211E+12
11/30/2007,2.59765E+12,0.86,2.47,15.846367,8.5191E+12
12/31/2007,2.60948E+12,0.86,2.47,15.846367,8.57366E+12
1/31/2008,2.61943E+12,0.95,2.86,15.775857,8.59572E+12
2/29/2008,2.6345E+12,0.95,2.86,15.775857,8.64382E+12
3/31/2008,2.6456E+12,0.95,2.86,15.775857,8.6895E+12
4/30/2008,2.65424E+12,1.24,3.32,15.326612,8.70015E+12
5/31/2008,2.66019E+12,1.24,3.32,15.326612,8.6989E+12
6/30/2008,2.66241E+12,1.24,3.32,15.326612,8.69395E+12
7/31/2008,2.66532E+12,1.51,3.72,15.546547,8.69395E+12
8/31/2008,2.66224E+12,1.51,3.72,15.546547,8.68486E+12
9/30/2008,2.65739E+12,1.51,3.72,15.546547,8.81861E+12
10/31/2008,2.66073E+12,2.05,4.75,15.72136,9.19747E+12
11/30/2008,2.65148E+12,2.05,4.75,15.72136,9.10439E+12
12/31/2008,2.64379E+12,2.05,4.75,15.72136,9.03106E+12
1/31/2009,2.64703E+12,2,5.64,15.5975,9.03925E+12
2/28/2009,2.63853E+12,2,5.64,15.5975,9.06591E+12
3/31/2009,2.62283E+12,2,5.64,15.5975,9.03487E+12
4/30/2009,2.61597E+12,2.64,6.37,15.251967,8.99623E+12
5/31/2009,2.61001E+12,2.64,6.37,15.251967,9.04218E+12
6/30/2009,2.59148E+12,2.64,6.37,15.251967,9.0267E+12
7/31/2009,2.59085E+12,2.82,6.94,15.08588,8.96543E+12
8/31/2009,2.58213E+12,2.82,6.94,15.08588,8.91784E+12
9/30/2009,2.57659E+12,2.82,6.94,15.08588,8.83811E+12
10/31/2009,2.56342E+12,3.14,7.3,14.896385,8.76464E+12
11/30/2009,2.55157E+12,3.14,7.3,14.896385,8.81981E+12
12/31/2009,2.55502E+12,3.14,7.3,14.896385,8.78006E+12
1/31/2010,2.54351E+12,2.92,7.4,14.51494,8.71182E+12
2/28/2010,2.53002E+12,2.92,7.4,14.51494,8.64899E+12
3/31/2010,2.53655E+12,2.92,7.4,14.51494,8.70072E+12
4/30/2010,2.53276E+12,2.83,7.21,14.069775,9.01836E+12
5/31/2010,2.52169E+12,2.83,7.21,14.069775,8.96729E+12
6/30/2010,2.51842E+12,2.83,7.21,14.069775,8.93035E+12
7/31/2010,2.5211E+12,2.49,6.89,13.917807,8.96226E+12
8/31/2010,2.52042E+12,2.49,6.89,13.917807,8.99026E+12
9/30/2010,2.52209E+12,2.49,6.89,13.917807,8.98525E+12
10/31/2010,2.53011E+12,2.39,6.38,13.580863,9.00391E+12
11/30/2010,2.53123E+12,2.39,6.38,13.580863,9.01583E+12
12/31/2010,2.64681E+12,2.39,6.38,13.580863,8.97983E+12
1/31/2011,2.65736E+12,1.92,6.2,13.30846,8.94918E+12
2/28/2011,2.66378E+12,1.92,6.2,13.30846,8.91309E+12
3/31/2011,2.67203E+12,1.92,6.2,13.30846,8.91126E+12
4/30/2011,2.67995E+12,1.65,5.96,13.057706,8.92902E+12
5/31/2011,2.68397E+12,1.65,5.96,13.057706,8.92618E+12
6/30/2011,2.69309E+12,1.65,5.96,13.057706,8.9263E+12
7/31/2011,2.71753E+12,1.53,5.7,12.944597,8.94593E+12
8/31/2011,2.70915E+12,1.53,5.7,12.944597,8.98709E+12
9/30/2011,2.72006E+12,1.53,5.7,12.944597,9.00657E+12
10/31/2011,2.72796E+12,1.43,5.46,12.749684,9.04583E+12
11/30/2011,2.7468E+12,1.43,5.46,12.749684,9.08924E+12
12/31/2011,2.75622E+12,1.43,5.46,12.749684,9.10517E+12
1/31/2012,2.77012E+12,1.17,5.27,12.237057,9.1781E+12
2/29/2012,2.77764E+12,1.17,5.27,12.237057,9.27058E+12
3/31/2012,2.79157E+12,1.17,5.27,12.237057,9.29752E+12
4/30/2012,2.80232E+12,1.11,5.13,12.034062,9.33574E+12
5/31/2012,2.81798E+12,1.11,5.13,12.034062,9.36565E+12
6/30/2012,2.82985E+12,1.11,5.13,12.034062,9.38512E+12
7/31/2012,2.84005E+12,1.2,5.04,12.083103,9.43103E+12
8/31/2012,2.8571E+12,1.2,5.04,12.083103,9.46715E+12
9/30/2012,2.86579E+12,1.2,5.04,12.083103,9.49898E+12
10/31/2012,2.88178E+12,0.99,4.65,11.754027,9.51636E+12
11/30/2012,2.90335E+12,0.99,4.65,11.754027,9.57394E+12
12/31/2012,2.91291E+12,0.99,4.65,11.754027,9.62407E+12
1/31/2013,2.93138E+12,0.83,4.41,12.006595,9.65249E+12
2/28/2013,2.95348E+12,0.83,4.41,12.006595,9.66491E+12
3/31/2013,2.96315E+12,0.83,4.41,12.006595,9.66889E+12
4/30/2013,2.97277E+12,0.71,4.14,11.794388,9.72741E+12
5/31/2013,2.98866E+12,0.71,4.14,11.794388,9.72502E+12
6/30/2013,3.00094E+12,0.71,4.14,11.794388,9.73431E+12
7/31/2013,3.0147E+12,0.61,3.77,11.837711,9.72509E+12
8/31/2013,3.03027E+12,0.61,3.77,11.837711,9.7151E+12
9/30/2013,3.04586E+12,0.61,3.77,11.837711,9.72662E+12
10/31/2013,3.06338E+12,0.61,3.52,11.985283,9.75782E+12
11/30/2013,3.07588E+12,0.61,3.52,11.985283,9.791E+12
12/31/2013,3.09047E+12,0.61,3.52,11.985283,9.82505E+12
1/31/2014,3.113E+12,0.52,3.31,11.88375,9.85853E+12
2/28/2014,3.13389E+12,0.52,3.31,11.88375,9.93806E+12
3/31/2014,3.1507E+12,0.52,3.31,11.88375,1.00129E+13
4/30/2014,3.17323E+12,0.49,3.08,11.621125,1.00573E+13
5/31/2014,3.19255E+12,0.49,3.08,11.621125,1.01145E+13
6/30/2014,3.2099E+12,0.49,3.08,11.621125,1.01814E+13
7/31/2014,3.23154E+12,0.45,2.9,11.64693,1.0249E+13
8/31/2014,3.24872E+12,0.45,2.9,11.64693,1.03007E+13
9/30/2014,3.2651E+12,0.45,2.9,11.64693,1.03545E+13
10/31/2014,3.27544E+12,0.48,2.7,11.631975,1.03833E+13
11/30/2014,3.28305E+12,0.48,2.7,11.631975,1.04415E+13
12/31/2014,3.30954E+12,0.48,2.7,11.631975,1.05368E+13
1/31/2015,3.31989E+12,0.42,2.49,11.556603,1.06218E+13
2/28/2015,3.33783E+12,0.42,2.49,11.556603,1.07068E+13
3/31/2015,3.36054E+12,0.42,2.49,11.556603,1.07974E+13
4/30/2015,3.38266E+12,0.4,2.39,11.485104,1.08614E+13
5/31/2015,3.39938E+12,0.4,2.39,11.485104,1.09278E+13
6/30/2015,3.42526E+12,0.4,2.39,11.485104,1.09844E+13
7/31/2015,3.4442E+12,0.39,2.28,11.606452,1.10097E+13
8/31/2015,3.46029E+12,0.39,2.28,11.606452,1.10759E+13
9/30/2015,3.48792E+12,0.39,2.28,11.606452,1.11157E+13
10/31/2015,3.50284E+12,0.47,2.19,11.738945,1.11769E+13
11/30/2015,3.51063E+12,0.47,2.19,11.738945,1.12602E+13
12/31/2015,3.40022E+12,0.47,2.19,11.738945,1.13421E+13
1/31/2016,3.41974E+12,0.44,2.17,11.763217,1.14029E+13
2/29/2016,3.43852E+12,0.44,2.17,11.763217,1.14749E+13
3/31/2016,3.46619E+12,0.44,2.17,11.763217,1.15595E+13
4/30/2016,3.4862E+12,0.44,2.14,11.766079,1.16346E+13
5/31/2016,3.50371E+12,0.44,2.14,11.766079,1.17137E+13
6/30/2016,3.52404E+12,0.44,2.14,11.766079,1.17804E+13
7/31/2016,3.54282E+12,0.43,2.07,11.769821,1.18614E+13
8/31/2016,3.56545E+12,0.43,2.07,11.769821,1.19052E+13
9/30/2016,3.58641E+12,0.43,2.07,11.769821,1.19875E+13
10/31/2016,3.60152E+12,0.51,2.03,11.865783,1.20607E+13
11/30/2016,3.61824E+12,0.51,2.03,11.865783,1.20792E+13
12/31/2016,3.63644E+12,0.51,2.03,11.865783,1.20744E+13
1/31/2017,3.65334E+12,0.47,1.93,11.723728,1.21078E+13
2/28/2017,3.67002E+12,0.47,1.93,11.723728,1.21501E+13
3/31/2017,3.68531E+12,0.47,1.93,11.723728,1.21654E+13
4/30/2017,3.6993E+12,0.45,1.85,11.75695,1.21973E+13
5/31/2017,3.71337E+12,0.45,1.85,11.75695,1.2242E+13
6/30/2017,3.72904E+12,0.45,1.85,11.75695,1.22489E+13
7/31/2017,3.74491E+12,0.44,1.83,11.818401,1.22945E+13
8/31/2017,3.75852E+12,0.44,1.83,11.818401,1.23261E+13
9/30/2017,3.77331E+12,0.44,1.83,11.818401,1.23781E+13
10/31/2017,3.79696E+12,0.52,1.79,11.816667,1.24428E+13
11/30/2017,3.81625E+12,0.52,1.79,11.816667,1.24802E+13
12/31/2017,3.83075E+12,0.52,1.79,11.816667,1.25344E+13
1/31/2018,3.84782E+12,0.47,1.72,11.64453,1.2552E+13
2/28/2018,3.8638E+12,0.47,1.72,11.64453,1.25587E+13
3/31/2018,3.87606E+12,0.47,1.72,11.64453,1.2572E+13
4/30/2018,3.88349E+12,0.45,1.65,11.598338,1.26343E+13
5/31/2018,3.90053E+12,0.45,1.65,11.598338,1.26655E+13
6/30/2018,3.90253E+12,0.45,1.65,11.598338,1.27427E+13
7/31/2018,3.9247E+12,0.43,1.6,11.619535,1.27859E+13
8/31/2018,3.9459E+12,0.43,1.6,11.619535,1.28025E+13
9/30/2018,3.9577E+12,0.43,1.6,11.619535,1.28454E+13
10/31/2018,3.97629E+12,0.48,1.52,11.666344,1.28919E+13
11/30/2018,3.99171E+12,0.48,1.52,11.666344,1.29419E+13
12/31/2018,4.00704E+12,0.48,1.52,11.666344,1.30621E+13
1/31/2019,4.02712E+12,0.47,1.53,11.49987,1.31587E+13
2/28/2019,4.03972E+12,0.47,1.53,11.49987,1.32051E+13
3/31/2019,4.05198E+12,0.47,1.53,11.49987,1.32552E+13
4/30/2019,4.06855E+12,0.47,1.5,11.626952,1.33165E+13
5/31/2019,4.08337E+12,0.47,1.5,11.626952,1.33834E+13
6/30/2019,4.09401E+12,0.47,1.5,11.626952,1.3454E+13
7/31/2019,4.11772E+12,0.48,1.47,11.646524,1.35085E+13
8/31/2019,4.13433E+12,0.48,1.47,11.646524,1.35981E+13
9/30/2019,4.14634E+12,0.48,1.47,11.646524,1.37053E+13
10/31/2019,4.16363E+12,0.52,1.42,11.727526,1.37459E+13
11/30/2019,4.1647E+12,0.52,1.42,11.727526,1.38068E+13
12/31/2019,4.19219E+12,0.52,1.42,11.727526,1.38454E+13
1/31/2020,4.20719E+12,0.53,1.5,11.587379,1.38636E+13
2/29/2020,4.22043E+12,0.53,1.5,11.587379,1.39293E+13
3/31/2020,4.20611E+12,0.53,1.5,11.587379,1.43974E+13
4/30/2020,4.14159E+12,0.55,1.55,9.739372,1.47688E+13
5/31/2020,4.12508E+12,0.55,1.55,9.739372,1.48515E+13
6/30/2020,4.13725E+12,0.55,1.55,9.739372,1.48497E+13
7/31/2020,4.15307E+12,0.46,1.59,10.067065,1.49045E+13
8/31/2020,4.14908E+12,0.46,1.59,10.067065,1.49261E+13
9/30/2020,4.16454E+12,0.46,1.59,10.067065,1.49646E+13
10/31/2020,4.16978E+12,0.41,1.58,10.404484,1.49633E+13
11/30/2020,4.17123E+12,0.41,1.58,10.404484,1.50151E+13
12/31/2020,4.18485E+12,0.41,1.58,10.404484,1.50348E+13
1/31/2021,4.1932E+12,0.33,1.47,9.084982,1.5105E+13
2/28/2021,4.21229E+12,0.33,1.47,9.084982,1.52205E+13
3/31/2021,4.22546E+12,0.33,1.47,9.084982,1.53387E+13
4/30/2021,4.24246E+12,0.26,1.37,9.889169,1.54181E+13
5/31/2021,4.27377E+12,0.26,1.37,9.889169,1.55562E+13
6/30/2021,4.4248E+12,0.26,1.37,9.889169,1.56045E+13
7/31/2021,4.44096E+12,0.19,1.3,10.057423,1.56707E+13
8/31/2021,4.45891E+12,0.19,1.3,10.057423,1.57718E+13
9/30/2021,4.48264E+12,0.19,1.3,10.057423,1.58917E+13
10/31/2021,4.49922E+12,0.2,1.26,10.281331,1.60694E+13
11/30/2021,4.52481E+12,0.2,1.26,10.281331,1.62183E+13
12/31/2021,4.54853E+12,0.2,1.26,10.281331,1.64022E+13
1/31/2022,4.56255E+12,0.22,1.23,10.512948,1.6556E+13
2/28/2022,4.59324E+12,0.22,1.23,10.512948,1.66548E+13
3/31/2022,4.63491E+12,0.22,1.23,10.512948,1.67949E+13
4/30/2022,4.66807E+12,0.22,1.22,10.719184,1.69133E+13
5/31/2022,4.69743E+12,0.22,1.22,10.719184,1.70337E+13
6/30/2022,4.73521E+12,0.22,1.22,10.719184,1.71609E+13
7/31/2022,4.75738E+12,0.25,1.2,10.598597,1.72704E+13
8/31/2022,4.78693E+12,0.25,1.2,10.598597,1.73395E+13
9/30/2022,4.81375E+12,0.25,1.2,10.598597,1.73554E+13
10/31/2022,4.84555E+12,0.35,1.19,10.78019,1.7369E+13
11/30/2022,4.87625E+12,0.35,1.19,10.78019,1.74007E+13
12/31/2022,4.89426E+12,0.35,1.19,10.78019,1.75118E+13
1/31/2023,4.90977E+12,0.39,1.21,10.635344,1.75369E+13
2/28/2023,4.92004E+12,0.39,1.21,10.635344,1.75685E+13
3/31/2023,4.94434E+12,0.39,1.21,10.635344,1.7457E+13
4/30/2023,4.95673E+12,0.46,1.25,10.675248,1.7335E+13
5/31/2023,4.96198E+12,0.46,1.25,10.675248,1.73289E+13
6/30/2023,4.98541E+12,0.46,1.25,10.675248,1.7288E+13
7/31/2023,4.9942E+12,0.49,1.34,10.866162,1.72791E+13
8/31/2023,4.9803E+12,0.49,1.34,10.866162,1.72803E+13
9/30/2023,4.99011E+12,0.49,1.34,10.866162,1.72869E+13
10/31/2023,5.00067E+12,0.63,1.37,11.230787,1.7281E+13
11/30/2023,5.02464E+12,0.63,1.37,11.230787,1.72743E+13
12/31/2023,5.02371E+12,0.63,1.37,11.230787,1.73517E+13
1/31/2024,5.03815E+12,0.63,1.43,11.160266,1.73963E+13
2/29/2024,5.04869E+12,0.63,1.43,11.160266,1.74399E+13
3/31/2024,5.0489E+12,0.63,1.43,11.160266,1.75533E+13
4/30/2024,5.05256E+12,0.65,1.48,11.159142,1.75353E+13
5/31/2024,5.06124E+12,0.65,1.48,11.159142,1.75754E+13
6/30/2024,5.06321E+12,0.65,1.48,11.159142,1.76647E+13
7/31/2024,5.08087E+12,0.64,1.52,11.313115,1.77281E+13
8/31/2024,5.08925E+12,0.64,1.52,11.313115,1.77975E+13
9/30/2024,5.09351E+12,0.64,1.52,11.313115,1.78528E+13
10/31/2024,5.10444E+12,0.67,1.62,11.284959,1.79308E+13
11/30/2024,5.09886E+12,0.67,1.62,11.284959,1.79291E+13
12/31/2024,4.98887E+12,0.67,1.62,11.284959,1.79539E+13
1/31/2025,4.99778E+12,,,,1.79623E+13
2/28/2025,4.99697E+12,,,,
