date,btc_price,btc_volume,btc_market_cap,eth_price,eth_volume,eth_market_cap
1/31/1950,,,,,,
2/28/1950,,,,,,
3/31/1950,,,,,,
4/30/1950,,,,,,
5/31/1950,,,,,,
6/30/1950,,,,,,
7/31/1950,,,,,,
8/31/1950,,,,,,
9/30/1950,,,,,,
10/31/1950,,,,,,
11/30/1950,,,,,,
12/31/1950,,,,,,
1/31/1951,,,,,,
2/28/1951,,,,,,
3/31/1951,,,,,,
4/30/1951,,,,,,
5/31/1951,,,,,,
6/30/1951,,,,,,
7/31/1951,,,,,,
8/31/1951,,,,,,
9/30/1951,,,,,,
10/31/1951,,,,,,
11/30/1951,,,,,,
12/31/1951,,,,,,
1/31/1952,,,,,,
2/29/1952,,,,,,
3/31/1952,,,,,,
4/30/1952,,,,,,
5/31/1952,,,,,,
6/30/1952,,,,,,
7/31/1952,,,,,,
8/31/1952,,,,,,
9/30/1952,,,,,,
10/31/1952,,,,,,
11/30/1952,,,,,,
12/31/1952,,,,,,
1/31/1953,,,,,,
2/28/1953,,,,,,
3/31/1953,,,,,,
4/30/1953,,,,,,
5/31/1953,,,,,,
6/30/1953,,,,,,
7/31/1953,,,,,,
8/31/1953,,,,,,
9/30/1953,,,,,,
10/31/1953,,,,,,
11/30/1953,,,,,,
12/31/1953,,,,,,
1/31/1954,,,,,,
2/28/1954,,,,,,
3/31/1954,,,,,,
4/30/1954,,,,,,
5/31/1954,,,,,,
6/30/1954,,,,,,
7/31/1954,,,,,,
8/31/1954,,,,,,
9/30/1954,,,,,,
10/31/1954,,,,,,
11/30/1954,,,,,,
12/31/1954,,,,,,
1/31/1955,,,,,,
2/28/1955,,,,,,
3/31/1955,,,,,,
4/30/1955,,,,,,
5/31/1955,,,,,,
6/30/1955,,,,,,
7/31/1955,,,,,,
8/31/1955,,,,,,
9/30/1955,,,,,,
10/31/1955,,,,,,
11/30/1955,,,,,,
12/31/1955,,,,,,
1/31/1956,,,,,,
2/29/1956,,,,,,
3/31/1956,,,,,,
4/30/1956,,,,,,
5/31/1956,,,,,,
6/30/1956,,,,,,
7/31/1956,,,,,,
8/31/1956,,,,,,
9/30/1956,,,,,,
10/31/1956,,,,,,
11/30/1956,,,,,,
12/31/1956,,,,,,
1/31/1957,,,,,,
2/28/1957,,,,,,
3/31/1957,,,,,,
4/30/1957,,,,,,
5/31/1957,,,,,,
6/30/1957,,,,,,
7/31/1957,,,,,,
8/31/1957,,,,,,
9/30/1957,,,,,,
10/31/1957,,,,,,
11/30/1957,,,,,,
12/31/1957,,,,,,
1/31/1958,,,,,,
2/28/1958,,,,,,
3/31/1958,,,,,,
4/30/1958,,,,,,
5/31/1958,,,,,,
6/30/1958,,,,,,
7/31/1958,,,,,,
8/31/1958,,,,,,
9/30/1958,,,,,,
10/31/1958,,,,,,
11/30/1958,,,,,,
12/31/1958,,,,,,
1/31/1959,,,,,,
2/28/1959,,,,,,
3/31/1959,,,,,,
4/30/1959,,,,,,
5/31/1959,,,,,,
6/30/1959,,,,,,
7/31/1959,,,,,,
8/31/1959,,,,,,
9/30/1959,,,,,,
10/31/1959,,,,,,
11/30/1959,,,,,,
12/31/1959,,,,,,
1/31/1960,,,,,,
2/29/1960,,,,,,
3/31/1960,,,,,,
4/30/1960,,,,,,
5/31/1960,,,,,,
6/30/1960,,,,,,
7/31/1960,,,,,,
8/31/1960,,,,,,
9/30/1960,,,,,,
10/31/1960,,,,,,
11/30/1960,,,,,,
12/31/1960,,,,,,
1/31/1961,,,,,,
2/28/1961,,,,,,
3/31/1961,,,,,,
4/30/1961,,,,,,
5/31/1961,,,,,,
6/30/1961,,,,,,
7/31/1961,,,,,,
8/31/1961,,,,,,
9/30/1961,,,,,,
10/31/1961,,,,,,
11/30/1961,,,,,,
12/31/1961,,,,,,
1/31/1962,,,,,,
2/28/1962,,,,,,
3/31/1962,,,,,,
4/30/1962,,,,,,
5/31/1962,,,,,,
6/30/1962,,,,,,
7/31/1962,,,,,,
8/31/1962,,,,,,
9/30/1962,,,,,,
10/31/1962,,,,,,
11/30/1962,,,,,,
12/31/1962,,,,,,
1/31/1963,,,,,,
2/28/1963,,,,,,
3/31/1963,,,,,,
4/30/1963,,,,,,
5/31/1963,,,,,,
6/30/1963,,,,,,
7/31/1963,,,,,,
8/31/1963,,,,,,
9/30/1963,,,,,,
10/31/1963,,,,,,
11/30/1963,,,,,,
12/31/1963,,,,,,
1/31/1964,,,,,,
2/29/1964,,,,,,
3/31/1964,,,,,,
4/30/1964,,,,,,
5/31/1964,,,,,,
6/30/1964,,,,,,
7/31/1964,,,,,,
8/31/1964,,,,,,
9/30/1964,,,,,,
10/31/1964,,,,,,
11/30/1964,,,,,,
12/31/1964,,,,,,
1/31/1965,,,,,,
2/28/1965,,,,,,
3/31/1965,,,,,,
4/30/1965,,,,,,
5/31/1965,,,,,,
6/30/1965,,,,,,
7/31/1965,,,,,,
8/31/1965,,,,,,
9/30/1965,,,,,,
10/31/1965,,,,,,
11/30/1965,,,,,,
12/31/1965,,,,,,
1/31/1966,,,,,,
2/28/1966,,,,,,
3/31/1966,,,,,,
4/30/1966,,,,,,
5/31/1966,,,,,,
6/30/1966,,,,,,
7/31/1966,,,,,,
8/31/1966,,,,,,
9/30/1966,,,,,,
10/31/1966,,,,,,
11/30/1966,,,,,,
12/31/1966,,,,,,
1/31/1967,,,,,,
2/28/1967,,,,,,
3/31/1967,,,,,,
4/30/1967,,,,,,
5/31/1967,,,,,,
6/30/1967,,,,,,
7/31/1967,,,,,,
8/31/1967,,,,,,
9/30/1967,,,,,,
10/31/1967,,,,,,
11/30/1967,,,,,,
12/31/1967,,,,,,
1/31/1968,,,,,,
2/29/1968,,,,,,
3/31/1968,,,,,,
4/30/1968,,,,,,
5/31/1968,,,,,,
6/30/1968,,,,,,
7/31/1968,,,,,,
8/31/1968,,,,,,
9/30/1968,,,,,,
10/31/1968,,,,,,
11/30/1968,,,,,,
12/31/1968,,,,,,
1/31/1969,,,,,,
2/28/1969,,,,,,
3/31/1969,,,,,,
4/30/1969,,,,,,
5/31/1969,,,,,,
6/30/1969,,,,,,
7/31/1969,,,,,,
8/31/1969,,,,,,
9/30/1969,,,,,,
10/31/1969,,,,,,
11/30/1969,,,,,,
12/31/1969,,,,,,
1/31/1970,,,,,,
2/28/1970,,,,,,
3/31/1970,,,,,,
4/30/1970,,,,,,
5/31/1970,,,,,,
6/30/1970,,,,,,
7/31/1970,,,,,,
8/31/1970,,,,,,
9/30/1970,,,,,,
10/31/1970,,,,,,
11/30/1970,,,,,,
12/31/1970,,,,,,
1/31/1971,,,,,,
2/28/1971,,,,,,
3/31/1971,,,,,,
4/30/1971,,,,,,
5/31/1971,,,,,,
6/30/1971,,,,,,
7/31/1971,,,,,,
8/31/1971,,,,,,
9/30/1971,,,,,,
10/31/1971,,,,,,
11/30/1971,,,,,,
12/31/1971,,,,,,
1/31/1972,,,,,,
2/29/1972,,,,,,
3/31/1972,,,,,,
4/30/1972,,,,,,
5/31/1972,,,,,,
6/30/1972,,,,,,
7/31/1972,,,,,,
8/31/1972,,,,,,
9/30/1972,,,,,,
10/31/1972,,,,,,
11/30/1972,,,,,,
12/31/1972,,,,,,
1/31/1973,,,,,,
2/28/1973,,,,,,
3/31/1973,,,,,,
4/30/1973,,,,,,
5/31/1973,,,,,,
6/30/1973,,,,,,
7/31/1973,,,,,,
8/31/1973,,,,,,
9/30/1973,,,,,,
10/31/1973,,,,,,
11/30/1973,,,,,,
12/31/1973,,,,,,
1/31/1974,,,,,,
2/28/1974,,,,,,
3/31/1974,,,,,,
4/30/1974,,,,,,
5/31/1974,,,,,,
6/30/1974,,,,,,
7/31/1974,,,,,,
8/31/1974,,,,,,
9/30/1974,,,,,,
10/31/1974,,,,,,
11/30/1974,,,,,,
12/31/1974,,,,,,
1/31/1975,,,,,,
2/28/1975,,,,,,
3/31/1975,,,,,,
4/30/1975,,,,,,
5/31/1975,,,,,,
6/30/1975,,,,,,
7/31/1975,,,,,,
8/31/1975,,,,,,
9/30/1975,,,,,,
10/31/1975,,,,,,
11/30/1975,,,,,,
12/31/1975,,,,,,
1/31/1976,,,,,,
2/29/1976,,,,,,
3/31/1976,,,,,,
4/30/1976,,,,,,
5/31/1976,,,,,,
6/30/1976,,,,,,
7/31/1976,,,,,,
8/31/1976,,,,,,
9/30/1976,,,,,,
10/31/1976,,,,,,
11/30/1976,,,,,,
12/31/1976,,,,,,
1/31/1977,,,,,,
2/28/1977,,,,,,
3/31/1977,,,,,,
4/30/1977,,,,,,
5/31/1977,,,,,,
6/30/1977,,,,,,
7/31/1977,,,,,,
8/31/1977,,,,,,
9/30/1977,,,,,,
10/31/1977,,,,,,
11/30/1977,,,,,,
12/31/1977,,,,,,
1/31/1978,,,,,,
2/28/1978,,,,,,
3/31/1978,,,,,,
4/30/1978,,,,,,
5/31/1978,,,,,,
6/30/1978,,,,,,
7/31/1978,,,,,,
8/31/1978,,,,,,
9/30/1978,,,,,,
10/31/1978,,,,,,
11/30/1978,,,,,,
12/31/1978,,,,,,
1/31/1979,,,,,,
2/28/1979,,,,,,
3/31/1979,,,,,,
4/30/1979,,,,,,
5/31/1979,,,,,,
6/30/1979,,,,,,
7/31/1979,,,,,,
8/31/1979,,,,,,
9/30/1979,,,,,,
10/31/1979,,,,,,
11/30/1979,,,,,,
12/31/1979,,,,,,
1/31/1980,,,,,,
2/29/1980,,,,,,
3/31/1980,,,,,,
4/30/1980,,,,,,
5/31/1980,,,,,,
6/30/1980,,,,,,
7/31/1980,,,,,,
8/31/1980,,,,,,
9/30/1980,,,,,,
10/31/1980,,,,,,
11/30/1980,,,,,,
12/31/1980,,,,,,
1/31/1981,,,,,,
2/28/1981,,,,,,
3/31/1981,,,,,,
4/30/1981,,,,,,
5/31/1981,,,,,,
6/30/1981,,,,,,
7/31/1981,,,,,,
8/31/1981,,,,,,
9/30/1981,,,,,,
10/31/1981,,,,,,
11/30/1981,,,,,,
12/31/1981,,,,,,
1/31/1982,,,,,,
2/28/1982,,,,,,
3/31/1982,,,,,,
4/30/1982,,,,,,
5/31/1982,,,,,,
6/30/1982,,,,,,
7/31/1982,,,,,,
8/31/1982,,,,,,
9/30/1982,,,,,,
10/31/1982,,,,,,
11/30/1982,,,,,,
12/31/1982,,,,,,
1/31/1983,,,,,,
2/28/1983,,,,,,
3/31/1983,,,,,,
4/30/1983,,,,,,
5/31/1983,,,,,,
6/30/1983,,,,,,
7/31/1983,,,,,,
8/31/1983,,,,,,
9/30/1983,,,,,,
10/31/1983,,,,,,
11/30/1983,,,,,,
12/31/1983,,,,,,
1/31/1984,,,,,,
2/29/1984,,,,,,
3/31/1984,,,,,,
4/30/1984,,,,,,
5/31/1984,,,,,,
6/30/1984,,,,,,
7/31/1984,,,,,,
8/31/1984,,,,,,
9/30/1984,,,,,,
10/31/1984,,,,,,
11/30/1984,,,,,,
12/31/1984,,,,,,
1/31/1985,,,,,,
2/28/1985,,,,,,
3/31/1985,,,,,,
4/30/1985,,,,,,
5/31/1985,,,,,,
6/30/1985,,,,,,
7/31/1985,,,,,,
8/31/1985,,,,,,
9/30/1985,,,,,,
10/31/1985,,,,,,
11/30/1985,,,,,,
12/31/1985,,,,,,
1/31/1986,,,,,,
2/28/1986,,,,,,
3/31/1986,,,,,,
4/30/1986,,,,,,
5/31/1986,,,,,,
6/30/1986,,,,,,
7/31/1986,,,,,,
8/31/1986,,,,,,
9/30/1986,,,,,,
10/31/1986,,,,,,
11/30/1986,,,,,,
12/31/1986,,,,,,
1/31/1987,,,,,,
2/28/1987,,,,,,
3/31/1987,,,,,,
4/30/1987,,,,,,
5/31/1987,,,,,,
6/30/1987,,,,,,
7/31/1987,,,,,,
8/31/1987,,,,,,
9/30/1987,,,,,,
10/31/1987,,,,,,
11/30/1987,,,,,,
12/31/1987,,,,,,
1/31/1988,,,,,,
2/29/1988,,,,,,
3/31/1988,,,,,,
4/30/1988,,,,,,
5/31/1988,,,,,,
6/30/1988,,,,,,
7/31/1988,,,,,,
8/31/1988,,,,,,
9/30/1988,,,,,,
10/31/1988,,,,,,
11/30/1988,,,,,,
12/31/1988,,,,,,
1/31/1989,,,,,,
2/28/1989,,,,,,
3/31/1989,,,,,,
4/30/1989,,,,,,
5/31/1989,,,,,,
6/30/1989,,,,,,
7/31/1989,,,,,,
8/31/1989,,,,,,
9/30/1989,,,,,,
10/31/1989,,,,,,
11/30/1989,,,,,,
12/31/1989,,,,,,
1/31/1990,,,,,,
2/28/1990,,,,,,
3/31/1990,,,,,,
4/30/1990,,,,,,
5/31/1990,,,,,,
6/30/1990,,,,,,
7/31/1990,,,,,,
8/31/1990,,,,,,
9/30/1990,,,,,,
10/31/1990,,,,,,
11/30/1990,,,,,,
12/31/1990,,,,,,
1/31/1991,,,,,,
2/28/1991,,,,,,
3/31/1991,,,,,,
4/30/1991,,,,,,
5/31/1991,,,,,,
6/30/1991,,,,,,
7/31/1991,,,,,,
8/31/1991,,,,,,
9/30/1991,,,,,,
10/31/1991,,,,,,
11/30/1991,,,,,,
12/31/1991,,,,,,
1/31/1992,,,,,,
2/29/1992,,,,,,
3/31/1992,,,,,,
4/30/1992,,,,,,
5/31/1992,,,,,,
6/30/1992,,,,,,
7/31/1992,,,,,,
8/31/1992,,,,,,
9/30/1992,,,,,,
10/31/1992,,,,,,
11/30/1992,,,,,,
12/31/1992,,,,,,
1/31/1993,,,,,,
2/28/1993,,,,,,
3/31/1993,,,,,,
4/30/1993,,,,,,
5/31/1993,,,,,,
6/30/1993,,,,,,
7/31/1993,,,,,,
8/31/1993,,,,,,
9/30/1993,,,,,,
10/31/1993,,,,,,
11/30/1993,,,,,,
12/31/1993,,,,,,
1/31/1994,,,,,,
2/28/1994,,,,,,
3/31/1994,,,,,,
4/30/1994,,,,,,
5/31/1994,,,,,,
6/30/1994,,,,,,
7/31/1994,,,,,,
8/31/1994,,,,,,
9/30/1994,,,,,,
10/31/1994,,,,,,
11/30/1994,,,,,,
12/31/1994,,,,,,
1/31/1995,,,,,,
2/28/1995,,,,,,
3/31/1995,,,,,,
4/30/1995,,,,,,
5/31/1995,,,,,,
6/30/1995,,,,,,
7/31/1995,,,,,,
8/31/1995,,,,,,
9/30/1995,,,,,,
10/31/1995,,,,,,
11/30/1995,,,,,,
12/31/1995,,,,,,
1/31/1996,,,,,,
2/29/1996,,,,,,
3/31/1996,,,,,,
4/30/1996,,,,,,
5/31/1996,,,,,,
6/30/1996,,,,,,
7/31/1996,,,,,,
8/31/1996,,,,,,
9/30/1996,,,,,,
10/31/1996,,,,,,
11/30/1996,,,,,,
12/31/1996,,,,,,
1/31/1997,,,,,,
2/28/1997,,,,,,
3/31/1997,,,,,,
4/30/1997,,,,,,
5/31/1997,,,,,,
6/30/1997,,,,,,
7/31/1997,,,,,,
8/31/1997,,,,,,
9/30/1997,,,,,,
10/31/1997,,,,,,
11/30/1997,,,,,,
12/31/1997,,,,,,
1/31/1998,,,,,,
2/28/1998,,,,,,
3/31/1998,,,,,,
4/30/1998,,,,,,
5/31/1998,,,,,,
6/30/1998,,,,,,
7/31/1998,,,,,,
8/31/1998,,,,,,
9/30/1998,,,,,,
10/31/1998,,,,,,
11/30/1998,,,,,,
12/31/1998,,,,,,
1/31/1999,,,,,,
2/28/1999,,,,,,
3/31/1999,,,,,,
4/30/1999,,,,,,
5/31/1999,,,,,,
6/30/1999,,,,,,
7/31/1999,,,,,,
8/31/1999,,,,,,
9/30/1999,,,,,,
10/31/1999,,,,,,
11/30/1999,,,,,,
12/31/1999,,,,,,
1/31/2000,,,,,,
2/29/2000,,,,,,
3/31/2000,,,,,,
4/30/2000,,,,,,
5/31/2000,,,,,,
6/30/2000,,,,,,
7/31/2000,,,,,,
8/31/2000,,,,,,
9/30/2000,,,,,,
10/31/2000,,,,,,
11/30/2000,,,,,,
12/31/2000,,,,,,
1/31/2001,,,,,,
2/28/2001,,,,,,
3/31/2001,,,,,,
4/30/2001,,,,,,
5/31/2001,,,,,,
6/30/2001,,,,,,
7/31/2001,,,,,,
8/31/2001,,,,,,
9/30/2001,,,,,,
10/31/2001,,,,,,
11/30/2001,,,,,,
12/31/2001,,,,,,
1/31/2002,,,,,,
2/28/2002,,,,,,
3/31/2002,,,,,,
4/30/2002,,,,,,
5/31/2002,,,,,,
6/30/2002,,,,,,
7/31/2002,,,,,,
8/31/2002,,,,,,
9/30/2002,,,,,,
10/31/2002,,,,,,
11/30/2002,,,,,,
12/31/2002,,,,,,
1/31/2003,,,,,,
2/28/2003,,,,,,
3/31/2003,,,,,,
4/30/2003,,,,,,
5/31/2003,,,,,,
6/30/2003,,,,,,
7/31/2003,,,,,,
8/31/2003,,,,,,
9/30/2003,,,,,,
10/31/2003,,,,,,
11/30/2003,,,,,,
12/31/2003,,,,,,
1/31/2004,,,,,,
2/29/2004,,,,,,
3/31/2004,,,,,,
4/30/2004,,,,,,
5/31/2004,,,,,,
6/30/2004,,,,,,
7/31/2004,,,,,,
8/31/2004,,,,,,
9/30/2004,,,,,,
10/31/2004,,,,,,
11/30/2004,,,,,,
12/31/2004,,,,,,
1/31/2005,,,,,,
2/28/2005,,,,,,
3/31/2005,,,,,,
4/30/2005,,,,,,
5/31/2005,,,,,,
6/30/2005,,,,,,
7/31/2005,,,,,,
8/31/2005,,,,,,
9/30/2005,,,,,,
10/31/2005,,,,,,
11/30/2005,,,,,,
12/31/2005,,,,,,
1/31/2006,,,,,,
2/28/2006,,,,,,
3/31/2006,,,,,,
4/30/2006,,,,,,
5/31/2006,,,,,,
6/30/2006,,,,,,
7/31/2006,,,,,,
8/31/2006,,,,,,
9/30/2006,,,,,,
10/31/2006,,,,,,
11/30/2006,,,,,,
12/31/2006,,,,,,
1/31/2007,,,,,,
2/28/2007,,,,,,
3/31/2007,,,,,,
4/30/2007,,,,,,
5/31/2007,,,,,,
6/30/2007,,,,,,
7/31/2007,,,,,,
8/31/2007,,,,,,
9/30/2007,,,,,,
10/31/2007,,,,,,
11/30/2007,,,,,,
12/31/2007,,,,,,
1/31/2008,,,,,,
2/29/2008,,,,,,
3/31/2008,,,,,,
4/30/2008,,,,,,
5/31/2008,,,,,,
6/30/2008,,,,,,
7/31/2008,,,,,,
8/31/2008,,,,,,
9/30/2008,,,,,,
10/31/2008,,,,,,
11/30/2008,,,,,,
12/31/2008,,,,,,
1/31/2009,,,,,,
2/28/2009,,,,,,
3/31/2009,,,,,,
4/30/2009,,,,,,
5/31/2009,,,,,,
6/30/2009,,,,,,
7/31/2009,,,,,,
8/31/2009,,,,,,
9/30/2009,,,,,,
10/31/2009,,,,,,
11/30/2009,,,,,,
12/31/2009,,,,,,
1/31/2010,,,,,,
2/28/2010,,,,,,
3/31/2010,,,,,,
4/30/2010,,,,,,
5/31/2010,,,,,,
6/30/2010,,,,,,
7/31/2010,0.0679,0,220535.67737598543,,,
8/31/2010,0.06,0,239049.6948865198,,,
9/30/2010,0.0619,0,246746.63099499687,,,
10/31/2010,0.1925,0,460966.5779698345,,,
11/30/2010,0.2082,0,1178756.1742297183,,,
12/31/2010,0.3,0,1186246.0627729848,,,
1/31/2011,0.52,0,1887226.7941674795,,,
2/28/2011,0.86,0,4955396.709908203,,,
3/31/2011,0.7846,0,4857974.0338738095,,,
4/30/2011,3.5,0,7323898.121213357,,,
5/31/2011,8.741,0,38183642.62206865,,,
6/30/2011,16.101,0,116245046.16585015,,,
7/31/2011,13.35,0,95745385.23884118,,,
8/31/2011,8.1995,0,70964586.40522845,,,
9/30/2011,5.1401,0,43513973.77570758,,,
10/31/2011,3.248,0,27358047.476399574,,,
11/30/2011,2.9701,0,20624119.305755623,,,
12/31/2011,4.722,0,27352655.90299309,,,
1/31/2012,5.4838,0,49335242.370549805,,,
2/29/2012,4.86,0,42775023.36442562,,,
3/31/2012,4.9087,0,41926955.21046794,,,
4/30/2012,4.9491,0,43717565.02244186,,,
5/31/2012,5.1801,0,45608242.59284512,,,
6/30/2012,6.69,0,55464412.99187855,,,
7/31/2012,9.35,0,74625193.16347963,,,
8/31/2012,10.16,0,105548472.41615188,,,
9/30/2012,12.4,0,114925158.91770239,,,
10/31/2012,11.201,0,119321881.09090354,,,
11/30/2012,12.565,0,119048206.32641909,,,
12/31/2012,13.51,0,140706496.62510654,,,
1/31/2013,20.41,0,165662653.05711925,,,
2/28/2013,33.38,0,278622732.1740109,,,
3/31/2013,93.03,0,619544877.6109701,,,
4/30/2013,139,0,1427606231.6442027,,,
5/31/2013,129,0,1340109578.3278177,,,
6/30/2013,96.614,0,1228922903.3153958,,,
7/31/2013,106.09,0,1031538610.8057446,,,
8/31/2013,135.35,0,1309683802.6281948,,,
9/30/2013,133,0,1528239006.5426958,,,
10/31/2013,204,0,1853012812.011311,,,
11/30/2013,1129.43,0,6246532534.029165,,,
12/31/2013,754.01,5158980.035577575,11156510073.310564,,,
1/31/2014,829.92,36818950.26,10320736185.20567,,,
2/28/2014,549.26,44306635.674127646,8325635268.889224,,,
3/31/2014,457.001,25001136.868616536,7417016076.162636,,,
4/30/2014,447.645,26488198.69659836,5843968112,,,
5/31/2014,623.677,16059633.012176408,6167825026.647274,,,
6/30/2014,639.797,23904669.968047492,7953771964.118366,,,
7/31/2014,586.235,15970524.69722918,8070032042.763847,,,
8/31/2014,477.332,21981529.51777608,7077176964.360603,,,
9/30/2014,387.137,23419401.94511407,5938854456.460486,,,
10/31/2014,338.594,29561698.286576584,4888237735.612349,,,
11/30/2014,378.236,22149845.39,4930454185.297974,,,
12/31/2014,319.983,17260711.943183705,4667155233.907182,,,
1/31/2015,217.8,34730209.81136823,3467257425.523968,,,
2/28/2015,254.274,25697424.00412196,3224951231.7952275,,,
3/31/2015,244.14,30009589.150181346,3740439741.8228025,,,
4/30/2015,235.997,22101011.425383028,3305952505,,,
5/31/2015,229.968,18874212.98667468,3360077315.3715506,,,
6/30/2015,263.107,20492148.78676119,3385774412.4959564,,,
7/31/2015,284.501,32538769.370228447,4007930139.357976,,,
8/31/2015,230.18,29087575.91706859,3685525288.160589,1.3501,1602380.2074744587,87408391.91728675
9/30/2015,236.083,19377282.67952116,3415715091.048144,0.731122,676536.0825,73780437.15
10/31/2015,314.036,28728922.781034783,3877801584.3401947,0.918747,644618.5035506914,48354820.91084788
11/30/2015,377.327,70558511.94459458,5160548912.284503,0.873777,858511.6509602475,69517767.17702967
12/31/2015,430.538,65521307.11281696,6298732743.734673,0.933432,471511.1427576939,66722861.54531559
1/31/2016,368.661,57628842.43,6218930542.489836,2.30506,3034293.8263914366,112397477.93974385
2/29/2016,438.156,62328106.343855366,6123478934.545051,6.32308,11831818.704372335,336851065.55407816
3/31/2016,416.779,73660235.73069607,6398464637.927719,11.4091,28582588.031913765,855657187.6008195
4/30/2016,448.223,56349783.24,6688801153.162555,8.83251,16317374.611887064,718865960.9044641
5/31/2016,531.433,68518701.85823683,7164605131.735794,14.0619,27758402.792655952,895797238.3173829
6/30/2016,674.039,153249520.1,9973261537,12.4421,40045946.83,1158684822.8897157
7/31/2016,625.039,109492490.56472144,10429115843.218613,11.868,26931620.400409423,971565028.2208225
8/31/2016,575.329,85826387.4,9210808415.877642,11.6802,16681200.200893652,925944211.5175885
9/30/2016,609.67,66190432.83987709,9581739612.117147,13.2286,11977158.867833886,1043779645.8105556
10/31/2016,701.018,65638730.16786256,10217848554.99307,10.9692,9839578.093370287,1032095533.4469104
11/30/2016,745.715,86560582.57932174,11608045122.099062,8.59007,9088600.197979674,863499871.1317081
12/31/2016,963.599,110987249.7326244,13187815136.07454,7.96022,12383511.358623432,682810038.2136043
1/31/2017,970.555,156039224.36972663,14735139001.281996,10.7093,16715107.918114686,888045269
2/28/2017,1179.74,150395176.53267905,17071405161.981846,15.8672,15596968.28387421,1085356625.1525433
3/31/2017,1071.45,337335416.87794566,18425843091.87501,50.0247,135356758.00309563,3026654116.0568004
4/30/2017,1347.91,319643807.4,19497201845.28492,78.9826,100566298.98448136,4524119985.958321
5/31/2017,2289.12,1075032137.961438,30729771494.792168,231.277,457402653.7762943,11286447566.071896
6/30/2017,2483.7,1486022250.730337,43046283535.29437,292.678,1126996801.579088,28530853354.172703
7/31/2017,2872.31,1031631401.4201642,41234709381.284424,203.151,1005020086.147098,21064544471.19628
8/31/2017,4704.98,1989740991.6673107,62842980625.08435,383.085,1072687140.0053966,27904892521.238823
9/30/2017,4312.820213,1866753657.8026364,67789355006.28824,298.8543385,808498949.1260574,28074618754.340286
10/31/2017,6443.118174,1638490375.5053437,87561259573.70453,302.3339092,319451461.85829043,29123011640.511135
11/30/2017,10273.82557,3802486972.657599,129284042477.00446,447.8890083,805271802.5490946,33961543336.49135
12/31/2017,14033.56799,11075163138.843384,250648245004.44196,756.9122929,1965196955.9233007,60256286991.53077
1/31/2018,10236.67507,11550922142.492924,219562424425.91458,1120.579015,4658265111.743887,106122943273.13188
2/28/2018,10412.02401,4525249406,159607027640.35278,859.1262256,2729754210.457091,86420279793.05446
3/31/2018,6955.124518,4161223960.207829,154352152728.35052,395.8041824,1681101974.998232,62771345020.50804
4/30/2018,9240.335679,5136551759.864047,135190480048.94868,669.439037,1733136406,50642351062.33925
5/31/2018,7504.038587,4737470107.406035,144413910839.5878,578.9579712,2169590997.768512,67491263921
6/30/2018,6376.564855,3324316418.189017,116408072936.1391,452.2105791,1581134266.672341,52294298810.23517
7/31/2018,7752.144492,4614616541.871207,121270692722.3458,432.6450048,1920542918.0563416,46508105671.15468
8/31/2018,7018.26405,3852817308.029985,115886796560.40605,283.7808322,1698062497.0307007,33188875821.33339
9/30/2018,6619.480812,3557874743.2612767,114320170235.8262,232.4222271,1828755524.1417897,23400866334.455307
10/31/2018,6298.837501,3136620183.500182,112202528176.41553,196.4411678,1350665547.9559808,21571069354.22858
11/30/2018,4030.044494,4009374477.470352,95286740952.02092,113.6055757,1595501784.0241396,17687371506.67694
12/31/2018,3746.123953,3747294207.342724,64973029315.44463,133.2603125,1725664078.7555976,11290473146
1/31/2019,3447.812769,3976699612.812591,64724762100.58579,106.6513433,1977211591.6920447,13450419687.649292
2/28/2019,3845.258313,4596279496.455977,64260795305.595726,136.6213791,2329169932,13099265624.806948
3/31/2019,4202.588398,7175611821,69625481426,145.1691035,3375163460.0982785,14413075049.726368
4/30/2019,5305.984482,12885759334.35886,90932547335.14807,160.7525678,5364948361.464064,17513039237.77001
5/31/2019,8606.278615,18604221936.33984,127489424694.58185,268.8729625,7709801237.245578,23047938666.11196
6/30/2019,10912.25593,21341263003.48278,166846725358.60648,293.5392431,7878242515.391214,29344135187.362926
7/31/2019,10080.08612,21649041035.29649,190302246369.71008,218.4375225,8209370224.438349,26755311040.908504
8/31/2019,9609.787647,17598421860.246117,189581916302.64093,172.1956422,6260237728,21530248208.030506
9/30/2019,8269.028682,16421823410.038267,175521286484.87463,179.1353452,7092406934.335853,19875725897.964664
10/31/2019,9154.923648,18640100277.01987,150464410375.82172,182.8866154,7574536970,19267262430.29852
11/30/2019,7548.613483,21313917340.88084,151133845685.53928,151.6935947,7383957745.096842,18826140075.34222
12/31/2019,7202.624251,18341629316.176136,131104465759.53087,129.8352501,6016490306.289911,14994800336.707512
1/31/2020,9336.132885,25026258014.74851,150018214398.85443,179.5950071,9117677831.922205,16803279663.745537
2/29/2020,8569.467785,32670170783.61672,174237170769.3756,219.2811865,16255710576.795012,25676649420.730408
3/31/2020,6431.262413,37084961387.55224,126649190899.9889,133.3647603,16647998494.664911,17907174002.84532
4/30/2020,8607.329832,30170504012.85505,130899719001.94345,205.7811423,12974990645.725967,18676826823.03508
5/31/2020,9449.860914,36376704372.62397,169380812620.29575,231.9968141,13123109683.538937,22973685710
6/30/2020,9145.560607,21777954898.313065,174236718076.4937,225.8401111,7153711336.102344,26255130961.498985
7/31/2020,11334.58547,20650461135.027863,175656572873.88892,346.0067062,8526904519.562067,28581628399.921444
8/31/2020,11655.9987,34169702768.41238,214701383123.70953,429.8009327,18134139782.06658,44664927440.35075
9/30/2020,10766.81409,33588922072.718487,197672179489.99948,359.3805013,21439211119.558975,41851746820.06333
10/31/2020,13795.52655,25555738790.19401,218440928821.81018,386.5634287,11376539826.028858,42416540059.60468
11/30/2020,19721.87473,46676159286.03371,304608646071.07526,615.5645111,17989822322.326786,54283975796.086174
12/31/2020,28977.96182,62852011563.68004,403569827104.09247,744.0374393,21937186385.518745,70514036543.99783
1/31/2021,33136.13947,113333682582.55824,639120271457.6746,1315.587631,58886604940.82932,134302199804.07372
2/28/2021,44986.74483,126255511088.46477,849835751457.6779,1415.204588,58311629617.59599,192803971086.04288
3/31/2021,58719.45437,109298109517.82246,1014875883883.3495,1915.294767,40551140006.574776,197556782583.84247
4/30/2021,57758.64693,1.17277E+11,1067607773073.1283,2773.6023,57901095090.225136,261748335692.32733
5/31/2021,37303.75009,98368691734.97015,884198305680.6171,2716.034241,75256312178.74107,363973897149.1002
6/30/2021,35060.42897,66343208141.40908,670386448264.2416,2278.554228,42409544669.00792,272975573665.88968
7/31/2021,41700.99674,56500304578.50188,641686270955.9437,2543.373796,33977438774.584167,2.48258E+11
8/31/2021,47225.2696,63704089212.070045,853168571096.1375,3441.6881,36125341302.99262,359531577701.3338
9/30/2021,43797.5922,64687669548.11447,867323514147.4264,3009.435707,32136139205.83135,394974386643.6792
10/31/2021,61339.97564,86492149305.03189,1079646405781.1815,4297.5317,26326598777.27975,446348293404.2397
11/30/2021,57030.12565,81170969260.47795,1144809268638.3547,4641.645684,29784164634.218296,524154835341.4375
12/31/2021,46304.94959,86203528367.49107,939292619186.7521,3691.611156,33999720427.90424,484852336937.5667
1/31/2022,38472.00624,74345941724.00276,782357944654.9382,2689.512101,22230558848.365795,368153970463.4418
2/28/2022,43181.1437,64105666978.07986,768016330539.3352,2938.1166,20724390681.994377,3.42185E+11
3/31/2022,45540.82639,63947640232.28987,796877135005.4819,3287.191517,22116753694.43015,345769684204.8182
4/30/2022,37660.45292,68834646957.25175,7.93692E+11,2737.425486,27870443270.02904,375757357207.0268
5/31/2022,31852.83438,68046927819.21772,610469073741.4056,1964.277389,31694348615.232937,2.69517E+11
6/30/2022,19816.74636,60713676480.55924,470956365570.8773,1071.816293,36183067408.50071,171457082878.80075
7/31/2022,23314.4296,66574934207.47284,408300844881.42737,1691.1316,34125784272.156418,163380749041.03528
8/31/2022,20046.9471,60101340966.08557,430137516912.7872,1571.7813,28045939683.470764,209312956907.56985
9/30/2022,19449.60774,66825321562,379563197932.57745,1337.169273,35109860935.36648,184485167405.87564
10/31/2022,20504.46023,61711882645.77687,375907081672.7681,1573.628154,23009469327,167314687913.0867
11/30/2022,17188.63468,67562373175.92259,341114057079.29755,1296.266414,25219915721.712727,161245460141.29074
12/31/2022,16538.3479,34950036293.778946,325804826147.8806,1197.4878,13594259517.281748,151730654065.29172
1/31/2023,23153.2004,59386699524.00001,384510333667.56586,1594.5995,17923667237.055557,178031055174.28928
2/28/2023,23139.07679,65929479926,447598372693.62463,1604.537856,23592394790.27418,199222529703.34976
3/31/2023,28467.19663,55522024519,481705733712.89386,1819.032561,41101442796.08222,204506530398.5884
4/30/2023,29310.54,39911584171.065445,557484228304.0994,1880.1052,25924231740.61732,230657797359.73807
5/31/2023,27225.77,39081269489.29225,532870683864.98254,1871.1984,19036950844.14014,222079203864.53824
6/30/2023,30492.03,47115263231.00112,536586633997.2205,1932.6858,18348160344.18159,219092682589.28152
7/31/2023,29225.93,45394156094.24747,584674317883.3191,1859.2884,15883882680.797422,228188938984.15408
8/31/2023,25936.45,41462953159.80207,543510519160.6844,1648.7034,10580438719.723766,212848571577.84448
9/30/2023,26967.11,31208641495.23244,5.1221E+11,1660.7197,7755002081,195592347889.6435
10/31/2023,34650.03,46454660990.18074,576515282617.2976,1818.9075,9478674274.703363,199822746327.00305
11/30/2023,37715.02,71598585939.66911,711834170926.3971,2059.644,13857550105.784632,238381480826.2092
12/31/2023,42224.09,35426636768.01782,827824062985.9302,2290.7806,14750487208.562334,2.7122E+11
1/31/2024,42611.24,56923802631.82108,8.41217E+11,2290.0626,20415654857.507404,285544957918.8363
2/29/2024,61256.01,45031142120.31088,966921300528.4623,3352.4294,17958244713.064342,326693624954.0208
3/31/2024,71216.98,77336543182.37648,1323557109466.777,3653.6502,29754168182.753662,4.35472E+11
4/30/2024,60761.95,123883400046.84212,1300484544247.774,3025.4554,22279785223.54289,394214703600.2848
5/31/2024,67576.21,105132164921.77168,1278255538329.8606,3754.9694,21547315688.835365,394457522530.85016
6/30/2024,62849.53,94506286525.23286,1302373110143.394,3460.3454,18055714141.79667,431159275725.63885
7/31/2024,64665.98,100452747306.99214,1236414052252.5938,3238.8524,21220746646.363487,395372550853.5208
8/31/2024,58965.98,111889962937.59325,1187727997138.2292,2514.6596,34782096005.74872,321201165040.3725
9/30/2024,63290,103407171057.67964,1187505999719.0515,2597.1898,59677317905.35927,296588812177.68134
10/31/2024,70340.01,75360927771.95209,1294251835539.4534,2517.618,35773084858.576324,3.04355E+11
11/30/2024,96436.01,93365743375.77951,1695162632735.3179,3703.812,39503011806.79745,370740466524.5558
12/31/2024,93647.01,97438810320.65459,1945663796139.5967,3339.3388,42336993926.426094,440727022255.9245
1/31/2025,102391,72354252057.43776,1976876283184.5442,3299.6859,32153259901.30828,401610788917.0541
2/28/2025,84501.01,63094371189.27454,1897938740584.8306,2237.8809,38341639111.010025,325969504012.1522
3/31/2025,82659.11,69749937102.04408,1689388349936.905,1830.1057,25661096402.221462,246499480254.0675
