date,gdp,core_cpi_index,cpi_index,breakeven_rate_avg,ipi_index,ppi_index,total_employees,unemployment_rate,crude_oil_price,gold_price,silver_price
1/31/1947,2.43164E+11,,21.48,,13.6554,24.5,43535000,,,,
2/28/1947,2.43164E+11,,21.62,,13.7361,24.7,43557000,,,,
3/31/1947,2.43164E+11,,22,,13.8167,25.3,43607000,,,,
4/30/1947,2.45968E+11,,22,,13.7092,25.1,43499000,,,,
5/31/1947,2.45968E+11,,21.95,,13.7629,25,43638000,,,,
6/30/1947,2.45968E+11,,22.08,,13.7629,25,43810000,,,,
7/31/1947,2.49585E+11,,22.23,,13.6823,25.3,43743000,,,,
8/31/1947,2.49585E+11,,22.4,,13.7629,25.6,43960000,,,,
9/30/1947,2.49585E+11,,22.84,,13.8705,26.1,44203000,,,,
10/31/1947,2.59745E+11,,22.91,,14.0049,26.4,44411000,,,,
11/30/1947,2.59745E+11,,23.06,,14.193,26.7,44484000,,,,
12/31/1947,2.59745E+11,,23.41,,14.2468,27.2,44581000,,,,
1/31/1948,2.65742E+11,,23.68,,14.3274,27.7,44679000,3.4,,,
2/29/1948,2.65742E+11,,23.67,,14.3543,27.2,44533000,3.8,,,
3/31/1948,2.65742E+11,,23.5,,14.1931,27.2,44683000,4,,,
4/30/1948,2.72567E+11,,23.82,,14.2199,27.4,44379000,3.9,,,
5/31/1948,2.72567E+11,,24.01,,14.4618,27.5,44796000,3.5,,,
6/30/1948,2.72567E+11,,24.15,,14.65,27.7,45034000,3.6,,,
7/31/1948,2.79196E+11,,24.4,,14.65,28,45160000,3.6,,,
8/31/1948,2.79196E+11,,24.43,,14.5962,28.2,45178000,3.9,,,
9/30/1948,2.79196E+11,,24.36,,14.4887,28.1,45294000,3.8,,,
10/31/1948,2.80366E+11,,24.31,,14.5963,27.8,45245000,3.7,,,
11/30/1948,2.80366E+11,,24.16,,14.4081,27.8,45192000,3.8,,,
12/31/1948,2.80366E+11,,24.05,,14.2737,27.6,45032000,4,,,
1/31/1949,2.75034E+11,,24.01,,14.1393,27.3,44668000,4.3,,,
2/28/1949,2.75034E+11,,23.91,,14.0049,26.8,44497000,4.7,,,
3/31/1949,2.75034E+11,,23.91,,13.7361,26.8,44240000,5,,,
4/30/1949,2.71351E+11,,23.92,,13.6554,26.5,44236000,5.3,,,
5/31/1949,2.71351E+11,,23.91,,13.4673,26.3,43984000,6.1,,,
6/30/1949,2.71351E+11,,23.92,,13.4404,26,43739000,6.2,,,
7/31/1949,2.72889E+11,,23.7,,13.4135,26,43531000,6.7,,,
8/31/1949,2.72889E+11,,23.7,,13.5479,26,43624000,6.8,,,
9/30/1949,2.72889E+11,,23.75,,13.6823,26.1,43780000,6.6,,,
10/31/1949,2.70627E+11,,23.67,,13.1716,26,42942000,7.9,,,
11/30/1949,2.70627E+11,,23.7,,13.521,26,43242000,6.4,,,
12/31/1949,2.70627E+11,,23.61,,13.7629,25.9,43522000,6.6,,,
1/31/1950,2.80828E+11,,23.51,,14.0049,25.9,43526000,6.5,,,
2/28/1950,2.80828E+11,,23.61,,14.0586,26.1,43297000,6.4,,,
3/31/1950,2.80828E+11,,23.64,,14.5156,26.1,43954000,6.3,,,
4/30/1950,2.90383E+11,,23.65,,14.9995,26.1,44382000,5.8,,,
5/31/1950,2.90383E+11,,23.77,,15.3489,26.4,44718000,5.5,,,
6/30/1950,2.90383E+11,,23.88,,15.8059,26.6,45083000,5.4,,,
7/31/1950,3.08153E+11,,24.07,,16.3166,27.3,45454000,5,,,
8/31/1950,3.08153E+11,,24.2,,16.8274,27.9,46192000,4.5,,,
9/30/1950,3.08153E+11,,24.34,,16.7198,28.4,46438000,4.4,,,
10/31/1950,3.19945E+11,,24.5,,16.8273,28.6,46706000,4.2,,,
11/30/1950,3.19945E+11,,24.6,,16.8005,29,46776000,4.2,,,
12/31/1950,3.19945E+11,,24.98,,17.0962,29.7,46861000,4.3,,,
1/31/1951,3.36E+11,,25.38,,17.1499,30.5,47288000,3.7,,,
2/28/1951,3.36E+11,,25.83,,17.2575,30.9,47577000,3.4,,,
3/31/1951,3.36E+11,,25.88,,17.3381,30.9,47873000,3.4,,,
4/30/1951,3.4409E+11,,25.92,,17.365,30.8,47861000,3.1,,,
5/31/1951,3.4409E+11,,25.99,,17.3112,30.7,47952000,3,,,
6/30/1951,3.4409E+11,,25.93,,17.2306,30.5,48064000,3.2,,,
7/31/1951,3.51385E+11,,25.91,,16.9618,30.3,48061000,3.1,,,
8/31/1951,3.51385E+11,,25.86,,16.8005,30.1,48012000,3.1,,,
9/30/1951,3.51385E+11,,26.03,,16.908,30.1,47954000,3.3,,,
10/31/1951,3.56178E+11,,26.16,,16.8811,30.1,48006000,3.5,,,
11/30/1951,3.56178E+11,,26.32,,17.0155,30.1,48147000,3.5,,,
12/31/1951,3.56178E+11,,26.47,,17.123,30.1,48314000,3.1,,,
1/31/1952,3.5982E+11,,26.45,,17.3112,30,48296000,3.2,,,
2/29/1952,3.5982E+11,,26.41,,17.4187,29.8,48522000,3.1,,,
3/31/1952,3.5982E+11,,26.39,,17.4725,29.8,48504000,2.9,,,
4/30/1952,3.6103E+11,,26.46,,17.3112,29.6,48620000,2.9,,,
5/31/1952,3.6103E+11,,26.47,,17.1499,29.6,48642000,3,,,
6/30/1952,3.6103E+11,,26.53,,16.9886,29.5,48282000,3,,,
7/31/1952,3.67701E+11,,26.68,,16.7198,29.6,48143000,3.2,,,
8/31/1952,3.67701E+11,,26.69,,17.7951,29.8,48924000,3.4,,,
9/30/1952,3.67701E+11,,26.63,,18.4402,29.6,49320000,3.1,,,
10/31/1952,3.80812E+11,,26.69,,18.6284,29.5,49597000,3,,,
11/30/1952,3.80812E+11,,26.69,,19.0047,29.3,49816000,2.8,,,
12/31/1952,3.80812E+11,,26.71,,19.1122,29.1,50166000,2.7,,,
1/31/1953,3.8798E+11,,26.64,,19.166,29.1,50144000,2.9,,,
2/28/1953,3.8798E+11,,26.59,,19.2735,29.1,50339000,2.6,,,
3/31/1953,3.8798E+11,,26.63,,19.4348,29.2,50473000,2.6,,,
4/30/1953,3.91749E+11,,26.69,,19.5154,29,50435000,2.7,,,
5/31/1953,3.91749E+11,,26.7,,19.6229,29.1,50490000,2.5,,,
6/30/1953,3.91749E+11,,26.77,,19.5423,29,50519000,2.5,,,
7/31/1953,3.91171E+11,,26.79,,19.7842,29.4,50536000,2.6,,,
8/31/1953,3.91171E+11,,26.85,,19.6767,29.3,50489000,2.7,,,
9/30/1953,3.91171E+11,,26.89,,19.2735,29.4,50368000,2.9,,,
10/31/1953,3.8597E+11,,26.95,,19.1122,29.2,50240000,3.1,,,
11/30/1953,3.8597E+11,,26.85,,18.6553,29.1,49908000,3.5,,,
12/31/1953,3.8597E+11,,26.87,,18.1983,29.2,49703000,4.5,,,
1/31/1954,3.85345E+11,,26.94,,18.0639,29.4,49469000,4.9,,,
2/28/1954,3.85345E+11,,26.99,,18.1176,29.3,49382000,5.2,,,
3/31/1954,3.85345E+11,,26.93,,18.0101,29.3,49157000,5.7,,,
4/30/1954,3.86121E+11,,26.86,,17.9026,29.4,49179000,5.9,,,
5/31/1954,3.86121E+11,,26.93,,18.0101,29.4,48965000,5.9,,,
6/30/1954,3.86121E+11,,26.94,,18.0639,29.2,48895000,5.6,,,
7/31/1954,3.90996E+11,,26.86,,18.0907,29.3,48835000,5.8,,,
8/31/1954,3.90996E+11,,26.85,,18.0639,29.3,48826000,6,,,
9/30/1954,3.90996E+11,,26.81,,18.0908,29.2,48886000,6.1,,,
10/31/1954,3.99734E+11,,26.72,,18.3058,29.1,48942000,5.7,,,
11/30/1954,3.99734E+11,,26.78,,18.6015,29.2,49180000,5.3,,,
12/31/1954,3.99734E+11,,26.77,,18.8434,29,49331000,5,,,
1/31/1955,4.13073E+11,,26.77,,19.2735,29.2,49496000,4.9,,,
2/28/1955,4.13073E+11,,26.82,,19.5154,29.3,49644000,4.7,,,
3/31/1955,4.13073E+11,,26.79,,19.9724,29.2,49962000,4.6,,,
4/30/1955,4.21532E+11,,26.79,,20.2143,29.3,50248000,4.7,,,
5/31/1955,4.21532E+11,,26.77,,20.5369,29.1,50512000,4.3,,,
6/30/1955,4.21532E+11,,26.71,,20.5638,29.3,50790000,4.2,,,
7/31/1955,4.30221E+11,,26.76,,20.7251,29.3,50987000,4,,,
8/31/1955,4.30221E+11,,26.72,,20.6982,29.4,51111000,4.2,,,
9/30/1955,4.30221E+11,,26.85,,20.8326,29.6,51266000,4.1,,,
10/31/1955,4.37092E+11,,26.82,,21.182,29.6,51429000,4.3,,,
11/30/1955,4.37092E+11,,26.88,,21.2358,29.5,51592000,4.2,,,
12/31/1955,4.37092E+11,,26.87,,21.3164,29.5,51805000,4.2,,,
1/31/1956,4.39746E+11,,26.83,,21.4508,29.7,51975000,4,,,
2/29/1956,4.39746E+11,,26.86,,21.2627,29.8,52167000,3.9,,,
3/31/1956,4.39746E+11,,26.89,,21.2627,29.9,52294000,4.2,,,
4/30/1956,4.4601E+11,,26.93,,21.424,30.1,52375000,4,,,
5/31/1956,4.4601E+11,,27.03,,21.2358,30.3,52506000,4.3,,,
6/30/1956,4.4601E+11,,27.15,,21.0476,30.3,52586000,4.3,,,
7/31/1956,4.51191E+11,,27.29,,20.4025,30.2,51955000,4.4,,,
8/31/1956,4.51191E+11,,27.31,,21.2358,30.4,52631000,4.1,,,
9/30/1956,4.51191E+11,,27.35,,21.7197,30.6,52604000,3.9,,,
10/31/1956,4.60463E+11,,27.51,,21.9078,30.6,52777000,3.9,,,
11/30/1956,4.60463E+11,,27.51,,21.7197,30.7,52821000,4.3,,,
12/31/1956,4.60463E+11,,27.63,,22.0422,30.8,52929000,4.2,,,
1/31/1957,4.69779E+11,28.5,27.67,,21.9616,31,52887000,4.2,,,
2/28/1957,4.69779E+11,28.6,27.8,,22.1766,31,53097000,3.9,,,
3/31/1957,4.69779E+11,28.7,27.86,,22.1498,31,53156000,3.7,,,
4/30/1957,4.72025E+11,28.8,27.93,,21.8541,31.1,53238000,3.9,,,
5/31/1957,4.72025E+11,28.8,28,,21.7734,31,53150000,4.1,,,
6/30/1957,4.72025E+11,28.9,28.11,,21.8272,31.1,53067000,4.3,,,
7/31/1957,4.7949E+11,29,28.19,,21.9616,31.3,53123000,4.2,,,
8/31/1957,4.7949E+11,29,28.28,,21.9616,31.4,53128000,4.1,,,
9/30/1957,4.7949E+11,29.1,28.32,,21.7734,31.3,52934000,4.4,,,
10/31/1957,4.74864E+11,29.2,28.32,,21.4508,31.2,52763000,4.5,,,
11/30/1957,4.74864E+11,29.3,28.41,,20.9401,31.3,52558000,5.1,,,
12/31/1957,4.74864E+11,29.3,28.47,,20.5369,31.4,52384000,5.2,,,
1/31/1958,4.6754E+11,29.3,28.64,,20.1606,31.5,52076000,5.8,,,
2/28/1958,4.6754E+11,29.4,28.7,,19.7305,31.5,51576000,6.4,,,
3/31/1958,4.6754E+11,29.5,28.87,,19.4885,31.7,51299000,6.7,,,
4/30/1958,4.71978E+11,29.5,28.94,,19.166,31.6,51027000,7.4,,,
5/31/1958,4.71978E+11,29.5,28.94,,19.3541,31.7,50914000,7.4,,,
6/30/1958,4.71978E+11,29.6,28.91,,19.8649,31.6,50914000,7.3,,,
7/31/1958,4.85841E+11,29.6,28.89,,20.1606,31.6,51039000,7.5,,,
8/31/1958,4.85841E+11,29.6,28.94,,20.5638,31.6,51233000,7.4,,,
9/30/1958,4.85841E+11,29.7,28.91,,20.752,31.6,51506000,7.1,,,
10/31/1958,4.99555E+11,29.7,28.91,,20.9939,31.5,51485000,6.7,,,
11/30/1958,4.99555E+11,29.8,28.95,,21.6121,31.6,51944000,6.2,,,
12/31/1958,4.99555E+11,29.9,28.97,,21.639,31.6,52085000,6.2,,,
1/31/1959,5.1033E+11,29.9,29.01,,21.9616,31.7,52478000,6,,,
2/28/1959,5.1033E+11,29.9,29,,22.3917,31.7,52688000,5.9,,,
3/31/1959,5.1033E+11,30,28.97,,22.7142,31.7,53014000,5.6,,,
4/30/1959,5.22653E+11,30,28.98,,23.1981,31.8,53321000,5.2,,,
5/31/1959,5.22653E+11,30.1,29.04,,23.5476,31.8,53550000,5.1,,,
6/30/1959,5.22653E+11,30.2,29.11,,23.5744,31.7,53681000,5,,,
7/31/1959,5.25034E+11,30.2,29.15,,23.0099,31.7,53804000,5.1,,,
8/31/1959,5.25034E+11,30.2,29.18,,22.2304,31.6,53336000,5.2,,,
9/30/1959,5.25034E+11,30.3,29.25,,22.2035,31.7,53428000,5.5,,,
10/31/1959,5.286E+11,30.4,29.35,,22.0422,31.6,53358000,5.7,,,
11/30/1959,5.286E+11,30.4,29.35,,22.1766,31.5,53634000,5.8,,,
12/31/1959,5.286E+11,30.5,29.41,,23.5475,31.5,54174000,5.3,,,
1/31/1960,5.42648E+11,30.5,29.37,,24.1658,31.6,54274000,5.2,1.63,35.27,0.91
2/29/1960,5.42648E+11,30.6,29.41,,23.9508,31.6,54513000,4.8,1.63,35.27,0.91
3/31/1960,5.42648E+11,30.6,29.41,,23.7357,31.8,54454000,5.4,1.63,35.27,0.91
4/30/1960,5.4108E+11,30.6,29.54,,23.5476,31.8,54813000,5.2,1.63,35.27,0.91
5/31/1960,5.4108E+11,30.6,29.57,,23.5207,31.7,54475000,5.1,1.63,35.27,0.91
6/30/1960,5.4108E+11,30.7,29.61,,23.225,31.7,54348000,5.4,1.63,35.27,0.91
7/31/1960,5.45604E+11,30.6,29.55,,23.1443,31.7,54306000,5.5,1.63,35.27,0.91
8/31/1960,5.45604E+11,30.6,29.61,,23.1175,31.6,54272000,5.6,1.63,35.27,0.91
9/30/1960,5.45604E+11,30.6,29.61,,22.8755,31.6,54227000,5.5,1.63,35.27,0.91
10/31/1960,5.40197E+11,30.8,29.75,,22.8487,31.7,54142000,6.1,1.63,35.27,0.91
11/30/1960,5.40197E+11,30.8,29.78,,22.5261,31.7,53961000,6.1,1.63,35.27,0.91
12/31/1960,5.40197E+11,30.7,29.81,,22.096,31.7,53742000,6.6,1.63,35.27,0.91
1/31/1961,5.45018E+11,30.8,29.84,,22.1229,31.8,53683000,6.6,1.57,35.25,0.91
2/28/1961,5.45018E+11,30.8,29.84,,22.096,31.8,53557000,6.9,1.57,35.25,0.91
3/31/1961,5.45018E+11,30.9,29.84,,22.2304,31.8,53659000,6.9,1.57,35.25,0.91
4/30/1961,5.55545E+11,30.9,29.81,,22.6874,31.6,53627000,7,1.57,35.25,0.91
5/31/1961,5.55545E+11,30.9,29.84,,23.0368,31.5,53786000,7.1,1.57,35.25,0.91
6/30/1961,5.55545E+11,31,29.84,,23.3594,31.3,53977000,6.9,1.57,35.25,0.91
7/31/1961,5.67664E+11,31,29.92,,23.6282,31.5,54123000,7,1.57,35.25,0.91
8/31/1961,5.67664E+11,31.1,29.94,,23.8432,31.5,54298000,6.6,1.57,35.25,0.91
9/30/1961,5.67664E+11,31.1,29.98,,23.8164,31.5,54388000,6.7,1.57,35.25,0.91
10/31/1961,5.80612E+11,31.1,29.98,,24.2733,31.5,54522000,6.5,1.57,35.25,0.91
11/30/1961,5.80612E+11,31.2,29.98,,24.6497,31.5,54742000,6.1,1.57,35.25,0.92
12/31/1961,5.80612E+11,31.2,30.01,,24.8647,31.6,54872000,6,1.57,35.25,1.03
1/31/1962,5.94013E+11,31.2,30.04,,24.6496,31.7,54891000,5.8,1.52,35.23,1.04
2/28/1962,5.94013E+11,31.2,30.11,,25.0529,31.7,55188000,5.5,1.52,35.23,1.02
3/31/1962,5.94013E+11,31.3,30.17,,25.1873,31.7,55275000,5.6,1.52,35.23,1.02
4/30/1962,6.00366E+11,31.3,30.21,,25.241,31.6,55602000,5.6,1.52,35.23,1.02
5/31/1962,6.00366E+11,31.4,30.24,,25.2141,31.5,55628000,5.5,1.52,35.23,1.02
6/30/1962,6.00366E+11,31.4,30.21,,25.1604,31.5,55644000,5.5,1.52,35.23,1.02
7/31/1962,6.09027E+11,31.4,30.22,,25.4023,31.6,55746000,5.4,1.52,35.23,1.04
8/31/1962,6.09027E+11,31.5,30.28,,25.4292,31.6,55838000,5.7,1.52,35.23,1.08
9/30/1962,6.09027E+11,31.5,30.42,,25.5905,31.9,55978000,5.6,1.52,35.23,1.15
10/31/1962,6.1228E+11,31.5,30.38,,25.6174,31.7,56041000,5.4,1.52,35.23,1.21
11/30/1962,6.1228E+11,31.5,30.38,,25.7249,31.7,56056000,5.7,1.52,35.23,1.19
12/31/1962,6.1228E+11,31.6,30.38,,25.7249,31.6,56028000,5.5,1.52,35.23,1.2
1/31/1963,6.21672E+11,31.5,30.44,,25.913,31.6,56115000,5.7,1.5,35.09,1.24
2/28/1963,6.21672E+11,31.6,30.48,,26.2088,31.5,56230000,5.9,1.5,35.09,1.26
3/31/1963,6.21672E+11,31.7,30.51,,26.37,31.5,56320000,5.7,1.5,35.09,1.27
4/30/1963,6.29752E+11,31.7,30.48,,26.612,31.4,56580000,5.7,1.5,35.09,1.27
5/31/1963,6.29752E+11,31.7,30.51,,26.9345,31.5,56616000,5.9,1.5,35.09,1.28
6/30/1963,6.29752E+11,31.8,30.61,,27.0152,31.6,56659000,5.6,1.5,35.09,1.28
7/31/1963,6.44444E+11,31.8,30.69,,26.9076,31.7,56794000,5.6,1.5,35.09,1.29
8/31/1963,6.44444E+11,31.9,30.75,,26.9614,31.6,56910000,5.4,1.5,35.09,1.29
9/30/1963,6.44444E+11,31.9,30.72,,27.2302,31.6,57078000,5.5,1.5,35.09,1.29
10/31/1963,6.53938E+11,32,30.75,,27.4184,31.6,57283000,5.5,1.5,35.09,1.29
11/30/1963,6.53938E+11,32,30.78,,27.5528,31.7,57255000,5.7,1.5,35.09,1.29
12/31/1963,6.53938E+11,32.1,30.88,,27.499,31.6,57361000,5.5,1.5,35.09,1.29
1/31/1964,6.69822E+11,32.2,30.94,,27.7409,31.8,57487000,5.6,1.45,35.1,1.29
2/29/1964,6.69822E+11,32.2,30.91,,27.9291,31.6,57753000,5.4,1.45,35.1,1.29
3/31/1964,6.69822E+11,32.2,30.94,,27.9291,31.6,57897000,5.4,1.45,35.1,1.29
4/30/1964,6.78674E+11,32.2,30.95,,28.3861,31.6,57922000,5.3,1.45,35.1,1.29
5/31/1964,6.78674E+11,32.2,30.98,,28.5474,31.5,58089000,5.1,1.45,35.1,1.29
6/30/1964,6.78674E+11,32.3,31.01,,28.628,31.5,58219000,5.2,1.45,35.1,1.29
7/31/1964,6.92031E+11,32.3,31.02,,28.8162,31.6,58412000,4.9,1.45,35.1,1.29
8/31/1964,6.92031E+11,32.3,31.05,,29.0043,31.6,58619000,5,1.45,35.1,1.29
9/30/1964,6.92031E+11,32.3,31.08,,29.1119,31.7,58903000,5.1,1.45,35.1,1.29
10/31/1964,6.97319E+11,32.4,31.12,,28.7087,31.7,58793000,5.1,1.45,35.1,1.29
11/30/1964,6.97319E+11,32.5,31.21,,29.5957,31.7,59218000,4.8,1.45,35.1,1.29
12/31/1964,6.97319E+11,32.5,31.25,,29.9452,31.7,59421000,5,1.45,35.1,1.29
1/31/1965,7.1779E+11,32.6,31.28,,30.2677,31.8,59582000,4.9,1.42,35.12,1.29
2/28/1965,7.1779E+11,32.6,31.28,,30.4559,31.9,59800000,5.1,1.42,35.12,1.29
3/31/1965,7.1779E+11,32.6,31.31,,30.8591,31.9,60003000,4.7,1.42,35.12,1.29
4/30/1965,7.30191E+11,32.7,31.38,,30.9935,32,60259000,4.8,1.42,35.12,1.29
5/31/1965,7.30191E+11,32.7,31.48,,31.2354,32.1,60491000,4.6,1.42,35.12,1.29
6/30/1965,7.30191E+11,32.7,31.61,,31.4774,32.4,60690000,4.6,1.42,35.12,1.29
7/31/1965,7.49323E+11,32.7,31.58,,31.7731,32.4,60965000,4.4,1.42,35.12,1.29
8/31/1965,7.49323E+11,32.7,31.55,,31.9075,32.4,61228000,4.4,1.42,35.12,1.29
9/30/1965,7.49323E+11,32.8,31.62,,31.9881,32.4,61490000,4.3,1.42,35.12,1.29
10/31/1965,7.71857E+11,32.8,31.65,,32.3107,32.5,61719000,4.2,1.42,35.12,1.29
11/30/1965,7.71857E+11,32.9,31.75,,32.4451,32.6,61996000,4.1,1.42,35.12,1.29
12/31/1965,7.71857E+11,33,31.85,,32.8483,32.8,62322000,4,1.42,35.12,1.29
1/31/1966,7.95734E+11,33,31.88,,33.1709,32.9,62529000,4,1.36,35.13,1.29
2/28/1966,7.95734E+11,33.1,32.08,,33.3859,33.2,62796000,3.8,1.36,35.13,1.29
3/31/1966,7.95734E+11,33.1,32.18,,33.8429,33.2,63192000,3.8,1.36,35.13,1.29
4/30/1966,8.04981E+11,33.3,32.28,,33.8967,33.2,63437000,3.8,1.36,35.13,1.29
5/31/1966,8.04981E+11,33.4,32.35,,34.2192,33.2,63712000,3.9,1.36,35.13,1.29
6/30/1966,8.04981E+11,33.5,32.38,,34.3805,33.3,64111000,3.8,1.36,35.13,1.29
7/31/1966,8.19638E+11,33.6,32.45,,34.5687,33.5,64301000,3.8,1.36,35.13,1.29
8/31/1966,8.19638E+11,33.7,32.65,,34.5955,33.6,64507000,3.8,1.36,35.13,1.29
9/30/1966,8.19638E+11,33.8,32.75,,34.9181,33.6,64643000,3.7,1.36,35.13,1.29
10/31/1966,8.33302E+11,34,32.85,,35.16,33.4,64854000,3.7,1.36,35.13,1.29
11/30/1966,8.33302E+11,34,32.88,,34.9181,33.3,65019000,3.6,1.36,35.13,1.29
12/31/1966,8.33302E+11,34.1,32.92,,34.9987,33.3,65199000,3.8,1.36,35.13,1.29
1/31/1967,8.4417E+11,34.2,32.9,,35.1638,33.4,65407000,3.9,1.33,34.95,1.29
2/28/1967,8.4417E+11,34.2,33,,34.765,33.4,65429000,3.8,1.33,34.95,1.29
3/31/1967,8.4417E+11,34.3,33,,34.5691,33.3,65530000,3.8,1.33,34.95,1.29
4/30/1967,8.48983E+11,34.4,33.1,,34.8951,33.1,65466000,3.8,1.33,34.95,1.29
5/31/1967,8.48983E+11,34.5,33.1,,34.5907,33.3,65620000,3.8,1.33,34.95,1.3
6/30/1967,8.48983E+11,34.6,33.3,,34.5863,33.5,65750000,3.9,1.33,34.95,1.3
7/31/1967,8.65233E+11,34.7,33.4,,34.5076,33.5,65888000,3.8,1.33,34.95,1.59
8/31/1967,8.65233E+11,34.9,33.5,,35.1687,33.4,66143000,3.8,1.33,34.95,1.75
9/30/1967,8.65233E+11,35,33.6,,35.1116,33.4,66164000,3.8,1.33,34.95,1.68
10/31/1967,8.81439E+11,35.1,33.7,,35.3976,33.4,66225000,4,1.33,34.95,1.79
11/30/1967,8.81439E+11,35.2,33.9,,35.9038,33.4,66703000,3.9,1.33,34.95,1.95
12/31/1967,8.81439E+11,35.4,34,,36.2905,33.7,66900000,3.8,1.33,34.95,2.06
1/31/1968,9.09387E+11,35.5,34.1,,36.2514,33.8,66804000,3.7,1.32,35.5,1.99
2/29/1968,9.09387E+11,35.7,34.2,,36.3813,34,67215000,3.8,1.32,36,1.85
3/31/1968,9.09387E+11,35.8,34.3,,36.4949,34.1,67295000,3.7,1.32,37,2.18
4/30/1968,9.34344E+11,35.9,34.4,,36.5477,34.1,67556000,3.5,1.32,37.86,2.2
5/31/1968,9.34344E+11,36,34.5,,36.9577,34.2,67652000,3.5,1.32,40.7,2.38
6/30/1968,9.34344E+11,36.2,34.7,,37.0934,34.2,67905000,3.7,1.32,41.14,2.46
7/31/1968,9.50825E+11,36.4,34.9,,37.0366,34.3,68126000,3.7,1.32,39.46,2.31
8/31/1968,9.50825E+11,36.5,35,,37.1399,34.2,68330000,3.5,1.32,39.19,2.19
9/30/1968,9.50825E+11,36.7,35.1,,37.2806,34.4,68484000,3.4,1.32,40.18,2.21
10/31/1968,9.6803E+11,36.9,35.3,,37.3546,34.4,68721000,3.4,1.32,39.21,1.97
11/30/1968,9.6803E+11,37.1,35.4,,37.8378,34.5,68984000,3.4,1.32,39.78,2.02
12/31/1968,9.6803E+11,37.2,35.6,,37.9573,34.6,69248000,3.4,1.32,41.08,1.96
1/31/1969,9.93337E+11,37.3,35.7,,38.1869,34.8,69439000,3.4,1.27,42.3,1.98
2/28/1969,9.93337E+11,37.6,35.8,,38.4313,35,69699000,3.4,1.27,42.6,1.84
3/31/1969,9.93337E+11,37.8,36.1,,38.7326,35.2,69905000,3.4,1.27,43.16,1.83
4/30/1969,1.00902E+12,38.1,36.3,,38.5901,35.3,70072000,3.4,1.27,43.31,1.78
5/31/1969,1.00902E+12,38.1,36.4,,38.4443,35.5,70328000,3.4,1.27,43.46,1.76
6/30/1969,1.00902E+12,38.3,36.6,,38.8198,35.7,70636000,3.5,1.27,41.44,1.65
7/31/1969,1.02996E+12,38.5,36.8,,39.0248,35.8,70729000,3.5,1.27,41.76,1.62
8/31/1969,1.02996E+12,38.7,36.9,,39.1145,35.7,71008000,3.5,1.27,41.09,1.65
9/30/1969,1.02996E+12,38.9,37.1,,39.1057,35.8,70914000,3.7,1.27,40.87,1.79
10/31/1969,1.03815E+12,39.1,37.3,,39.1171,35.9,71121000,3.7,1.27,40.44,1.87
11/30/1969,1.03815E+12,39.2,37.5,,38.7484,36.1,71086000,3.5,1.27,37.4,1.92
12/31/1969,1.03815E+12,39.4,37.7,,38.6444,36.3,71241000,3.5,1.27,35.17,1.81
1/31/1970,1.0512E+12,39.6,37.9,,37.9288,36.5,71176000,3.9,1.21,34.94,1.88
2/28/1970,1.0512E+12,39.8,38.1,,37.9038,36.7,71305000,4.2,1.21,34.99,1.9
3/31/1970,1.0512E+12,40.1,38.3,,37.8546,36.7,71451000,4.4,1.21,35.09,1.89
4/30/1970,1.06738E+12,40.4,38.5,,37.7573,36.8,71348000,4.6,1.21,35.62,1.85
5/31/1970,1.06738E+12,40.5,38.6,,37.7133,36.8,71124000,4.8,1.21,35.95,1.67
6/30/1970,1.06738E+12,40.8,38.8,,37.5913,36.9,71029000,4.9,1.21,35.42,1.64
7/31/1970,1.08606E+12,40.9,38.9,,37.6836,37.1,71053000,5,1.21,35.32,1.69
8/31/1970,1.08606E+12,41.1,39,,37.6164,36.9,70937000,5.1,1.21,35.38,1.8
9/30/1970,1.08606E+12,41.3,39.2,,37.3571,37.1,70944000,5.4,1.21,36.19,1.8
10/31/1970,1.08861E+12,41.5,39.4,,36.6098,37.1,70521000,5.5,1.21,37.52,1.75
11/30/1970,1.08861E+12,41.8,39.6,,36.3881,37.1,70409000,5.9,1.21,37.44,1.76
12/31/1970,1.08861E+12,42,39.8,,37.2237,37.1,70792000,6.1,1.21,37.44,1.63
1/31/1971,1.13516E+12,42.1,39.9,,37.5101,37.3,70865000,5.9,1.64,37.88,1.64
2/28/1971,1.13516E+12,42.2,39.9,,37.4386,37.7,70807000,5.9,1.64,38.74,1.6
3/31/1971,1.13516E+12,42.2,40,,37.398,37.8,70860000,6,1.64,38.87,1.67
4/30/1971,1.15627E+12,42.4,40.1,,37.608,37.9,71036000,5.9,1.64,39.01,1.73
5/31/1971,1.15627E+12,42.6,40.3,,37.7989,38.1,71247000,5.9,1.64,40.52,1.67
6/30/1971,1.15627E+12,42.8,40.5,,37.9574,38.2,71254000,5.9,1.64,40.1,1.61
7/31/1971,1.17768E+12,42.9,40.6,,37.8472,38.3,71315000,6,1.74,40.95,1.58
8/31/1971,1.17768E+12,43,40.7,,37.6276,38.5,71373000,6.1,1.74,42.71,1.59
9/30/1971,1.17768E+12,43,40.8,,38.2391,38.3,71614000,6,1.74,42.03,1.42
10/31/1971,1.1903E+12,43.1,40.9,,38.5253,38.3,71642000,5.8,1.74,42.5,1.34
11/30/1971,1.1903E+12,43.2,41,,38.6888,38.3,71847000,6,1.74,42.86,1.32
12/31/1971,1.1903E+12,43.3,41.1,,39.1355,38.6,72109000,6,1.74,43.48,1.39
1/31/1972,1.23061E+12,43.5,41.2,,40.0728,38.8,72441000,5.8,1.77,45.75,1.47
2/29/1972,1.23061E+12,43.6,41.4,,40.4789,39.2,72648000,5.7,1.77,48.26,1.5
3/31/1972,1.23061E+12,43.6,41.4,,40.761,39.2,72944000,5.8,1.77,48.33,1.54
4/30/1972,1.26637E+12,43.8,41.5,,41.1654,39.3,73162000,5.7,1.77,49.03,1.57
5/31/1972,1.26637E+12,43.9,41.6,,41.1693,39.5,73469000,5.7,1.77,54.62,1.58
6/30/1972,1.26637E+12,44,41.7,,41.2778,39.7,73758000,5.7,1.77,62.09,1.57
7/31/1972,1.29057E+12,44.1,41.8,,41.2389,40,73709000,5.6,1.87,65.66,1.74
8/31/1972,1.29057E+12,44.3,41.9,,41.805,40.1,74141000,5.6,1.87,67.03,1.85
9/30/1972,1.29057E+12,44.3,42.1,,42.1288,40.2,74264000,5.5,1.87,65.46,1.78
10/31/1972,1.3289E+12,44.4,42.2,,42.6703,40.1,74674000,5.6,1.87,64.86,1.81
11/30/1972,1.3289E+12,44.4,42.4,,43.1755,40.3,74973000,5.3,1.87,62.91,1.83
12/31/1972,1.3289E+12,44.6,42.5,,43.6617,41.1,75268000,5.2,1.87,63.91,1.98
1/31/1973,1.37749E+12,44.6,42.7,,43.9783,41.6,75617000,4.9,2.08,65.14,2.02
2/28/1973,1.37749E+12,44.8,43,,44.6103,42.4,76014000,5,2.08,74.2,2.24
3/31/1973,1.37749E+12,45,43.4,,44.6294,43.4,76284000,4.9,2.08,84.37,2.31
4/30/1973,1.41389E+12,45.1,43.7,,44.568,43.6,76455000,5,2.35,90.5,2.21
5/31/1973,1.41389E+12,45.3,43.9,,44.8608,44.5,76648000,4.9,2.35,101.96,2.4
6/30/1973,1.41389E+12,45.4,44.2,,44.9186,45.5,76887000,4.9,2.35,120.12,2.62
7/31/1973,1.43384E+12,45.5,44.2,,45.085,44.9,76913000,4.8,2.7,120.17,2.71
8/31/1973,1.43384E+12,45.7,45,,45.0221,47.5,77168000,4.8,2.7,106.76,2.64
9/30/1973,1.43384E+12,46,45.2,,45.3801,46.7,77276000,4.8,2.7,102.97,2.68
10/31/1973,1.47629E+12,46.3,45.6,,45.7462,46.3,77607000,4.6,4.1,100.08,2.89
11/30/1973,1.47629E+12,46.5,45.9,,45.9548,46.5,77920000,4.8,4.1,94.92,2.86
12/31/1973,1.47629E+12,46.7,46.3,,45.8252,47.4,78031000,4.9,4.1,106.72,3.14
1/31/1974,1.49121E+12,46.9,46.8,,45.5207,49,78100000,5.1,13,129.19,3.64
2/28/1974,1.49121E+12,47.2,47.3,,45.3825,50,78254000,5.2,13,150.13,5.36
3/31/1974,1.49121E+12,47.6,47.8,,45.3798,50.6,78296000,5.1,13,168.42,5.33
4/30/1974,1.53006E+12,47.9,48.1,,45.247,51,78382000,5.1,10.6,172.24,5.04
5/31/1974,1.53006E+12,48.5,48.6,,45.6083,51.8,78549000,5.1,10.6,163.27,5.43
6/30/1974,1.53006E+12,49,49,,45.5216,52,78604000,5.4,10.6,154.1,4.9
7/31/1974,1.56003E+12,49.5,49.3,,45.6136,54,78636000,5.5,10,142.98,4.42
8/31/1974,1.56003E+12,50.2,49.9,,45.1303,55.9,78619000,5.5,10,154.64,4.43
9/30/1974,1.56003E+12,50.7,50.6,,45.1377,55.9,78610000,5.9,10,151.75,4.05
10/31/1974,1.59968E+12,51.2,51,,44.995,56.9,78630000,6,10.3,158.78,4.83
11/30/1974,1.59968E+12,51.6,51.5,,43.5148,57.4,78265000,6.6,10.3,181.66,4.69
12/31/1974,1.59968E+12,52,51.9,,41.9503,57.3,77652000,7.2,10.3,183.78,4.39
1/31/1975,1.61612E+12,52.3,52.3,,41.3689,57.4,77293000,8.1,10.42,176.27,4.19
2/28/1975,1.61612E+12,52.8,52.6,,40.4252,57.2,76918000,8.1,10.42,179.6,4.37
3/31/1975,1.61612E+12,53,52.8,,39.9804,56.9,76648000,8.6,10.42,178.16,4.33
4/30/1975,1.65185E+12,53.3,53,,40.0572,57.5,76460000,8.8,10.42,169.84,4.21
5/31/1975,1.65185E+12,53.5,53.1,,39.9402,57.9,76624000,9,10.42,167.39,4.54
6/30/1975,1.65185E+12,53.8,53.5,,40.1927,58,76521000,8.8,10.42,164.24,4.49
7/31/1975,1.70982E+12,54,54,,40.6115,58.7,76770000,8.6,10.43,165.17,4.7
8/31/1975,1.70982E+12,54.2,54.2,,41.0114,59,77153000,8.4,10.43,163,4.93
9/30/1975,1.70982E+12,54.5,54.6,,41.5422,59.4,77228000,8.4,10.43,144.17,4.52
10/31/1975,1.76183E+12,54.8,54.9,,41.7224,59.8,77540000,8.4,10.46,142.79,4.33
11/30/1975,1.76183E+12,55.2,55.3,,41.7797,59.5,77685000,8.3,10.46,142.42,4.33
12/31/1975,1.76183E+12,55.5,55.6,,42.3462,59.7,78017000,8.2,10.46,139.3,4.08
1/31/1976,1.82049E+12,55.9,55.8,,42.9082,59.9,78503000,7.9,11.51,131.05,4.06
2/29/1976,1.82049E+12,56.2,55.9,,43.3407,59.9,78816000,7.7,11.51,131.06,4.09
3/31/1976,1.82049E+12,56.5,56,,43.4281,60,79048000,7.6,11.51,132.76,4.19
4/30/1976,1.85233E+12,56.7,56.1,,43.6518,60.6,79292000,7.7,11.51,127.94,4.36
5/31/1976,1.85233E+12,57,56.4,,43.8315,60.8,79312000,7.4,11.51,126.92,4.49
6/30/1976,1.85233E+12,57.2,56.7,,43.8775,61.2,79376000,7.6,11.51,125.71,4.81
7/31/1976,1.88656E+12,57.6,57,,44.1248,61.6,79547000,7.8,11.6,117.73,4.76
8/31/1976,1.88656E+12,57.9,57.3,,44.4262,61.4,79704000,7.8,11.6,109.93,4.28
9/30/1976,1.88656E+12,58.2,57.6,,44.5711,61.8,79892000,7.6,11.6,114.15,4.3
10/31/1976,1.93427E+12,58.5,57.9,,44.56,61.9,79911000,7.7,11.9,116.15,4.22
11/30/1976,1.93427E+12,58.7,58.1,,45.2454,62,80240000,7.8,11.9,130.46,4.35
12/31/1976,1.93427E+12,58.9,58.4,,45.731,62.5,80448000,7.8,11.9,133.93,4.36
1/31/1977,1.98865E+12,59.3,58.7,,45.4156,62.8,80690000,7.5,12.5,132.26,4.42
2/28/1977,1.98865E+12,59.7,59.3,,46.1358,63.5,80988000,7.6,12.5,136.24,4.53
3/31/1977,1.98865E+12,60,59.6,,46.7158,64.1,81391000,7.4,12.5,148.23,4.87
4/30/1977,2.05591E+12,60.3,60,,47.1719,64.9,81728000,7.2,12.45,149.17,4.79
5/31/1977,2.05591E+12,60.6,60.2,,47.541,65.2,82088000,7,12.45,146.61,4.7
6/30/1977,2.05591E+12,61,60.5,,47.9063,65,82488000,7.2,12.45,140.78,4.48
7/31/1977,2.11847E+12,61.2,60.8,,47.9714,65.1,82834000,6.9,12.63,143.39,4.53
8/31/1977,2.11847E+12,61.5,61.1,,48.0157,65,83075000,7,12.63,144.94,4.47
9/30/1977,2.11847E+12,61.8,61.3,,48.2097,65.3,83532000,6.8,12.63,149.53,4.54
10/31/1977,2.16427E+12,62,61.6,,48.2839,65.6,83800000,6.8,12.68,158.95,4.76
11/30/1977,2.16427E+12,62.3,62,,48.3755,65.8,84173000,6.8,12.68,162.1,4.83
12/31/1977,2.16427E+12,62.7,62.3,,48.4573,66.2,84410000,6.4,12.68,160.45,4.72
1/31/1978,2.20276E+12,63.1,62.7,,47.7512,66.8,84594000,6.4,12.66,173.18,4.92
2/28/1978,2.20276E+12,63.4,63,,48.0098,67.5,84948000,6.3,12.66,178.14,4.96
3/31/1978,2.20276E+12,63.8,63.4,,48.9358,68.1,85460000,6.3,12.66,183.61,5.27
4/30/1978,2.33163E+12,64.3,63.9,,49.9074,69,86162000,6.1,12.68,175.28,5.17
5/31/1978,2.33163E+12,64.7,64.5,,50.1513,69.5,86509000,6,12.7,176.31,5.13
6/30/1978,2.33163E+12,65.2,65,,50.4751,70,86950000,5.9,12.73,183.75,5.33
7/31/1978,2.39505E+12,65.6,65.5,,50.4371,70.4,87204000,6.2,12.77,188.73,5.36
8/31/1978,2.39505E+12,66.1,65.9,,50.6393,70.4,87483000,5.9,12.79,206.3,5.54
9/30/1978,2.39505E+12,66.7,66.5,,50.7631,71,87621000,6,12.8,212.08,5.59
10/31/1978,2.47695E+12,67.2,67.1,,51.1523,71.8,87956000,5.8,12.85,227.44,5.94
11/30/1978,2.47695E+12,67.6,67.5,,51.5456,72.1,88391000,5.9,13.2,206.2,5.87
12/31/1978,2.47695E+12,68,67.9,,51.806,72.7,88671000,6,14.5,207.85,5.94
1/31/1979,2.52661E+12,68.5,68.5,,51.525,73.8,88808000,5.9,17.45,227.28,6.2
2/28/1979,2.52661E+12,69.2,69.2,,51.778,74.9,89055000,5.9,20.75,245.67,7.35
3/31/1979,2.52661E+12,69.8,69.9,,51.9382,75.8,89479000,5.8,22.02,242.05,7.42
4/30/1979,2.59125E+12,70.3,70.6,,51.3251,76.9,89417000,5.8,22.43,239.11,7.44
5/31/1979,2.59125E+12,70.8,71.4,,51.7782,77.5,89789000,5.6,33.5,257.59,8.38
6/30/1979,2.59125E+12,71.3,72.2,,51.7865,78,90108000,5.7,34.67,279.07,8.56
7/31/1979,2.66757E+12,71.9,73,,51.7029,79.2,90217000,5.7,33.5,294.74,9.05
8/31/1979,2.66757E+12,72.7,73.7,,51.3658,79.6,90300000,6,34,300.82,9.31
9/30/1979,2.66757E+12,73.3,74.4,,51.3623,80.9,90327000,5.9,35.5,354.95,13.76
10/31/1979,2.72388E+12,74,75.2,,51.7175,82.1,90481000,6,37.25,391.66,16.63
11/30/1979,2.72388E+12,74.8,76,,51.6341,82.6,90573000,5.9,40.75,391.99,16.65
12/31/1979,2.72388E+12,75.7,76.9,,51.6694,83.4,90672000,6,39.75,455.08,22.45
1/31/1980,2.78984E+12,76.7,78,,51.944,85.2,90800000,6.3,39,675.31,38.88
2/29/1980,2.78984E+12,77.5,79,,51.9633,86.9,90883000,6.3,37.25,665.32,35.24
3/31/1980,2.78984E+12,78.6,80.1,,51.7454,87.5,90994000,6.3,37,553.58,24.73
4/30/1980,2.79735E+12,79.5,80.9,,50.7197,87.8,90849000,6.9,36.58,517.41,14.95
5/31/1980,2.79735E+12,80.1,81.7,,49.4766,88.3,90420000,7.5,37.05,513.8,12.68
6/30/1980,2.79735E+12,81,82.5,,48.8383,88.7,90101000,7.6,37,600.72,15.78
7/31/1980,2.85648E+12,80.8,82.6,,48.4907,90.3,89840000,7.8,35.38,643.27,16.32
8/31/1980,2.85648E+12,81.3,83.2,,48.6456,91.5,90099000,7.7,32.95,627.15,15.94
9/30/1980,2.85648E+12,82.1,83.9,,49.4578,91.7,90213000,7.5,32.83,673.63,19.89
10/31/1980,2.98556E+12,83,84.7,,50.0861,92.8,90490000,7.5,37.35,661.15,20.2
11/30/1980,2.98556E+12,83.9,85.6,,50.9209,93.2,90747000,7.5,40.3,624.77,18.58
12/31/1980,2.98556E+12,84.9,86.4,,51.257,93.8,90943000,7.2,39.75,538.26,16.46
1/31/1981,3.12421E+12,85.4,87.2,,50.9328,95.2,91033000,7.5,39.77,557.39,14.79
2/28/1981,3.12421E+12,85.9,88,,50.7237,96.1,91105000,7.4,37.9,499.76,13.06
3/31/1981,3.12421E+12,86.4,88.6,,50.9806,97,91210000,7.4,37.6,499.11,12.34
4/30/1981,3.16253E+12,87,89.1,,50.7661,98,91283000,7.2,36.37,495.8,11.47
5/31/1981,3.16253E+12,87.8,89.7,,51.0552,98.3,91296000,7.5,34.28,479.7,10.85
6/30/1981,3.16253E+12,88.6,90.5,,51.3214,98.5,91490000,7.5,32.71,461.09,10
7/31/1981,3.26061E+12,89.8,91.5,,51.6555,99,91601000,7.2,33.51,409.07,8.58
8/31/1981,3.26061E+12,90.7,92.2,,51.5903,99,91565000,7.4,33.98,410.16,8.92
9/30/1981,3.26061E+12,91.8,93.1,,51.3429,98.8,91477000,7.6,33.99,443.75,10.05
10/31/1981,3.28082E+12,92.1,93.4,,50.9463,98.9,91380000,7.9,34.61,437.76,9.23
11/30/1981,3.28082E+12,92.5,93.8,,50.3546,98.8,91171000,8.3,35.68,413.37,8.54
12/31/1981,3.28082E+12,93,94.1,,49.8086,98.8,90895000,8.5,35.41,410.09,8.45
1/31/1982,3.2743E+12,93.3,94.4,,48.7877,99.7,90565000,8.6,35.05,384.14,7.99
2/28/1982,3.2743E+12,93.8,94.7,,49.7839,99.8,90563000,8.9,32.27,374.13,8.28
3/31/1982,3.2743E+12,93.9,94.7,,49.4477,99.6,90434000,9,30.17,330.25,7.23
4/30/1982,3.33197E+12,94.7,95,,48.9913,99.6,90150000,9.3,31.57,350.3,7.31
5/31/1982,3.33197E+12,95.4,95.9,,48.6669,99.8,90107000,9.4,33.04,333.71,6.68
6/30/1982,3.33197E+12,96.1,97,,48.5415,100,89865000,9.6,32.77,314.98,5.56
7/31/1982,3.36632E+12,96.7,97.5,,48.3775,100.4,89521000,9.8,32.92,338.97,6.46
8/31/1982,3.36632E+12,97.1,97.7,,47.9382,100.3,89363000,9.8,32.42,364.23,7.11
9/30/1982,3.36632E+12,97.2,97.7,,47.8139,100,89183000,10.1,33.47,437.31,8.78
10/31/1982,3.40256E+12,97.5,98.1,,47.3575,100.2,88907000,10.4,33.78,422.15,9.39
11/30/1982,3.40256E+12,97.3,98,,47.2078,100.3,88786000,10.8,32.85,414.89,9.79
12/31/1982,3.40256E+12,97.2,97.7,,46.8713,100.5,88771000,10.8,31.47,444.5,10.57
1/31/1983,3.47341E+12,97.6,97.9,,47.7398,100.2,88990000,10.4,30.65,481.29,12.34
2/28/1983,3.47341E+12,98,98,,47.4484,100.5,88917000,10.4,29.11,491.09,13.98
3/31/1983,3.47341E+12,98.2,98.1,,47.8426,100.4,89090000,10.3,28.32,419.7,10.64
4/30/1983,3.57885E+12,98.6,98.8,,48.4483,100.4,89364000,10.2,29.69,432.88,11.61
5/31/1983,3.57885E+12,98.9,99.2,,48.747,100.8,89644000,10.1,29.36,438.01,12.92
6/30/1983,3.57885E+12,99.2,99.4,,49.0434,101,90021000,10.1,29.97,412.84,11.74
7/31/1983,3.68918E+12,99.8,99.8,,49.7739,101.3,90437000,9.4,30.47,402.91,12.03
8/31/1983,3.68918E+12,100.1,100.1,,50.364,101.8,90129000,9.5,30.65,416.2,12.06
9/30/1983,3.68918E+12,100.5,100.4,,51.0937,102,91247000,9.2,30.07,411.8,11.96
10/31/1983,3.79471E+12,101,100.8,,51.4902,102.2,91520000,8.8,29.62,393.6,9.89
11/30/1983,3.79471E+12,101.5,101.1,,51.721,102.1,91875000,8.5,29.17,381.7,8.81
12/31/1983,3.79471E+12,101.8,101.4,,51.9769,102.3,92230000,8.3,28.81,388.34,9.15
1/31/1984,3.90805E+12,102.5,102.1,,53.0088,102.9,92673000,8,29.04,370.89,8.25
2/29/1984,3.90805E+12,102.8,102.6,,53.2486,103.2,93157000,7.8,29.2,385.96,9.12
3/31/1984,3.90805E+12,103.2,102.9,,53.5028,103.9,93429000,7.8,29.53,394.26,9.65
4/30/1984,4.0096E+12,103.7,103.3,,53.8233,104,93792000,7.7,29.57,381.37,9.25
5/31/1984,4.0096E+12,104.1,103.5,,54.1104,104.1,94098000,7.4,29.46,377.4,8.97
6/30/1984,4.0096E+12,104.5,103.7,,54.3075,104,94479000,7.2,29.05,377.7,8.77
7/31/1984,4.08425E+12,105,104.1,,54.4587,104.2,94789000,7.5,27.99,347.71,7.46
8/31/1984,4.08425E+12,105.4,104.4,,54.5239,103.8,95032000,7.5,28.17,347.7,7.6
9/30/1984,4.08425E+12,105.8,104.7,,54.3696,103.4,95344000,7.3,28.35,340.2,7.25
10/31/1984,4.14855E+12,106.2,105.1,,54.3474,103.4,95629000,7.4,27.85,341,7.29
11/30/1984,4.14855E+12,106.4,105.3,,54.529,103.7,95982000,7.2,27.65,342,7.49
12/31/1984,4.14855E+12,106.8,105.5,,54.5556,103.5,96107000,7.3,26.81,319.54,6.64
1/31/1985,4.23017E+12,107.1,105.7,,54.527,103.4,96372000,7.3,26.63,302.79,6.1
2/28/1985,4.23017E+12,107.7,106.3,,54.6871,103.3,96503000,7.2,27.6,299.1,6.06
3/31/1985,4.23017E+12,108.1,106.8,,54.7673,103.1,96842000,7.2,27.85,313.5,5.99
4/30/1985,4.29489E+12,108.4,107,,54.6467,103.3,97038000,7.3,27.8,326.8,6.44
5/31/1985,4.29489E+12,108.8,107.2,,54.7396,103.5,97312000,7.2,26.65,316,6.27
6/30/1985,4.29489E+12,109.1,107.5,,54.711,103.3,97459000,7.4,26.37,316.5,6.18
7/31/1985,4.38677E+12,109.4,107.7,,54.4365,103.2,97648000,7.4,26.38,317.2,6
8/31/1985,4.38677E+12,109.8,107.9,,54.6121,102.7,97840000,7.1,27.02,330.4,6.15
9/30/1985,4.38677E+12,110,108.1,,54.8147,102.1,98045000,7.1,26.98,323.35,6.05
10/31/1985,4.44409E+12,110.5,108.5,,54.6228,102.9,98233000,7.1,27.82,325.85,6.18
11/30/1985,4.44409E+12,111.1,109,,54.8123,103.4,98443000,7,28.6,321.5,6.1
12/31/1985,4.44409E+12,111.4,109.5,,55.3553,103.6,98609000,7,26.5,321.9,5.85
1/31/1986,4.50789E+12,111.9,109.9,,55.6453,103.2,98732000,6.7,24.68,347.48,6.02
2/28/1986,4.50789E+12,112.2,109.7,,55.2634,101.7,98847000,7.2,15.92,338.89,5.86
3/31/1986,4.50789E+12,112.5,109.1,,54.8728,100.3,98934000,7.2,12.65,345.7,5.62
4/30/1986,4.54534E+12,112.9,108.7,,54.935,99.6,99121000,7.1,11.9,340.44,5.19
5/31/1986,4.54534E+12,113.1,109,,55.0399,100,99248000,7.2,13.72,342.4,5.07
6/30/1986,4.54534E+12,113.4,109.4,,54.826,99.9,99155000,7.2,11.85,342.7,5.13
7/31/1986,4.60767E+12,113.8,109.5,,55.167,99.4,99473000,7,9.62,348.34,5.03
8/31/1986,4.60767E+12,114.2,109.6,,55.0726,99.3,99588000,6.9,13.7,376.66,5.18
9/30/1986,4.60767E+12,114.6,110,,55.2237,99.4,99934000,7,14.08,417.73,5.63
10/31/1986,4.65763E+12,115,110.2,,55.4589,99.7,100121000,7,13.95,423.51,5.64
11/30/1986,4.65763E+12,115.3,110.4,,55.6763,99.8,100308000,6.9,14.45,397.56,5.55
12/31/1986,4.65763E+12,115.6,110.8,,56.2078,99.7,100509000,6.6,15.68,390.92,5.35
1/31/1987,4.72216E+12,115.9,111.4,,55.9911,100.5,100678000,6.6,18.07,408.26,5.51
2/28/1987,4.72216E+12,116.2,111.8,,56.7373,101,100919000,6.6,17.25,401.12,5.48
3/31/1987,4.72216E+12,116.6,112.2,,56.8136,101.2,101164000,6.6,17.75,408.91,5.66
4/30/1987,4.80616E+12,117.3,112.7,,57.185,101.9,101499000,6.3,17.9,438.35,7.35
5/31/1987,4.80616E+12,117.7,113,,57.5424,102.6,101728000,6.3,18.4,460.23,8.46
6/30/1987,4.80616E+12,117.9,113.5,,57.8502,103,101900000,6.2,18.72,449.59,7.42
7/31/1987,4.88456E+12,118.3,113.8,,58.2421,103.5,102247000,6.1,19.62,450.52,7.61
8/31/1987,4.88456E+12,118.7,114.3,,58.6784,103.8,102420000,6,18.82,461.15,7.84
9/30/1987,4.88456E+12,119.2,114.7,,58.9088,103.7,102647000,5.9,18.28,460.38,7.61
10/31/1987,5.00799E+12,119.8,115,,59.7008,104.1,103138000,6,18.57,465.35,7.61
11/30/1987,5.00799E+12,120.1,115.4,,59.9956,104.2,103372000,5.8,17.75,467.57,6.76
12/31/1987,5.00799E+12,120.4,115.6,,60.3246,104.2,103661000,5.7,16.63,486.24,6.81
1/31/1988,5.07337E+12,120.9,116,,60.309,104.6,103753000,5.7,16.47,476.58,6.74
2/29/1988,5.07337E+12,121.2,116.2,,60.6122,104.8,104214000,5.7,15.85,442.07,6.34
3/31/1988,5.07337E+12,121.7,116.5,,60.7452,104.9,104489000,5.7,14.78,443.61,6.41
4/30/1988,5.19004E+12,122.3,117.2,,61.108,105.8,104732000,5.4,16.47,451.55,6.48
5/31/1988,5.19004E+12,122.7,117.5,,60.9843,106.5,104962000,5.6,16.22,451.07,6.54
6/30/1988,5.19004E+12,123.2,118,,61.1615,107.2,105326000,5.4,15.33,451.33,7.02
7/31/1988,5.28284E+12,123.6,118.5,,61.171,107.9,105550000,5.4,14.48,437.63,7.04
8/31/1988,5.28284E+12,124,119,,61.4771,108,105674000,5.6,14.55,431.28,6.71
9/30/1988,5.28284E+12,124.7,119.5,,61.2785,108.1,106013000,5.4,13.1,413.46,6.38
10/31/1988,5.39951E+12,125.2,119.9,,61.5488,108.2,106276000,5.4,12.18,406.78,6.28
11/30/1988,5.39951E+12,125.6,120.3,,61.7049,108.3,106617000,5.3,12.53,420.17,6.29
12/31/1988,5.39951E+12,126,120.7,,61.9851,109,106898000,5.3,14.65,419.05,6.12
1/31/1989,5.51125E+12,126.5,121.2,,62.1677,110.5,107161000,5.4,16.48,404.01,6
2/28/1989,5.51125E+12,126.9,121.6,,61.8916,110.8,107427000,5.2,16.35,387.51,5.88
3/31/1989,5.51125E+12,127.4,122.2,,62.0508,111.5,107621000,5,18.03,390.15,5.96
4/30/1989,5.61246E+12,127.8,123.1,,62.0289,112.3,107791000,5.2,19.2,384.4,5.79
5/31/1989,5.61246E+12,128.3,123.7,,61.6871,113.2,107913000,5.2,18.02,371.05,5.45
6/30/1989,5.61246E+12,128.8,124.1,,61.6857,112.9,108027000,5.3,17.63,367.6,5.27
7/31/1989,5.69537E+12,129.2,124.5,,61.0896,112.8,108069000,5.2,17.67,375.04,5.22
8/31/1989,5.69537E+12,129.5,124.5,,61.6847,112,108120000,5.2,16.88,365.14,5.18
9/30/1989,5.69537E+12,129.9,124.8,,61.4794,112.4,108369000,5.3,17.67,361.75,5.13
10/31/1989,5.74724E+12,130.6,125.4,,61.4014,112.8,108476000,5.3,18.42,366.88,5.14
11/30/1989,5.74724E+12,131.1,125.9,,61.6081,112.7,108752000,5.4,18.37,394.26,5.48
12/31/1989,5.74724E+12,131.6,126.3,,61.9588,113,108836000,5.4,19.35,409.39,5.57
1/31/1990,5.8727E+12,132.1,127.5,,61.6352,114.9,109196000,5.4,20.35,410.11,5.25
2/28/1990,5.8727E+12,132.7,128,,62.1951,114.4,109436000,5.3,19.6,416.81,5.29
3/31/1990,5.8727E+12,133.5,128.6,,62.4916,114.2,109640000,5.2,18.22,393.06,5.08
4/30/1990,5.96003E+12,134,128.9,,62.3511,114.1,109674000,5.4,16.55,374.24,5.07
5/31/1990,5.96003E+12,134.4,129.1,,62.5353,114.6,109828000,5.4,16.58,369.05,5.08
6/30/1990,5.96003E+12,135.1,129.9,,62.7479,114.3,109850000,5.2,15.27,352.33,4.92
7/31/1990,6.01512E+12,135.8,130.5,,62.6435,114.5,109815000,5.5,17.17,362.53,4.87
8/31/1990,6.01512E+12,136.6,131.6,,62.8704,116.5,109606000,5.7,26.4,394.73,5.01
9/30/1990,6.01512E+12,137.1,132.5,,62.8839,118.4,109523000,5.9,32.7,389.32,4.8
10/31/1990,6.00473E+12,137.6,133.4,,62.4973,120.8,109377000,5.9,34.5,380.74,4.39
11/30/1990,6.00473E+12,138,133.7,,61.7175,120.1,109222000,6.2,31.08,381.73,4.17
12/31/1990,6.00473E+12,138.6,134.2,,61.2885,118.7,109168000,6.3,26.13,376.95,4.08
1/31/1991,6.03518E+12,139.5,134.7,,61.0842,119,109058000,6.4,22.58,383.64,4.05
2/28/1991,6.03518E+12,140.2,134.8,,60.6387,117.2,108735000,6.6,18.13,363.83,3.74
3/31/1991,6.03518E+12,140.5,134.8,,60.2973,116.2,108568000,6.8,18.07,363.34,3.94
4/30/1991,6.12686E+12,140.9,135.1,,60.4524,116,108350000,6.7,18.47,358.38,3.98
5/31/1991,6.12686E+12,141.3,135.6,,61.0587,116.5,108253000,6.9,18.82,356.95,4.05
6/30/1991,6.12686E+12,141.8,136,,61.5514,116.4,108330000,6.9,17.93,366.72,4.39
7/31/1991,6.20594E+12,142.3,136.2,,61.7201,116.1,108290000,6.8,19.05,367.69,4.35
8/31/1991,6.20594E+12,142.9,136.6,,61.7289,116.2,108299000,6.9,19.37,356.31,3.96
9/30/1991,6.20594E+12,143.4,137,,62.2369,116.1,108335000,6.9,20.05,348.74,4.04
10/31/1991,6.26454E+12,143.7,137.2,,62.1718,116.4,108361000,7,21.47,358.69,4.12
11/30/1991,6.26454E+12,144.2,137.8,,62.0894,116.4,108300000,7,20.77,360.17,4.07
12/31/1991,6.26454E+12,144.7,138.2,,61.806,115.9,108330000,7.3,17.75,361.73,3.94
1/31/1992,6.3631E+12,145.1,138.3,,61.4823,115.6,108365000,7.3,17.38,354.45,4.11
2/29/1992,6.3631E+12,145.4,138.6,,61.9192,116,108313000,7.4,17.62,353.91,4.15
3/31/1992,6.3631E+12,145.9,139.1,,62.4403,116.1,108367000,7.4,17.45,344.34,4.11
4/30/1992,6.47076E+12,146.3,139.4,,62.9199,116.3,108517000,7.4,18.63,338.62,4.05
5/31/1992,6.47076E+12,146.8,139.7,,63.1268,117.2,108647000,7.6,19.5,337.24,4.07
6/30/1992,6.47076E+12,147.1,140.1,,63.1624,118,108707000,7.8,20.83,340.81,4.06
7/31/1992,6.56664E+12,147.6,140.5,,63.7348,117.9,108792000,7.7,20.17,352.72,3.97
8/31/1992,6.56664E+12,147.9,140.8,,63.3802,117.7,108916000,7.6,19.62,343.06,3.81
9/30/1992,6.56664E+12,148.1,141.1,,63.5834,118,108952000,7.6,20.15,345.43,3.77
10/31/1992,6.6808E+12,148.8,141.7,,64.0178,118.1,109138000,7.3,20.08,344.38,3.75
11/30/1992,6.6808E+12,149.2,142.1,,64.2628,117.8,109283000,7.4,18.88,335.02,3.77
12/31/1992,6.6808E+12,149.6,142.3,,64.3599,117.6,109502000,7.4,17.93,334.82,3.73
1/31/1993,6.72946E+12,150.1,142.8,,64.6135,118,109790000,7.3,17.22,329.01,3.68
2/28/1993,6.72946E+12,150.6,143.1,,64.9262,118.4,110048000,7.1,18.17,329.31,3.66
3/31/1993,6.72946E+12,150.8,143.3,,64.8627,118.7,110004000,7,18.47,330.08,3.65
4/30/1993,6.80894E+12,151.4,143.8,,65.0423,119.3,110300000,7.1,18.43,342.15,3.95
5/31/1993,6.80894E+12,151.8,144.2,,64.8006,119.7,110571000,7.1,18.17,367.18,4.46
6/30/1993,6.80894E+12,152.1,144.3,,64.9476,119.5,110742000,7,17.47,371.89,4.38
7/31/1993,6.8821E+12,152.3,144.5,,65.1142,119.2,111054000,6.9,16.32,392.19,5.02
8/31/1993,6.8821E+12,152.8,144.8,,65.0421,118.7,111200000,6.8,16.48,378.84,4.84
9/30/1993,6.8821E+12,152.9,145,,65.3749,118.7,111449000,6.7,15.9,355.28,4.22
10/31/1993,7.01374E+12,153.4,145.6,,65.863,119.1,111734000,6.8,16.52,364.18,4.34
11/30/1993,7.01374E+12,153.9,146,,66.1696,119,111988000,6.6,15.2,373.83,4.53
12/31/1993,7.01374E+12,154.3,146.3,,66.5531,118.6,112324000,6.5,13.77,383.3,4.97
1/31/1994,7.11565E+12,154.5,146.3,,66.7591,119.1,112601000,6.6,14.13,386.88,5.15
2/28/1994,7.11565E+12,154.8,146.7,,66.8019,119.3,112782000,6.6,13.78,381.91,5.25
3/31/1994,7.11565E+12,155.3,147.1,,67.4704,119.7,113245000,6.5,13.62,384.13,5.44
4/30/1994,7.24693E+12,155.5,147.2,,67.8707,119.7,113589000,6.4,15.08,377.27,5.35
5/31/1994,7.24693E+12,155.9,147.5,,68.187,119.9,113922000,6.1,16.28,381.43,5.42
6/30/1994,7.24693E+12,156.4,147.9,,68.645,120.5,114239000,6.1,17.17,385.64,5.39
7/31/1994,7.33108E+12,156.7,148.4,,68.7317,120.7,114608000,6.1,17.88,385.49,5.28
8/31/1994,7.33108E+12,157.1,149,,69.1882,121.2,114903000,6,17,380.36,5.2
9/30/1994,7.33108E+12,157.5,149.3,,69.3935,121,115247000,5.9,16.2,391.58,5.52
10/31/1994,7.45529E+12,157.8,149.4,,69.9576,120.9,115457000,5.8,16.47,389.77,5.45
11/30/1994,7.45529E+12,158.2,149.8,,70.4288,121.5,115868000,5.6,17.08,384.39,5.19
12/31/1994,7.45529E+12,158.3,150.1,,71.1273,121.9,116173000,5.5,15.94,379.29,4.78
1/31/1995,7.52229E+12,159,150.5,,71.2635,122.9,116505000,5.6,16.9,378.55,4.77
2/28/1995,7.52229E+12,159.4,150.9,,71.1758,123.5,116694000,5.4,17.42,376.64,4.72
3/31/1995,7.52229E+12,159.9,151.2,,71.2796,123.9,116908000,5.4,17.35,382.12,4.65
4/30/1995,7.581E+12,160.4,151.8,,71.1538,124.6,117065000,5.8,18.65,391.03,5.48
5/31/1995,7.581E+12,160.7,152.1,,71.4997,124.9,117047000,5.6,18.42,385.22,5.56
6/30/1995,7.581E+12,161.1,152.4,,71.7327,125.3,117291000,5.6,17.36,387.56,5.36
7/31/1995,7.68313E+12,161.4,152.6,,71.4334,125.3,117382000,5.7,16.08,386.23,5.16
8/31/1995,7.68313E+12,161.8,152.9,,72.3723,125.1,117646000,5.7,16.47,383.67,5.4
9/30/1995,7.68313E+12,162.2,153.1,,72.6543,125.2,117873000,5.6,16.82,383.06,5.43
10/31/1995,7.77259E+12,162.7,153.5,,72.5336,125.3,118026000,5.5,16.12,383.14,5.37
11/30/1995,7.77259E+12,163,153.7,,72.717,125.4,118165000,5.6,16.74,385.31,5.32
12/31/1995,7.77259E+12,163.1,153.9,,72.9638,125.7,118325000,5.6,17.87,387.44,5.18
1/31/1996,7.86847E+12,163.7,154.7,,72.5712,126.3,118317000,5.6,17.8,399.45,5.46
2/29/1996,7.86847E+12,164,155,,73.6207,126.2,118737000,5.5,17.7,404.76,5.66
3/31/1996,7.86847E+12,164.4,155.5,,73.5141,126.4,118992000,5.5,19.4,396.21,5.52
4/30/1996,8.03284E+12,164.6,156.1,,74.2491,127.4,119158000,5.6,20.66,392.85,5.42
5/31/1996,8.03284E+12,165,156.4,,74.8142,128.1,119496000,5.6,19.06,391.93,5.37
6/30/1996,8.03284E+12,165.4,156.7,,75.3726,128,119770000,5.3,18.51,385.27,5.16
7/31/1996,8.13141E+12,165.7,157,,75.3738,128,120019000,5.5,19.59,383.47,5.07
8/31/1996,8.13141E+12,166,157.2,,75.7557,128.3,120198000,5.1,20.44,387.35,5.14
9/30/1996,8.13141E+12,166.5,157.7,,76.2302,128.2,120400000,5.2,22.26,383.14,5.04
10/31/1996,8.25977E+12,166.8,158.2,,76.2157,128,120665000,5.2,23.61,381.07,4.93
11/30/1996,8.25977E+12,167.2,158.7,,76.8973,128.2,120947000,5.4,22.39,377.85,4.83
12/31/1996,8.25977E+12,167.4,159.1,,77.3772,129.1,121143000,5.4,23.62,369,4.83
1/31/1997,8.36266E+12,167.8,159.4,,77.5135,129.7,121357000,5.3,23.23,355.11,4.77
2/28/1997,8.36266E+12,168.1,159.7,,78.4255,128.5,121674000,5.2,20.42,346.58,5.07
3/31/1997,8.36266E+12,168.4,159.8,,78.9197,127.3,121991000,5.2,19.33,351.81,5.2
4/30/1997,8.51883E+12,168.9,159.9,,78.9848,127,122288000,5.1,17.88,344.47,4.77
5/31/1997,8.51883E+12,169.2,159.9,,79.4296,127.4,122560000,4.9,19.37,343.84,4.75
6/30/1997,8.51883E+12,169.4,160.2,,79.7971,127.2,122816000,5,17.92,340.76,4.76
7/31/1997,8.66282E+12,169.7,160.4,,80.4666,126.9,123114000,4.9,18.33,324.1,4.37
8/31/1997,8.66282E+12,169.8,160.8,,81.2825,127.2,123086000,4.8,18.7,324.01,4.5
9/30/1997,8.66282E+12,170.2,161.2,,82.0327,127.5,123575000,4.9,18.66,322.82,4.73
10/31/1997,8.76591E+12,170.6,161.5,,82.7656,127.8,123924000,4.7,20.04,324.87,5.03
11/30/1997,8.76591E+12,170.8,161.7,,83.427,127.9,124226000,4.6,19.09,306.04,5.08
12/31/1997,8.76591E+12,171.2,161.8,,83.784,126.8,124549000,4.7,17.09,288.74,5.84
1/31/1998,8.86648E+12,171.6,162,,84.1564,125.4,124806000,4.6,15,289.1,5.89
2/28/1998,8.86648E+12,171.9,162,,84.3066,125,125017000,4.6,14.1,297.49,6.81
3/31/1998,8.86648E+12,172.2,162,,84.342,124.7,125165000,4.7,13.12,295.94,6.24
4/30/1998,8.9697E+12,172.5,162.2,,84.6339,124.9,125446000,4.3,13.5,308.29,6.34
5/31/1998,8.9697E+12,172.9,162.6,,85.1867,125.1,125846000,4.4,14.03,299.1,5.58
6/30/1998,8.9697E+12,173.2,162.8,,84.6809,124.8,126076000,4.5,12.48,292.32,5.26
7/31/1998,9.1211E+12,173.5,163.2,,84.3445,124.9,126211000,4.5,12.7,292.87,5.46
8/31/1998,9.1211E+12,174,163.4,,86.0816,124.2,126546000,4.5,12.49,284.11,5.18
9/30/1998,9.1211E+12,174.2,163.5,,86.0023,123.8,126744000,4.6,13.8,288.98,5
10/31/1998,9.29399E+12,174.4,163.9,,86.591,124,126948000,4.5,13.26,295.93,5.01
11/30/1998,9.29399E+12,174.8,164.1,,86.5115,123.6,127223000,4.4,11.88,294.12,4.97
12/31/1998,9.29399E+12,175.4,164.4,,86.8615,122.8,127595000,4.4,10.41,291.68,4.88
1/31/1999,9.41168E+12,175.6,164.7,,87.2205,122.9,127699000,4.3,11.44,287.08,5.14
2/28/1999,9.41168E+12,175.6,164.7,,87.726,122.3,128118000,4.4,10.75,287.33,5.53
3/31/1999,9.41168E+12,175.7,164.8,,87.9125,122.6,128234000,4.2,13.17,285.96,5.19
4/30/1999,9.52621E+12,176.3,165.9,,88.1082,123.6,128596000,4.3,15.87,282.62,5.06
5/31/1999,9.52621E+12,176.5,166,,88.6483,124.7,128813000,4.2,16.06,276.44,5.26
6/30/1999,9.52621E+12,176.6,166,,88.5903,125.2,129084000,4.3,16.39,261.31,5.03
7/31/1999,9.68663E+12,177.1,166.7,,89.1098,125.7,129421000,4.3,18.99,256.08,5.18
8/31/1999,9.68663E+12,177.3,167.1,,89.5007,126.9,129572000,4.2,20.27,256.69,5.26
9/30/1999,9.68663E+12,177.8,167.8,,89.1304,128,129772000,4.2,22.7,264.74,5.21
10/31/1999,9.90017E+12,178.1,168.1,,90.2709,127.7,130178000,4.1,21.95,310.72,5.41
11/30/1999,9.90017E+12,178.4,168.4,,90.7528,128.3,130467000,4.1,24.16,293.18,5.15
12/31/1999,9.90017E+12,178.7,168.8,,91.4784,127.8,130783000,4,25.1,283.07,5.16
1/31/2000,1.00022E+13,179.3,169.3,,91.4092,128.3,131011000,4,25.31,284.32,5.19
2/29/2000,1.00022E+13,179.4,170,,91.7245,129.8,131121000,4.1,27.22,299.86,5.25
3/31/2000,1.00022E+13,180,171,,92.083,130.8,131604000,4,27.49,286.39,5.06
4/30/2000,1.02477E+13,180.3,170.9,,92.6659,130.7,131883000,3.8,23.47,279.69,5.06
5/31/2000,1.02477E+13,180.7,171.2,,92.9347,131.6,132105000,4,27.19,275.19,4.98
6/30/2000,1.02477E+13,181.1,172.2,,93.0018,133.8,132062000,4,29.62,285.73,5
7/31/2000,1.03182E+13,181.5,172.7,,92.8373,133.7,132228000,4,28.18,281.59,4.97
8/31/2000,1.03182E+13,181.9,172.7,,92.591,132.9,132234000,4.1,29.26,274.47,4.89
9/30/2000,1.03182E+13,182.3,173.6,,92.9827,134.7,132338000,3.9,32.08,273.68,4.89
10/31/2000,1.04357E+13,182.6,173.9,,92.64,135.4,132352000,3.9,31.4,270,4.83
11/30/2000,1.04357E+13,183.1,174.2,,92.6604,135,132556000,3.9,32.33,266.01,4.68
12/31/2000,1.04357E+13,183.3,174.6,,92.3457,136.2,132716000,3.9,25.2,271.45,4.64
1/31/2001,1.04702E+13,183.9,175.6,,91.8908,140,132703000,4.2,25.96,265.49,4.66
2/28/2001,1.04702E+13,184.4,176,,91.2851,137.4,132788000,4.2,27.24,261.87,4.56
3/31/2001,1.04702E+13,184.7,176.1,,91.0585,135.9,132751000,4.3,25.02,263.03,4.4
4/30/2001,1.0599E+13,185.1,176.4,,90.7384,136.4,132457000,4.4,25.72,260.48,4.37
5/31/2001,1.0599E+13,185.3,177.3,,90.2607,136.8,132409000,4.3,27.55,272.36,4.43
6/30/2001,1.0599E+13,186,177.7,,89.7811,135.5,132299000,4.5,26.97,270.23,4.37
7/31/2001,1.0598E+13,186.4,177.4,,89.2352,133.4,132171000,4.6,24.8,267.53,4.25
8/31/2001,1.0598E+13,186.7,177.4,,89.157,133.4,132021000,4.9,25.82,272.39,4.22
9/30/2001,1.0598E+13,187.1,178.1,,88.6749,133.3,131763000,5,25.21,283.42,4.35
10/31/2001,1.06605E+13,187.4,177.6,,88.4051,130.3,131452000,5.3,20.73,283.06,4.4
11/30/2001,1.06605E+13,188.1,177.5,,87.886,129.8,131144000,5.5,18.69,276.16,4.12
12/31/2001,1.06605E+13,188.4,177.4,,87.8518,128.1,130983000,5.7,18.52,275.85,4.37
1/31/2002,1.07835E+13,188.7,177.7,,88.4634,128.5,130859000,5.7,19.15,281.51,4.51
2/28/2002,1.07835E+13,189.1,178,,88.4578,128.4,130736000,5.7,19.98,295.5,4.42
3/31/2002,1.07835E+13,189.2,178.5,,89.1265,129.8,130722000,5.7,23.64,294.06,4.54
4/30/2002,1.08875E+13,189.7,179.3,,89.5507,130.8,130615000,5.9,25.43,302.68,4.58
5/31/2002,1.08875E+13,190,179.5,,89.9348,130.8,130632000,5.8,25.67,314.49,4.7
6/30/2002,1.08875E+13,190.2,179.6,,90.6736,130.9,130673000,5.8,24.49,321.18,4.9
7/31/2002,1.0984E+13,190.5,180,,90.6436,131.2,130583000,5.8,25.75,313.29,4.92
8/31/2002,1.0984E+13,191.1,180.5,,90.5505,131.5,130582000,5.7,26.78,310.26,4.54
9/30/2002,1.0984E+13,191.3,180.8,,90.6373,132.3,130503000,5.7,28.28,319.14,4.55
10/31/2002,1.10614E+13,191.5,181.2,,90.3988,133.2,130617000,5.7,27.53,316.56,4.4
11/30/2002,1.10614E+13,191.9,181.5,,90.8947,133.1,130616000,5.9,24.54,319.07,4.51
12/31/2002,1.10614E+13,192.1,181.8,,90.3906,132.9,130465000,6,27.89,331.92,4.63
1/31/2003,1.11741E+13,192.4,182.6,1.7563636363636363,91.1369,135.3,130573000,5.8,30.75,356.86,4.81
2/28/2003,1.11741E+13,192.5,183.6,1.913,91.2505,137.6,130441000,5.9,32.88,358.97,4.66
3/31/2003,1.11741E+13,192.5,183.9,1.8628571428571428,91.0006,141.2,130235000,5.9,30.36,340.55,4.53
4/30/2003,1.13128E+13,192.5,183.2,1.7740909090909092,90.4311,136.8,130172000,6,25.56,328.18,4.49
5/31/2003,1.13128E+13,192.9,182.9,1.6590909090909092,90.4,136.7,130196000,6.1,26.06,355.68,4.74
6/30/2003,1.13128E+13,193,183.1,1.6123809523809522,90.5196,138,130185000,6.3,27.92,356.35,4.53
7/31/2003,1.15667E+13,193.4,183.7,1.8534782608695648,90.9869,137.7,130184000,6.2,28.59,351.02,4.8
8/31/2003,1.15667E+13,193.6,184.5,2.124761904761905,90.7933,138,130153000,6.1,29.68,359.77,4.99
9/30/2003,1.15667E+13,193.7,185.1,2.0913636363636363,91.3819,138.5,130253000,6.1,26.88,378.95,5.17
10/31/2003,1.17722E+13,194,184.9,2.2113043478260868,91.5049,139.3,130440000,6,29.01,378.92,5
11/30/2003,1.17722E+13,194,185,2.337,92.1265,138.9,130481000,5.8,29.12,389.91,5.18
12/31/2003,1.17722E+13,194.2,185.5,2.2821739130434784,92.1732,139.5,130589000,5.7,29.97,406.95,5.63
1/31/2004,1.19234E+13,194.6,186.3,2.260909090909091,92.3268,141.4,130756000,5.7,31.37,413.79,6.3
2/29/2004,1.19234E+13,194.9,186.7,2.3215,92.8995,142.1,130820000,5.6,31.33,404.88,6.44
3/31/2004,1.19234E+13,195.5,187.1,2.361304347826087,92.5368,143.1,131139000,5.8,33.67,406.67,7.23
4/30/2004,1.21128E+13,195.9,187.4,2.4431818181818183,92.8957,144.8,131412000,5.6,33.71,403.26,7.15
5/31/2004,1.21128E+13,196.2,188.2,2.627142857142857,93.5845,146.8,131697000,5.6,37.56,383.78,5.87
6/30/2004,1.21128E+13,196.6,188.9,2.5895454545454544,92.8651,147.2,131794000,5.6,35.54,392.37,5.86
7/31/2004,1.23053E+13,196.8,189.1,2.475909090909091,93.5502,147.4,131853000,5.5,37.89,398.09,6.31
8/31/2004,1.23053E+13,196.9,189.2,2.421818181818182,93.6301,148,131940000,5.4,42.08,400.51,6.66
9/30/2004,1.23053E+13,197.5,189.8,2.330909090909091,93.7353,147.7,132091000,5.4,41.6,405.28,6.4
10/31/2004,1.25272E+13,197.9,190.8,2.3680952380952385,94.5695,150,132431000,5.5,46.88,420.46,7.1
11/30/2004,1.25272E+13,198.3,191.7,2.519090909090909,94.8015,151.4,132504000,5.4,42.13,439.38,7.49
12/31/2004,1.25272E+13,198.6,191.7,2.5643478260869563,95.5415,150.2,132629000,5.4,39.04,442.08,7.09
1/31/2005,1.27673E+13,199,191.6,2.4985714285714287,95.8785,150.9,132781000,5.3,42.97,424.03,6.62
2/28/2005,1.27673E+13,199.4,192.4,2.5375,96.5709,151.6,133033000,5.4,44.82,423.35,7.03
3/31/2005,1.27673E+13,200.1,193.1,2.71,96.4345,153.7,133152000,5.2,50.94,433.85,7.23
4/30/2005,1.29227E+13,200.2,193.7,2.6352380952380954,96.6347,155,133519000,5.2,50.64,429.23,7.12
5/31/2005,1.29227E+13,200.5,193.6,2.4872727272727277,96.7251,154.3,133689000,5.1,47.83,421.87,7.02
6/30/2005,1.29227E+13,200.6,193.7,2.323636363636364,97.1483,154.3,133947000,5,53.89,430.66,7.31
7/31/2005,1.31426E+13,200.9,194.9,2.301428571428571,96.8397,156.3,134300000,5,56.37,424.48,7.01
8/31/2005,1.31426E+13,201.1,196.1,2.373478260869565,97.1584,157.6,134503000,4.9,61.89,437.93,7.03
9/30/2005,1.31426E+13,201.3,198.8,2.497272727272727,95.2764,162.2,134554000,5,61.69,456.05,7.15
10/31/2005,1.33242E+13,202,199.1,2.517619047619048,96.4411,166.2,134643000,5,58.19,469.9,7.67
11/30/2005,1.33242E+13,202.5,198.1,2.4681818181818183,97.5016,163.7,134999000,5,55.04,476.67,7.87
12/31/2005,1.33242E+13,202.8,198.1,2.3422727272727277,97.9723,163,135158000,4.9,56.43,510.1,8.63
1/31/2006,1.35992E+13,203.2,199.3,2.4054545454545457,98.127,164.3,135426000,4.7,62.46,549.86,9.14
2/28/2006,1.35992E+13,203.6,199.4,2.5195,98.1687,161.8,135731000,4.8,59.7,555,9.53
3/31/2006,1.35992E+13,204.3,199.7,2.526521739130435,98.3913,162.2,136036000,4.7,60.93,557.09,10.38
4/30/2006,1.37534E+13,204.8,200.7,2.581,98.6826,164.3,136208000,4.7,67.97,610.65,12.61
5/31/2006,1.37534E+13,205.4,201.3,2.6621739130434783,98.7074,165.8,136249000,4.6,68.68,675.39,13.38
6/30/2006,1.37534E+13,205.9,201.8,2.5768181818181817,99.0398,166.1,136335000,4.6,68.29,596.15,10.8
7/31/2006,1.38702E+13,206.3,202.9,2.580952380952381,98.9751,166.8,136529000,4.7,72.45,633.71,11.23
8/31/2006,1.38702E+13,206.8,203.8,2.585652173913044,99.4047,167.9,136693000,4.7,71.81,632.59,12.19
9/30/2006,1.38702E+13,207.2,202.8,2.4033333333333333,99.2246,165.4,136829000,4.5,62.12,598.19,11.68
10/31/2006,1.40396E+13,207.6,201.9,2.3181818181818183,99.1229,162.2,136846000,4.4,57.91,585.78,11.56
11/30/2006,1.40396E+13,207.8,202,2.3018181818181818,99.0963,164.6,137061000,4.5,58.14,627.83,12.93
12/31/2006,1.40396E+13,208.1,203.1,2.3123809523809524,100.1125,165.6,137249000,4.4,60.99,629.79,13.28
1/31/2007,1.42157E+13,208.6,203.437,2.32,99.7546,164,137472000,4.6,53.52,631.17,12.84
2/28/2007,1.42157E+13,209.135,204.226,2.3605,100.7166,166.8,137558000,4.5,57.56,664.75,13.91
3/31/2007,1.42157E+13,209.418,205.288,2.3877272727272727,100.8952,169.3,137782000,4.4,60.6,654.9,13.18
4/30/2007,1.44021E+13,209.747,205.904,2.4380952380952383,101.5723,171.4,137845000,4.5,65.06,679.37,13.72
5/31/2007,1.44021E+13,210.058,206.755,2.372608695652174,101.6269,173.3,137993000,4.4,65.16,667.31,13.15
6/30/2007,1.44021E+13,210.392,207.234,2.4119047619047618,101.6547,173.8,138069000,4.6,68.19,655.66,13.14
7/31/2007,1.45641E+13,210.773,207.603,2.3677272727272727,101.4953,175.1,138044000,4.7,73.6,665.38,12.91
8/31/2007,1.45641E+13,211.119,207.667,2.236521739130435,101.6943,172.4,138013000,4.6,70.13,665.41,12.33
9/30/2007,1.45641E+13,211.554,208.547,2.261,101.9428,173.5,138101000,4.7,76.76,712.65,12.83
10/31/2007,1.47151E+13,212.077,209.19,2.324782608695652,101.6446,174.7,138177000,4.7,81.97,754.6,13.67
11/30/2007,1.47151E+13,212.66,210.834,2.381818181818182,102.2167,179,138291000,4.7,91.34,806.25,14.7
12/31/2007,1.47151E+13,213.168,211.445,2.3104761904761904,102.2764,178.6,138395000,5,89.52,803.2,14.3
1/31/2008,1.47065E+13,213.771,212.174,2.275217391304348,102.1493,181,138391000,5,90.69,889.6,15.91
2/29/2008,1.47065E+13,213.939,212.687,2.33,101.7756,182.7,138327000,4.9,93.39,922.3,17.57
3/31/2008,1.47065E+13,214.42,213.448,2.414285714285714,101.4508,187.9,138257000,5.1,101.84,968.43,19.32
4/30/2008,1.48657E+13,214.56,213.942,2.3127272727272725,100.7554,190.9,138038000,5,108.76,909.71,17.5
5/31/2008,1.48657E+13,214.936,215.208,2.4231818181818183,100.1336,196.6,137851000,5.4,122.63,888.66,17.06
6/30/2008,1.48657E+13,215.424,217.463,2.470952380952381,99.8728,200.5,137698000,5.6,131.52,889.49,16.97
7/31/2008,1.4899E+13,215.965,219.016,2.4443478260869567,99.4194,205.5,137498000,5.8,132.83,939.77,18.03
8/31/2008,1.4899E+13,216.393,218.69,2.2095238095238097,97.8491,199,137211000,6.1,114.57,839.03,14.64
9/30/2008,1.4899E+13,216.713,218.877,1.8504545454545456,93.5576,196.9,136762000,6.1,99.66,829.93,12.37
10/31/2008,1.46082E+13,216.788,216.995,1.0556521739130436,94.4985,186.4,136293000,6.5,72.69,806.62,10.44
11/30/2008,1.46082E+13,216.947,213.153,0.639,93.2617,176.8,135543000,6.8,53.97,760.86,9.87
12/31/2008,1.46082E+13,216.925,211.398,0.2413043478260869,90.6266,170.9,134847000,7.3,41.34,816.09,10.29
1/31/2009,1.44309E+13,217.346,211.933,0.5804545454545454,88.3712,171.2,134078000,7.8,43.86,858.69,11.27
2/28/2009,1.44309E+13,217.792,212.705,1.1225,87.843,169.3,133317000,8.3,41.84,943,13.41
3/31/2009,1.44309E+13,218.253,212.495,1.1104545454545454,86.4689,168.1,132492000,8.7,46.65,924.27,13.12
4/30/2009,1.43812E+13,218.706,212.709,1.3586363636363636,85.7903,169.1,131821000,9,50.28,890.2,12.48
5/31/2009,1.43812E+13,218.904,213.022,1.5833333333333333,84.9436,170.8,131468000,9.4,58.15,928.65,13.98
6/30/2009,1.43812E+13,219.112,214.79,1.8595454545454544,84.6746,174.1,131007000,9.5,69.15,945.67,14.65
7/31/2009,1.44489E+13,219.263,214.726,1.7352173913043476,85.6853,172.5,130662000,9.5,64.67,934.23,13.36
8/31/2009,1.44489E+13,219.496,215.445,1.8133333333333328,86.6393,175,130472000,9.6,71.63,949.38,14.36
9/30/2009,1.44489E+13,219.92,215.861,1.7595454545454543,87.3821,174.1,130247000,9.8,68.35,996.59,16.39
10/31/2009,1.46512E+13,220.501,216.509,1.9013636363636364,87.5809,175.2,130062000,10,74.08,1043.16,17.24
11/30/2009,1.46512E+13,220.666,217.234,2.1300000000000003,87.9388,177.4,130058000,9.9,77.55,1127.04,17.82
12/31/2009,1.46512E+13,220.881,217.347,2.2295652173913045,88.2404,178.1,129808000,9.9,74.88,1134.72,17.64
1/31/2010,1.47646E+13,220.633,217.488,2.359047619047619,89.1897,181.9,129802000,9.8,77.12,1117.96,17.75
2/28/2010,1.47646E+13,220.731,217.281,2.27,89.5046,181,129705000,9.8,74.76,1095.41,15.87
3/31/2010,1.47646E+13,220.783,217.353,2.219130434782609,90.1356,183.3,129865000,9.9,79.3,1113.34,17.11
4/30/2010,1.49802E+13,220.822,217.403,2.3459090909090907,90.4607,184.4,130120000,9.9,84.18,1148.69,18.06
5/31/2010,1.49802E+13,220.962,217.29,2.107142857142857,91.7014,184.8,130643000,9.6,75.62,1205.43,18.43
6/30/2010,1.49802E+13,221.194,217.199,1.947272727272727,91.9033,183.5,130509000,9.4,74.73,1232.92,18.45
7/31/2010,1.51416E+13,221.363,217.605,1.7686363636363638,92.2549,184.1,130415000,9.4,74.58,1192.97,17.96
8/31/2010,1.51416E+13,221.509,217.923,1.6768181818181818,92.5936,184.9,130416000,9.5,75.83,1215.81,18.39
9/30/2010,1.51416E+13,221.711,218.275,1.7331818181818184,92.8533,184.9,130342000,9.5,76.12,1270.98,20.55
10/31/2010,1.53095E+13,221.83,219.035,2.012380952380952,92.6033,186.6,130621000,9.4,81.72,1342.02,23.39
11/30/2010,1.53095E+13,222.149,219.59,2.098181818181818,92.6686,187.7,130749000,9.8,84.53,1369.89,26.54
12/31/2010,1.53095E+13,222.343,220.472,2.2504347826086954,93.5916,189.7,130830000,9.3,90.01,1390.55,29.32
1/31/2011,1.53514E+13,222.803,221.187,2.3342857142857145,93.3889,192.7,130837000,9.1,92.69,1360.46,28.51
2/28/2011,1.53514E+13,223.213,221.898,2.3385,93.0045,195.8,131056000,9,97.91,1374.68,30.78
3/31/2011,1.53514E+13,223.454,223.046,2.450434782608696,93.9684,199.2,131282000,9,108.65,1423.26,35.81
4/30/2011,1.55575E+13,223.727,224.093,2.591428571428572,93.6571,203.1,131597000,9.1,116.24,1480.89,42.7
5/31/2011,1.55575E+13,224.175,224.806,2.385,93.7723,204.1,131704000,9,108.07,1512.58,37.34
6/30/2011,1.55575E+13,224.697,224.806,2.2468181818181816,94.0493,203.9,131931000,9.1,105.85,1529.36,35.8
7/31/2011,1.56477E+13,225.218,225.395,2.382857142857143,94.4958,204.6,131993000,9,107.92,1572.75,37.92
8/31/2011,1.56477E+13,225.862,226.106,2.167826086956522,95.0974,203.2,132125000,9,100.49,1759.01,40.33
9/30/2011,1.56477E+13,226.118,226.597,1.903181818181818,95.0244,203.7,132344000,9,100.82,1772.14,38.15
10/31/2011,1.58423E+13,226.506,226.75,1.9647619047619047,95.6891,201.1,132553000,8.8,99.85,1666.43,31.97
11/30/2011,1.58423E+13,226.899,227.169,2.01,95.6778,201.4,132690000,8.6,105.41,1739,33.08
12/31/2011,1.58423E+13,227.405,227.223,2.012272727272727,96.1809,199.8,132888000,8.5,104.23,1639.97,30.3
1/31/2012,1.60688E+13,227.877,227.842,2.067272727272727,96.7595,200.7,133245000,8.3,107.07,1654.05,30.65
2/29/2012,1.60688E+13,228.034,228.329,2.222857142857143,97.0662,201.6,133508000,8.3,112.69,1744.82,34.14
3/31/2012,1.60688E+13,228.478,228.807,2.314090909090909,96.5609,204.2,133748000,8.2,117.79,1675.95,32.95
4/30/2012,1.62071E+13,228.905,229.187,2.2666666666666666,97.251,203.7,133825000,8.2,113.67,1649.2,31.53
5/31/2012,1.62071E+13,229.224,228.713,2.143913043478261,97.4595,201.9,133933000,8.2,104.09,1589.04,28.72
6/30/2012,1.62071E+13,229.623,228.524,2.1228571428571428,97.4768,199.8,134012000,8.2,90.73,1598.76,27.98
7/31/2012,1.63195E+13,229.97,228.59,2.1286363636363634,97.6714,200.1,134157000,8.2,96.75,1594.29,27.43
8/31/2012,1.63195E+13,230.233,229.918,2.263913043478261,97.2734,202.7,134338000,8.1,105.27,1630.31,28.8
9/30/2012,1.63195E+13,230.659,231.015,2.427,97.2217,204.4,134517000,7.8,106.28,1744.81,33.61
10/31/2012,1.64204E+13,231.024,231.638,2.4969565217391305,97.5311,203.5,134668000,7.8,103.41,1746.58,33.19
11/30/2012,1.64204E+13,231.33,231.249,2.425909090909091,97.9084,201.8,134825000,7.7,101.17,1721.64,32.77
12/31/2012,1.64204E+13,231.725,231.221,2.4766666666666666,98.1884,201.5,135074000,7.9,101.19,1684.76,31.87
1/31/2013,1.66482E+13,232.229,231.679,2.5204347826086955,98.1736,202.5,135257000,8,105.1,1671.85,31.06
2/28/2013,1.66482E+13,232.569,232.937,2.554,98.6434,204.3,135545000,7.7,107.64,1627.57,30.33
3/31/2013,1.66482E+13,232.794,232.282,2.540952380952381,99.047,204,135689000,7.5,102.52,1593.09,28.79
4/30/2013,1.67287E+13,232.832,231.797,2.411363636363636,98.9445,203.5,135873000,7.6,98.85,1487.86,25.36
5/31/2013,1.67287E+13,232.996,231.893,2.282608695652174,99.0383,204.1,136095000,7.5,99.37,1414.03,23.04
6/30/2013,1.67287E+13,233.35,232.445,2.0485,99.2221,204.3,136279000,7.5,99.74,1343.35,21.11
7/31/2013,1.69538E+13,233.88,232.9,2.1186956521739133,98.8987,204.4,136391000,7.3,105.26,1285.52,19.71
8/31/2013,1.69538E+13,234.336,233.456,2.1845454545454546,99.4897,204.2,136646000,7.2,108.16,1351.74,21.89
9/30/2013,1.69538E+13,234.7,233.544,2.143333333333333,100.021,203.9,136821000,7.2,108.76,1348.6,22.56
10/31/2013,1.7192E+13,234.921,233.669,2.187826086956522,99.9037,202.5,137041000,7.2,105.43,1316.58,21.92
11/30/2013,1.7192E+13,235.359,234.1,2.1704761904761902,100.1582,201.2,137316000,6.9,102.63,1275.86,20.76
12/31/2013,1.7192E+13,235.759,234.719,2.1645454545454546,100.374,202,137373000,6.7,105.48,1221.51,19.67
1/31/2014,1.71977E+13,235.961,235.288,2.2282608695652173,99.9899,203.8,137561000,6.6,102.1,1244.27,19.88
2/28/2014,1.71977E+13,236.185,235.547,2.1575,100.7471,205.7,137712000,6.7,104.83,1299.58,20.85
3/31/2014,1.71977E+13,236.625,236.028,2.167619047619048,101.7435,207,137985000,6.7,104.04,1336.08,20.72
4/30/2014,1.75185E+13,237.072,236.468,2.1645454545454546,101.8273,208.3,138297000,6.2,104.87,1298.45,19.74
5/31/2014,1.75185E+13,237.529,236.918,2.192272727272728,102.2392,208,138512000,6.3,105.71,1288.74,19.34
6/30/2014,1.75185E+13,237.837,237.231,2.229047619047619,102.5774,208.3,138849000,6.1,108.37,1279.1,19.89
7/31/2014,1.78042E+13,238.195,237.498,2.263478260869565,102.7954,208,139073000,6.2,105.23,1310.59,20.92
8/31/2014,1.78042E+13,238.405,237.46,2.1961904761904765,102.6322,207,139269000,6.1,100.05,1295.13,19.74
9/30/2014,1.78042E+13,238.786,237.477,2.075454545454545,102.9417,206.4,139563000,5.9,95.85,1236.55,18.37
10/31/2014,1.79121E+13,239.191,237.43,1.9217391304347824,102.9611,203.4,139797000,5.7,86.08,1222.49,17.16
11/30/2014,1.79121E+13,239.458,236.983,1.88,103.5978,200.9,140090000,5.8,76.99,1175.33,15.97
12/31/2014,1.79121E+13,239.584,236.252,1.6960869565217391,103.6151,197,140364000,5.6,60.7,1200.62,16.3
1/31/2015,1.80635E+13,239.811,234.747,1.61,102.7923,192,140568000,5.7,47.11,1250.75,17.24
2/28/2015,1.80635E+13,240.172,235.342,1.7134999999999998,102.1366,191.1,140827000,5.5,54.79,1227.08,16.79
3/31/2015,1.80635E+13,240.755,235.976,1.7618181818181815,101.7869,191.5,140923000,5.4,52.83,1178.63,16.24
4/30/2015,1.82798E+13,241.346,236.222,1.8581818181818184,101.2255,190.9,141196000,5.4,57.54,1198.93,16.34
5/31/2015,1.82798E+13,241.688,237.001,1.8657142857142857,100.7675,193.4,141538000,5.6,62.51,1198.63,16.83
6/30/2015,1.82798E+13,242.064,237.657,1.8659090909090907,100.4588,194.8,141709000,5.3,61.31,1181.5,16.08
7/31/2015,1.84016E+13,242.565,238.034,1.824782608695652,101.0893,193.9,141991000,5.2,54.34,1128.31,15.05
8/31/2015,1.84016E+13,242.817,238.033,1.6114285714285717,100.9165,191.9,142125000,5.1,45.69,1117.93,14.94
9/30/2015,1.84016E+13,243.316,237.498,1.5222727272727274,100.633,189.1,142275000,5,46.28,1124.77,14.75
10/31/2015,1.84351E+13,243.768,237.733,1.5004545454545453,100.1563,187.5,142579000,5,46.96,1159.25,15.81
11/30/2015,1.84351E+13,244.241,238.017,1.5714285714285714,99.4366,185.7,142808000,5.1,43.11,1086.44,14.45
12/31/2015,1.84351E+13,244.547,237.761,1.5152173913043478,98.9471,183.5,143077000,5,36.57,1075.74,14.13
1/31/2016,1.85259E+13,244.955,237.652,1.4228571428571428,99.4391,182.6,143210000,4.8,29.78,1097.91,14.11
2/29/2016,1.85259E+13,245.51,237.336,1.3047619047619048,98.9232,181.3,143407000,4.9,31.03,1199.5,15.17
3/31/2016,1.85259E+13,245.913,238.08,1.552608695652174,98.1635,182.1,143662000,5,37.34,1245.14,15.47
4/30/2016,1.87117E+13,246.551,238.992,1.6147619047619048,98.4775,183.2,143855000,5.1,40.75,1242.26,16.36
5/31/2016,1.87117E+13,247.137,239.557,1.5936363636363635,98.2549,185.3,143900000,4.8,45.94,1260.95,16.95
6/30/2016,1.87117E+13,247.54,240.222,1.4700000000000002,98.7315,187.6,144146000,4.9,47.69,1276.4,17.29
7/31/2016,1.88926E+13,247.829,240.101,1.4638095238095237,98.8452,187.7,144520000,4.8,44.13,1336.66,19.99
8/31/2016,1.88926E+13,248.423,240.545,1.4682608695652173,98.7427,186.6,144662000,4.9,44.88,1340.17,19.59
9/30/2016,1.88926E+13,248.842,241.176,1.5127272727272727,98.6552,186.9,144967000,5,45.04,1326.61,19.36
10/31/2016,1.90894E+13,249.142,241.741,1.6652380952380952,98.7237,186.7,145066000,4.9,49.29,1266.55,17.66
11/30/2016,1.90894E+13,249.481,242.026,1.829090909090909,98.3443,186.3,145183000,4.7,45.26,1238.35,17.41
12/31/2016,1.90894E+13,249.92,242.637,1.9372727272727277,99.0406,188.2,145408000,4.7,52.62,1157.36,16.43
1/31/2017,1.92801E+13,250.467,243.618,2.007727272727273,98.8158,190.7,145628000,4.7,53.59,1192.1,16.9
2/28/2017,1.92801E+13,250.998,244.006,2.0185,98.4356,191.6,145848000,4.6,54.35,1234.2,17.93
3/31/2017,1.92801E+13,250.944,243.892,1.996086956521739,99.0492,191.5,145969000,4.4,50.9,1231.42,17.63
4/30/2017,1.94386E+13,251.227,244.193,1.907,100.0416,193,146174000,4.4,52.16,1266.88,18.03
5/31/2017,1.94386E+13,251.43,244.004,1.8356521739130436,100.128,192.8,146380000,4.4,49.89,1246.04,16.75
6/30/2017,1.94386E+13,251.746,244.163,1.7286363636363635,100.337,193.6,146583000,4.3,46.17,1260.26,16.93
7/31/2017,1.96926E+13,251.985,244.243,1.7709523809523808,100.0865,193.5,146772000,4.3,47.66,1236.84,16.15
8/31/2017,1.96926E+13,252.535,245.183,1.7756521739130435,99.6323,193.8,146919000,4.4,49.94,1283.04,16.95
9/30/2017,1.96926E+13,252.812,246.435,1.831904761904762,99.7482,194.8,147007000,4.3,52.95,1314.07,17.43
10/31/2017,2.00371E+13,253.526,246.626,1.8622727272727275,100.9893,194.9,147150000,4.2,54.92,1279.51,16.94
11/30/2017,2.00371E+13,253.816,247.284,1.856818181818182,101.2493,195.9,147373000,4.2,59.93,1281.9,16.98
12/31/2017,2.00371E+13,254.344,247.805,1.9014285714285717,101.4871,196.3,147523000,4.1,61.19,1264.45,16.17
1/31/2018,2.03286E+13,255.204,248.859,2.038695652173913,101.4852,197.9,147660000,4,66.23,1331.3,17.13
2/28/2018,2.03286E+13,255.711,249.529,2.101,101.7319,199.3,148054000,4.1,63.46,1330.73,16.58
3/31/2018,2.03286E+13,256.271,249.577,2.088636363636364,102.1943,199.3,148280000,4,64.17,1324.66,16.47
4/30/2018,2.05809E+13,256.63,250.227,2.1276190476190475,103.3551,200.3,148422000,4,68.79,1334.76,16.65
5/31/2018,2.05809E+13,257.145,250.792,2.139565217391304,102.381,203.2,148740000,3.8,73.43,1303.45,16.49
6/30/2018,2.05809E+13,257.399,251.018,2.117619047619048,103.2256,204.2,148959000,4,71.98,1281.57,16.54
7/31/2018,2.07987E+13,257.699,251.214,2.1145454545454543,103.3561,204.3,149020000,3.8,72.67,1237.71,15.72
8/31/2018,2.07987E+13,257.891,251.663,2.0991304347826087,104.0585,203.4,149279000,3.8,71.08,1201.71,14.99
9/30/2018,2.07987E+13,258.368,252.182,2.121,104.1038,203.6,149358000,3.7,75.36,1198.39,14.27
10/31/2018,2.09179E+13,258.917,252.772,2.1134782608695653,103.9297,204.6,149526000,3.8,76.73,1215.39,14.6
11/30/2018,2.09179E+13,259.439,252.594,2.004090909090909,104.0126,202.3,149617000,3.8,62.32,1220.65,14.35
12/31/2018,2.09179E+13,260.063,252.767,1.8190476190476192,104.0451,201,149809000,3.9,53.96,1250.4,14.77
1/31/2019,2.11116E+13,260.766,252.561,1.7917391304347827,103.3598,199.1,150059000,4,56.58,1291.75,15.62
2/28/2019,2.11116E+13,261.186,253.319,1.876,102.8251,199.2,150065000,3.8,61.13,1320.07,15.82
3/31/2019,2.11116E+13,261.567,254.277,1.912857142857143,102.8361,200.8,150295000,3.8,63.79,1300.9,15.3
4/30/2019,2.13979E+13,261.997,255.233,1.9372727272727277,102.2748,202.1,150593000,3.7,68.58,1285.91,15.06
5/31/2019,2.13979E+13,262.217,255.296,1.8234782608695648,102.4176,201.7,150621000,3.6,66.83,1283.7,14.66
6/30/2019,2.13979E+13,262.739,255.213,1.7,102.5425,200.3,150839000,3.6,59.76,1359.04,15.04
7/31/2019,2.17172E+13,263.28,255.802,1.7482608695652175,102.0057,200.7,150936000,3.7,61.48,1412.89,15.79
8/31/2019,2.17172E+13,263.877,256.036,1.5863636363636362,102.7814,199.2,151171000,3.6,57.67,1500.41,17.22
9/30/2019,2.17172E+13,264.388,256.43,1.5852380952380951,102.4601,198.4,151365000,3.5,60.04,1510.58,18.16
10/31/2019,2.19332E+13,264.97,257.155,1.5608695652173912,101.5878,198.6,151460000,3.6,57.27,1494.81,17.65
11/30/2019,2.19332E+13,265.548,257.879,1.643333333333333,102.1494,199,151668000,3.6,60.4,1470.79,17.17
12/31/2019,2.19332E+13,266.02,258.63,1.7195454545454545,101.9421,199,151795000,3.6,63.35,1479.13,17.14
1/31/2020,2.17277E+13,266.716,259.127,1.7243478260869565,101.3372,199.3,152031000,3.6,61.63,1560.67,17.97
2/29/2020,2.17277E+13,267.37,259.25,1.618,101.6718,196.7,152292000,3.5,53.35,1597.1,17.88
3/31/2020,2.17277E+13,267.054,258.076,0.9868181818181818,97.606,193.1,150895000,4.4,32.2,1591.93,14.88
4/30/2020,1.99354E+13,265.746,256.032,1.1090909090909091,84.6812,185.5,130424000,14.8,21.04,1683.17,15.07
5/31/2020,1.99354E+13,265.412,255.802,1.1157142857142857,86.0108,188.6,133040000,13.2,30.38,1715.91,16.26
6/30/2020,1.99354E+13,265.849,257.042,1.2731818181818182,91.6745,191.2,137671000,11,39.46,1732.22,17.71
7/31/2020,2.16846E+13,267.389,258.352,1.454347826086957,95.0037,193,139255000,10.2,42.07,1846.51,20.65
8/31/2020,2.16846E+13,268.422,259.316,1.6614285714285717,95.9294,194.3,140819000,8.4,43.44,1968.63,27
9/30/2020,2.16846E+13,268.933,259.997,1.658181818181818,95.8914,195.5,141770000,7.8,40.6,1921.92,25.74
10/31/2020,2.20688E+13,269.306,260.319,1.7049999999999998,96.5256,196.5,142461000,6.9,39.9,1900.27,24.23
11/30/2020,2.20688E+13,269.981,260.911,1.716190476190476,96.9529,198.3,142731000,6.7,42.3,1866.3,24.08
12/31/2020,2.20688E+13,270.341,262.045,1.9182608695652168,98.2039,200.5,142548000,6.7,48.73,1858.42,24.97
1/31/2021,2.26568E+13,270.416,262.639,2.078095238095238,98.8135,204.8,142913000,6.4,53.6,1866.98,25.88
2/28/2021,2.26568E+13,270.776,263.573,2.1815,95.5072,210.6,143422000,6.2,60.46,1808.17,27.29
3/31/2021,2.26568E+13,271.453,264.847,2.275217391304348,98.1929,215,144246000,6.1,63.83,1718.23,25.65
4/30/2021,2.33689E+13,273.626,266.625,2.3495454545454546,98.3317,217.9,144611000,6.1,62.95,1760.04,25.69
5/31/2021,2.33689E+13,275.457,268.404,2.4657142857142857,99.1867,224.9,145032000,5.8,66.4,1850.26,27.5
6/30/2021,2.33689E+13,277.608,270.71,2.3427272727272728,99.6483,228.9,145828000,5.9,71.8,1834.57,27
7/31/2021,2.3922E+13,278.639,271.965,2.3277272727272726,100.0668,231.85,146759000,5.4,73.28,1807.84,25.68
8/31/2021,2.3922E+13,279.021,272.752,2.348636363636364,100.0412,233.415,147246000,5.1,68.87,1785.28,23.99
9/30/2021,2.3922E+13,279.727,273.942,2.344090909090909,98.9955,235.678,147712000,4.7,72.8,1775.14,23.19
10/31/2021,2.4777E+13,281.649,276.528,2.5333333333333337,100.3542,240.465,148569000,4.5,82.06,1776.85,23.41
11/30/2021,2.4777E+13,283.411,278.824,2.6195454545454546,101.2684,243.287,149206000,4.2,79.92,1821.76,24.18
12/31/2021,2.4777E+13,285.221,280.806,2.458695652173913,101.1948,241.338,149781000,3.9,72.87,1790.43,22.53
1/31/2022,2.52155E+13,286.799,282.542,2.449047619047619,101.2146,246.453,150006000,4,83.92,1816.02,23.16
2/28/2022,2.52155E+13,288.256,284.525,2.4555,101.8458,252.66,150875000,3.8,93.54,1856.3,23.54
3/31/2022,2.52155E+13,289.044,287.467,2.8465217391304347,102.6732,260.014,151346000,3.7,112.4,1947.83,25.31
4/30/2022,2.58058E+13,290.474,288.582,2.8842857142857143,102.9024,265.31,151651000,3.7,103.41,1936.86,24.55
5/31/2022,2.58058E+13,292.039,291.299,2.685909090909091,102.9659,273.251,151892000,3.6,110.1,1848.5,21.91
6/30/2022,2.58058E+13,294.009,295.072,2.6159090909090907,102.8224,280.251,152353000,3.6,116.8,1836.57,21.56
7/31/2022,2.6272E+13,295.08,294.94,2.360952380952381,103.0505,272.274,153049000,3.5,105.08,1732.74,19.08
8/31/2022,2.6272E+13,296.582,295.162,2.508260869565217,103.1703,269.546,153286000,3.6,95.97,1764.56,19.72
9/30/2022,2.6272E+13,298.281,296.421,2.386363636363636,103.5326,267.898,153513000,3.5,88.22,1680.78,18.94
10/31/2022,2.67343E+13,299.381,297.979,2.387619047619048,103.4442,265.061,153913000,3.6,90.33,1664.45,19.43
11/30/2022,2.67343E+13,300.316,298.708,2.369545454545454,103.1058,263.157,154210000,3.6,87.38,1725.07,21.02
12/31/2022,2.67343E+13,301.433,298.808,2.256818181818182,101.8266,257.897,154336000,3.5,78.07,1797.55,23.33
1/31/2023,2.71644E+13,302.685,300.456,2.2372727272727277,102.7476,260.227,154780000,3.5,80.41,1897.71,23.65
2/28/2023,2.71644E+13,304.097,301.476,2.335,102.8003,258.669,155086000,3.6,80.25,1854.54,21.92
3/31/2023,2.71644E+13,305.123,301.643,2.3021739130434784,102.8143,257.062,155171000,3.5,76.47,1912.73,21.98
4/30/2023,2.74538E+13,306.49,302.858,2.2665,103.2241,256.908,155387000,3.4,82.46,1999.77,25.01
5/31/2023,2.74538E+13,307.623,303.316,2.2143478260869567,102.9809,253.67,155614000,3.6,74.12,1992.13,24.27
6/30/2023,2.74538E+13,308.291,304.099,2.201363636363636,102.3809,253.86,155871000,3.6,73.26,1942.9,23.42
7/31/2023,2.79677E+13,308.959,304.615,2.2942857142857145,103.0722,253.835,156019000,3.5,78.98,1951.02,24.26
8/31/2023,2.79677E+13,309.646,306.138,2.335217391304348,103.0951,257.68,156176000,3.7,84.72,1918.7,23.44
9/30/2023,2.79677E+13,310.616,307.374,2.3380952380952382,103.3081,258.934,156334000,3.8,92.22,1915.95,23.1
10/31/2023,2.8297E+13,311.433,307.653,2.382727272727273,102.5781,255.192,156520000,3.9,89.08,1916.25,22.38
11/30/2023,2.8297E+13,312.373,308.087,2.3022727272727272,102.8868,252.856,156661000,3.7,81.35,1984.11,23.49
12/31/2023,2.8297E+13,313.23,308.735,2.184761904761905,102.6309,249.866,156930000,3.8,75.72,2026.18,23.88
1/31/2024,2.86241E+13,314.389,309.794,2.261739130434783,101.483,251.306,157049000,3.7,77.67,2034.04,22.92
2/29/2024,2.86241E+13,315.555,311.022,2.2847619047619045,102.7267,254.926,157271000,3.9,80.55,2023.24,22.66
3/31/2024,2.86241E+13,316.762,312.107,2.3119047619047617,102.5186,255.095,157517000,3.9,83.55,2158.01,24.52
4/30/2024,2.90167E+13,317.596,313.016,2.394090909090909,102.3568,256.978,157635000,3.9,88.01,2331.45,27.49
5/31/2024,2.90167E+13,318.053,313.14,2.333478260869565,102.9797,255.313,157828000,4,81.45,2351.13,29.36
6/30/2024,2.90167E+13,318.343,313.131,2.253,103.2534,255.914,157915000,4.1,81.21,2326.44,29.58
7/31/2024,2.93749E+13,318.933,313.566,2.2743478260869567,102.5192,257.321,158003000,4.2,83.26,2398.2,29.77
8/31/2024,2.93749E+13,319.839,314.131,2.11,103.0196,255.463,158074000,4.2,78.12,2470.15,28.53
9/30/2024,2.93749E+13,320.835,314.851,2.1095238095238096,102.5954,252.682,158314000,4.1,72.42,2570.55,30.13
10/31/2024,2.97196E+13,321.688,315.564,2.287826086956521,102.2669,253.081,158358000,4.1,73.97,2690.08,32.42
11/30/2024,2.97196E+13,322.619,316.449,2.319523809523809,102.0231,253.196,158619000,4.2,72.29,2651.13,31.09
12/31/2024,2.97196E+13,323.296,317.603,2.305454545454545,103.1654,253.406,158942000,4.1,72.31,2648.01,30.76
1/31/2025,,324.739,319.086,2.398260869565217,103.435,257.202,159067000,4,78.16,2709.69,30.41
2/28/2025,,325.475,319.775,2.4245,104.2062,259.726,159218000,4.1,73.82,2894.73,32.15
