date,usd_fx_index,aud_usd,eur_usd,gbp_usd,cad_usd,cny_usd,jpy_usd,chf_usd
1/31/1971,,1.1181,,0.024058,1.0118,,358.02,4.3053
2/28/1971,,1.1238,,0.024178,1.0075,,357.545,4.2981
3/31/1971,,1.1243,,0.024187,1.0064,,357.5187,4.3003
4/30/1971,,1.1238,,0.024179,1.0077,,357.5032,4.2987
5/31/1971,,1.1243,,0.024187,1.0087,,357.413,4.1242
6/30/1971,,1.1243,,0.024188,1.0213,,357.4118,4.0938
7/31/1971,,1.1241,,0.024185,1.0213,,357.4043,4.0946
8/31/1971,,1.1316,,0.024346,1.013,,355.78,4.0306
9/30/1971,,1.1478,,0.024694,1.013,,338.021,3.9812
10/31/1971,,1.1577,,0.024896,1.0047,,331.1105,3.975
11/30/1971,,1.1589,,0.024933,1.0039,,328.752,3.9834
12/31/1971,,1.1748,,0.025266,0.9993,,320.0727,3.9041
1/31/1972,,1.191,,0.025705,1.0059,,312.72,3.8922
2/29/1972,,1.191,,0.026037,1.0047,,305.187,3.8611
3/31/1972,,1.191,,0.026181,0.9985,,302.5365,3.8567
4/30/1972,,1.191,,0.026102,0.9957,,303.5605,3.8509
5/31/1972,,1.191,,0.026124,0.9889,,304.3795,3.8605
6/30/1972,,1.191,,0.025691,0.9795,,302.4145,3.7998
7/31/1972,,1.191,,0.024447,0.984,,301.0305,3.765
8/31/1972,,1.1911,,0.024502,0.9824,,301.1609,3.7808
9/30/1972,,1.191,,0.02441,0.983,,301.119,3.7874
10/31/1972,,1.1907,,0.023948,0.9827,,301.011,3.7977
11/30/1972,,1.1909,,0.023515,0.9874,,300.9885,3.7956
12/31/1972,,1.2074,,0.023449,0.9968,,301.2405,3.77
1/31/1973,,1.2716,,0.023563,0.9993,,301.7882,3.7293
2/28/1973,,1.3546,,0.024272,0.9956,,278.4206,3.417
3/31/1973,,1.4129,,0.024724,0.9967,,261.9014,3.2171
4/30/1973,,1.415,,0.024837,1.0007,,265.4914,3.2406
5/31/1973,,1.415,,0.025306,1.0008,,264.6505,3.1728
6/30/1973,,1.4158,,0.025762,0.9984,,264.4981,3.0532
7/31/1973,,1.4178,,0.025375,0.9995,,264.5538,2.8233
8/31/1973,,1.4148,,0.024757,1.0039,,265.22,2.9733
9/30/1973,,1.4683,,0.024183,1.0083,,265.4747,3.017
10/31/1973,,1.4823,,0.024292,1.0011,,266.3348,3.0288
11/30/1973,,1.4822,,0.02387,0.9991,,278.2625,3.1647
12/31/1973,,1.4833,,0.023174,0.9994,,280.1775,3.2
1/31/1974,,1.4823,,0.02224,0.9915,,298.1336,3.3644
2/28/1974,,1.485,,0.022749,0.9766,,291.0872,3.1763
3/31/1974,,1.4855,,0.023406,0.972,,282.1648,3.0788
4/30/1974,,1.4841,,0.023886,0.9676,,277.7741,3.027
5/31/1974,,1.4844,,0.024137,0.9623,,278.9664,2.9173
6/30/1974,,1.4834,,0.023902,0.9664,,282.97,2.9899
7/31/1974,,1.4799,,0.023896,0.9763,,290.98,2.9642
8/31/1974,,1.4824,,0.023456,0.9799,,302.2836,2.9846
9/30/1974,,1.4487,,0.023165,0.9864,,299.084,2.9967
10/31/1974,,1.3093,,0.02333,0.983,,299.3645,2.8966
11/30/1974,,1.311,,0.023252,0.9874,,300.075,2.7503
12/31/1974,,1.3172,,0.023294,0.9882,,300.4114,2.6028
1/31/1975,,1.3295,,0.023623,0.9948,,299.6845,2.5278
2/28/1975,,1.348,,0.023958,1.0004,,291.6583,2.4731
3/31/1975,,1.3585,,0.02418,1.0005,,287.9486,2.4835
4/30/1975,,1.3416,,0.023707,1.011,,292.1968,2.5589
5/31/1975,,1.3404,,0.023205,1.0286,,291.4305,2.5096
6/30/1975,,1.3355,,0.022803,1.0264,,293.4662,2.4946
7/31/1975,,1.3095,,0.021845,1.0309,,296.3741,2.6142
8/31/1975,,1.2815,,0.021143,1.0354,,297.9762,2.6787
9/30/1975,,1.2687,,0.020834,1.0263,,299.909,2.7099
10/31/1975,,1.2626,,0.020568,1.0251,,302.3364,2.6631
11/30/1975,,1.2626,,0.020484,1.0139,,302.5453,2.6538
12/31/1975,,1.2538,,0.020221,1.0139,,305.67,2.6337
1/31/1976,,1.2565,,0.020286,1.0065,,304.6357,2.603
2/29/1976,,1.2585,,0.020262,0.9935,,301.5944,2.57
3/31/1976,,1.2479,,0.019428,0.9859,,300.5183,2.5656
4/30/1976,,1.2372,,0.018463,0.9836,,299.1086,2.5296
5/31/1976,,1.2337,,0.018079,0.9802,,299.004,2.4873
6/30/1976,,1.2275,,0.01764,0.9736,,299.1909,2.4704
7/31/1976,,1.2359,,0.01785,0.9722,,294.641,2.485
8/31/1976,,1.2418,,0.017828,0.9854,,290.6259,2.4813
9/30/1976,,1.2425,,0.017272,0.9751,,287.361,2.4733
10/31/1976,,1.234,,0.016377,0.9727,,291.189,2.4465
11/30/1976,,1.2066,,0.016381,0.9859,,295.1653,2.4415
12/31/1976,,1.0529,,0.016784,1.0183,,294.7017,2.4496
1/31/1977,,1.0853,,0.017124,1.0103,,291.0524,2.4924
2/28/1977,,1.0904,,0.017103,1.0279,,285.0221,2.5209
3/31/1977,,1.0994,,0.017174,1.0513,,280.2265,2.5505
4/30/1977,,1.1053,,0.01719,1.0515,,275.2071,2.5264
5/31/1977,,1.1031,,0.017185,1.0486,,277.4262,2.5193
6/30/1977,,1.108,,0.017191,1.0577,,272.8609,2.4895
7/31/1977,,1.122,,0.017226,1.0612,,264.8632,2.4105
8/31/1977,,1.1047,,0.017397,1.075,,266.6774,2.4084
9/30/1977,,1.1037,,0.017431,1.0733,,266.77,2.3745
10/31/1977,,1.119,,0.017711,1.0989,,254.7445,2.278
11/30/1977,,1.127,,0.018178,1.1093,,244.7026,2.1977
12/31/1977,,1.1336,,0.018546,1.0973,,241.0229,2.0772
1/31/1978,,1.1382,,0.019353,1.1012,,241.081,1.9863
2/28/1978,,1.1356,,0.019396,1.113,,240.3722,1.9095
3/31/1978,,1.1383,,0.019055,1.1258,,231.8574,1.8985
4/30/1978,,1.1397,,0.018497,1.1417,,221.857,1.9052
5/31/1978,,1.1276,,0.018181,1.1186,,226.1786,1.9652
6/30/1978,,1.1383,,0.018372,1.1218,,214.1064,1.8854
7/31/1978,,1.1494,,0.018949,1.1246,,199.6955,1.804
8/31/1978,,1.1541,,0.019406,1.1404,,188.7096,1.6672
9/30/1978,,1.1529,,0.019595,1.1664,,189.9195,1.5697
10/31/1978,,1.1687,,0.020075,1.1828,,183.631,1.5365
11/30/1978,,1.1453,,0.019608,1.1731,,192.1425,1.675
12/31/1978,,1.1415,,0.019861,1.1798,,195.955,1.6757
1/31/1979,,1.1404,,0.020053,1.1899,,197.755,1.6714
2/28/1979,,1.1312,,0.020042,1.1956,,200.5072,1.6752
3/31/1979,,1.1215,,0.020378,1.1739,,206.3236,1.6815
4/30/1979,,1.1085,,0.020735,1.1464,,216.2852,1.7177
5/31/1979,,1.1057,,0.020587,1.1556,,218.4141,1.7273
6/30/1979,,1.1111,,0.021119,1.1724,,218.5967,1.699
7/31/1979,,1.1283,,0.022598,1.1639,,216.51,1.6489
8/31/1979,,1.1283,,0.022368,1.1706,,217.9257,1.657
9/30/1979,,1.1263,,0.021966,1.1653,,222.4137,1.6113
10/31/1979,,1.1131,,0.021438,1.1754,,230.4845,1.6309
11/30/1979,,1.0934,,0.021352,1.1797,,244.9842,1.6429
12/31/1979,,1.103,,0.022007,1.17,,240.3745,1.599
1/31/1980,,1.1097,,0.022641,1.164,,237.8886,1.5953
2/29/1980,,1.1041,,0.022891,1.1555,,244.35,1.6406
3/31/1980,,1.0903,,0.022045,1.1731,,248.4786,1.7643
4/30/1980,,1.091,,0.022094,1.1861,,250.275,1.7614
5/31/1980,,1.1302,,0.02302,1.1741,,228.6286,1.6631
6/30/1980,,1.1529,,0.023359,1.1516,,217.9176,1.6339
7/31/1980,,1.1585,,0.023732,1.1523,,221.1364,1.6078
8/31/1980,,1.1577,,0.023704,1.1592,,223.9138,1.6522
9/30/1980,,1.1704,,0.024012,1.1647,,214.4167,1.6391
10/31/1980,,1.1743,,0.024165,1.1691,,209.3227,1.6619
11/30/1980,,1.1675,,0.023941,1.1864,,213.1059,1.726
12/31/1980,,1.1686,,0.023459,1.1968,,209.4886,1.7854
1/31/1981,,1.1819,,0.024029,1.1909,1.5518,202.3667,1.8224
2/28/1981,,1.1626,,0.022941,1.1984,1.6131,205.7167,1.9422
3/31/1981,,1.1629,,0.022319,1.1914,1.6314,208.7918,1.9219
4/30/1981,,1.1532,,0.021753,1.191,1.666,214.9759,1.974
5/31/1981,,1.1406,,0.020884,1.201,1.727,220.6285,2.0662
6/30/1981,,1.1407,,0.019738,1.2041,1.7605,224.1805,2.0742
7/31/1981,,1.1427,,0.018737,1.2107,1.7647,232.3261,2.0981
8/31/1981,,1.1399,,0.018203,1.2232,1.8003,233.3262,2.1698
9/30/1981,,1.1486,,0.018146,1.2008,1.7542,229.481,2.0223
10/31/1981,,1.1432,,0.018407,1.2029,1.7576,231.519,1.8845
11/30/1981,,1.1455,,0.019025,1.1872,1.7409,223.1267,1.7859
12/31/1981,,1.1339,,0.019033,1.1851,1.7405,218.9545,1.8152
1/31/1982,,1.1141,,0.01886,1.1926,1.7713,224.805,1.8442
2/28/1982,,1.085,,0.01847,1.214,1.82,235.3056,1.8909
3/31/1982,,1.0603,,0.018053,1.2205,1.8429,241.2283,1.8886
4/30/1982,,1.0515,,0.01772,1.2252,1.8565,244.1068,1.9624
5/31/1982,,1.0594,,0.018104,1.2336,1.8123,236.9635,1.95
6/30/1982,,1.0323,,0.017563,1.2756,1.9014,251.1977,2.0789
7/31/1982,,1.0109,,0.017354,1.27,1.93,255.031,2.096
8/31/1982,,0.9784,,0.01725,1.2452,1.9432,259.0455,2.1119
9/30/1982,,0.9582,,0.01712,1.2348,1.9567,263.2857,2.1418
10/31/1982,,0.9435,,0.016962,1.2301,1.9887,271.615,2.1737
11/30/1982,,0.9427,,0.016321,1.2262,2.0002,264.0879,2.1931
12/31/1982,,0.9682,,0.01616,1.2385,1.9445,241.9413,2.0501
1/31/1983,,0.9826,,0.015756,1.2287,1.9238,232.731,1.9679
2/28/1983,,0.9662,,0.015329,1.2277,1.9653,236.1211,2.018
3/31/1983,,0.8839,,0.0149,1.2263,1.9834,238.2543,2.0663
4/30/1983,,0.8676,,0.015361,1.2325,1.9938,237.7467,2.0587
5/31/1983,,0.8785,,0.015722,1.2292,1.9895,234.7557,2.0572
6/30/1983,,0.8772,,0.01548,1.2323,1.9949,240.0314,2.1123
7/31/1983,,0.8754,,0.015273,1.2323,1.9966,240.516,2.1184
8/31/1983,,0.8793,,0.015026,1.2338,1.9843,244.4613,2.1632
9/30/1983,,0.8877,,0.014986,1.2326,1.9867,242.3462,2.1623
10/31/1983,,0.9137,,0.014969,1.232,1.9664,232.8855,2.1122
11/30/1983,,0.9159,,0.014766,1.2367,1.994,235.03,2.1701
12/31/1983,,0.9004,,0.014338,1.2469,1.992,234.4624,2.1983
1/31/1984,,0.906,,0.014076,1.2484,2.049,233.8,2.238
2/29/1984,,0.9348,,0.014417,1.248,2.0628,233.5963,2.205
3/31/1984,,0.9513,,0.014557,1.2697,2.0646,225.2664,2.149
4/30/1984,,0.9231,,0.01421,1.2796,2.0929,225.2,2.1913
5/31/1984,,0.9061,,0.013894,1.2944,2.1866,230.4777,2.268
6/30/1984,,0.8826,,0.01377,1.304,2.2178,233.5657,2.2832
7/31/1984,,0.8342,,0.0132,1.3238,2.2996,243.0676,2.4115
8/31/1984,,0.8473,,0.013132,1.3035,2.3718,242.2609,2.415
9/30/1984,,0.8308,,0.012563,1.3145,2.5469,245.4568,2.5049
10/31/1984,,0.8364,,0.012196,1.319,2.6488,246.7545,2.5245
11/30/1984,,0.8588,,0.012392,1.3168,2.6785,243.6305,2.47
12/31/1984,,0.84,,0.011861,1.3201,2.7953,247.964,2.5602
1/31/1985,,0.8151,,0.011271,1.324,2.816,254.1829,2.659
2/28/1985,,0.7374,,0.010931,1.3547,2.8347,260.4778,2.8045
3/31/1985,,0.697,,0.011253,1.384,2.8533,257.9205,2.8033
4/30/1985,,0.6584,,0.012377,1.3658,2.848,251.8455,2.5948
5/31/1985,,0.6768,,0.012483,1.3756,2.8556,251.7295,2.615
6/30/1985,,0.6651,,0.012808,1.3676,2.8693,248.84,2.5721
7/31/1985,,0.6995,,0.013807,1.3526,2.8809,241.1364,2.406
8/31/1985,,0.707,,0.013841,1.3575,2.9093,237.4609,2.2962
9/30/1985,,0.6896,,0.013642,1.3703,2.9722,236.5275,2.3359
10/31/1985,,0.7025,,0.014215,1.3667,3.0782,214.6805,2.1692
11/30/1985,,0.6774,,0.014396,1.3765,3.2086,204.0737,2.1306
12/31/1985,,0.6811,,0.014447,1.3955,3.2095,202.7881,2.1042
1/31/1986,,0.7,,0.014244,1.407,3.2095,199.8905,2.066
2/28/1986,,0.6993,,0.014297,1.4043,3.2152,184.8516,1.9547
3/31/1986,,0.7079,,0.014674,1.4009,3.2202,178.6938,1.915
4/30/1986,,0.7228,,0.014985,1.3879,3.2143,175.0918,1.9016
5/31/1986,,0.7272,,0.015211,1.3757,3.2014,167.0314,1.8538
6/30/1986,,0.6889,,0.015085,1.3899,3.2115,167.5419,1.8406
7/31/1986,,0.6291,,0.015071,1.3808,3.6435,158.6059,1.7445
8/31/1986,,0.6123,,0.014861,1.3885,3.7129,154.1771,1.6616
9/30/1986,,0.6221,,0.014698,1.3873,3.715,154.7314,1.6537
10/31/1986,,0.6383,,0.014264,1.3885,3.7257,156.4723,1.6433
11/30/1986,,0.6445,,0.014238,1.3863,3.7314,162.8494,1.6858
12/31/1986,,0.6595,,0.014393,1.3801,3.7314,162.0523,1.6647
1/31/1987,,0.6609,,0.015054,1.3606,3.7314,154.8295,1.5616
2/28/1987,,0.6677,,0.01528,1.334,3.7314,153.4068,1.5403
3/31/1987,,0.6871,,0.015923,1.3194,3.7314,151.4332,1.5391
4/30/1987,,0.7114,,0.016313,1.3192,3.7314,142.8986,1.4959
5/31/1987,,0.7142,,0.016666,1.3411,3.7314,140.479,1.4705
6/30/1987,,0.7179,,0.016288,1.3387,3.7314,144.5495,1.5085
7/31/1987,,0.7079,,0.01609,1.3262,3.7314,150.2939,1.5365
8/31/1987,,0.7072,,0.015996,1.3256,3.7314,147.3343,1.5364
9/30/1987,,0.7268,,0.016446,1.3154,3.7314,143.291,1.5029
10/31/1987,,0.7112,,0.01662,1.3097,3.7314,143.32,1.494
11/30/1987,,0.686,,0.017754,1.3167,3.7314,135.3974,1.3825
12/31/1987,,0.7106,,0.018288,1.3075,3.7314,128.2418,1.3304
1/31/1988,,0.7111,,0.018009,1.2855,3.7314,127.6853,1.3466
2/29/1988,,0.714,,0.017582,1.2682,3.7314,129.1665,1.3916
3/31/1988,,0.7329,,0.01833,1.2492,3.7314,127.1139,1.3863
4/30/1988,,0.748,,0.018782,1.2353,3.7314,124.8976,1.3823
5/31/1988,,0.7774,,0.018695,1.2373,3.7314,124.7871,1.4111
6/30/1988,,0.8076,,0.017768,1.2176,3.7314,127.4655,1.4629
7/31/1988,,0.8,,0.017051,1.2075,3.7314,133.0215,1.5343
8/31/1988,,0.8057,,0.016965,1.2237,3.7314,133.7661,1.5837
9/30/1988,,0.7915,,0.01684,1.2267,3.7314,134.3176,1.5764
10/31/1988,,0.8096,,0.017388,1.2055,3.7314,128.6805,1.5372
11/30/1988,,0.8507,,0.018085,1.2186,3.7314,123.202,1.4675
12/31/1988,,0.8573,,0.018258,1.1962,3.7314,123.6076,1.4799
1/31/1989,,0.8705,,0.017737,1.1913,3.7314,127.3625,1.5619
2/28/1989,,0.8564,,0.017534,1.1891,3.7314,127.7374,1.574
3/31/1989,,0.8169,,0.017134,1.1954,3.7314,130.5504,1.611
4/30/1989,,0.8035,,0.017008,1.1888,3.7314,132.0365,1.6469
5/31/1989,,0.7736,,0.016307,1.1925,3.7314,137.8636,1.729
6/30/1989,,0.7561,,0.01553,1.1986,3.7314,143.9809,1.7089
7/31/1989,,0.7566,,0.016268,1.1891,3.7314,140.424,1.6281
8/31/1989,,0.7635,,0.015947,1.1758,3.7314,141.4852,1.6605
9/30/1989,,0.7727,,0.015715,1.1828,3.7314,145.07,1.6866
10/31/1989,,0.7742,,0.015874,1.1749,3.7314,142.2067,1.6302
11/30/1989,,0.783,,0.015726,1.1697,3.7314,143.5343,1.6189
12/31/1989,,0.7859,,0.015965,1.1613,4.1825,143.685,1.5686
1/31/1990,,0.7811,,0.016512,1.172,4.7339,144.9819,1.5175
2/28/1990,,0.7593,,0.016961,1.1965,4.7339,145.6932,1.4879
3/31/1990,,0.7556,,0.016245,1.18,4.7339,153.3082,1.5133
4/30/1990,,0.7637,,0.016372,1.1641,4.7339,158.4586,1.4866
5/31/1990,,0.7611,,0.016774,1.1747,4.7339,154.0441,1.4198
6/30/1990,,0.779,,0.017103,1.173,4.7339,153.6957,1.425
7/31/1990,,0.7908,,0.018098,1.157,4.7339,149.0395,1.3924
8/31/1990,,0.8087,,0.019013,1.1448,4.7339,147.4609,1.3076
9/30/1990,,0.8251,,0.018794,1.1583,4.7342,138.4405,1.3069
10/31/1990,,0.8006,,0.019456,1.16,4.7339,129.5909,1.2818
11/30/1990,,0.7729,,0.019642,1.1635,4.9714,129.2155,1.2569
12/31/1990,,0.7702,,0.019219,1.1603,5.2352,133.889,1.2814
1/31/1991,,0.7793,,0.019346,1.156,5.2352,133.6986,1.2714
2/28/1991,,0.7835,,0.019641,1.1549,5.2352,130.5358,1.2685
3/31/1991,,0.7711,,0.018214,1.1572,5.2352,137.3867,1.3918
4/30/1991,,0.7795,,0.017497,1.1535,5.2767,137.1127,1.4399
5/31/1991,,0.7743,,0.017238,1.1499,5.3257,138.2218,1.4574
6/30/1991,,0.7598,,0.016497,1.1439,5.3667,139.7475,1.5297
7/31/1991,,0.7716,,0.016513,1.1493,5.3693,137.83,1.5481
8/31/1991,,0.7823,,0.016841,1.1452,5.3725,136.8164,1.5201
9/30/1991,,0.7937,,0.017265,1.137,5.3869,134.2995,1.4803
10/31/1991,,0.7925,,0.017231,1.1279,5.3917,130.7723,1.4781
11/30/1991,,0.7866,,0.017796,1.1302,5.3994,129.6321,1.4348
12/31/1991,,0.7712,,0.018272,1.1467,5.4232,128.0395,1.3855
1/31/1992,,0.7476,,0.01809,1.1571,5.4618,125.4614,1.4039
2/29/1992,,0.7518,,0.017778,1.1825,5.4776,127.6989,1.4561
3/31/1992,,0.7586,,0.017238,1.1928,5.4871,132.8627,1.5094
4/30/1992,,0.7624,,0.017566,1.1874,5.5098,133.5395,1.5194
5/31/1992,,0.7559,,0.018095,1.1991,5.5182,130.771,1.4907
6/30/1992,,0.7556,,0.018551,1.196,5.4893,126.8355,1.425
7/31/1992,,0.7451,,0.019177,1.1924,5.4564,125.8817,1.3347
8/31/1992,,0.7248,,0.019434,1.1907,5.4417,126.231,1.2966
9/30/1992,,0.7225,,0.018465,1.2225,5.5048,122.5967,1.278
10/31/1992,,0.7148,,0.016529,1.2453,5.5486,121.1652,1.3176
11/30/1992,,0.6898,,0.015268,1.2674,5.6134,123.88,1.4291
12/31/1992,,0.6897,,0.01551,1.2725,5.8106,124.0409,1.4219
1/31/1993,,0.673,,0.015325,1.2779,5.7796,124.9932,1.4774
2/28/1993,,0.6829,,0.014395,1.2602,5.7874,120.7595,1.5178
3/31/1993,,0.7078,,0.014617,1.2471,5.7455,117.0174,1.5206
4/30/1993,,0.7115,,0.015447,1.2621,5.7202,112.4114,1.4599
5/31/1993,,0.6986,,0.015477,1.2698,5.7392,110.343,1.4504
6/30/1993,,0.6749,,0.015082,1.2789,5.7504,107.4118,1.4769
7/31/1993,,0.6779,,0.014955,1.282,5.7756,107.6914,1.5147
8/31/1993,,0.6774,,0.014914,1.308,5.7906,103.765,1.4966
9/30/1993,,0.6517,,0.015248,1.3215,5.8015,105.5748,1.4182
10/31/1993,,0.661,,0.015023,1.3263,5.8013,107.02,1.4432
11/30/1993,,0.6647,,0.014808,1.3174,5.8086,107.8765,1.4969
12/31/1993,,0.6736,,0.014913,1.3308,5.821,109.913,1.4634
1/31/1994,,0.6961,,0.014923,1.3173,8.7219,111.4415,1.4716
2/28/1994,,0.7161,,0.014792,1.3424,8.7249,106.3011,1.4565
3/31/1994,,0.7109,,0.014919,1.3644,8.7241,105.0974,1.4292
4/30/1994,,0.7156,,0.014823,1.383,8.7251,103.4843,1.4383
5/31/1994,,0.7243,,0.015042,1.3808,8.6859,103.7533,1.4125
6/30/1994,,0.7329,,0.015262,1.3836,8.6836,102.5264,1.3727
7/31/1994,,0.7341,,0.015467,1.3826,8.6605,98.445,1.3239
8/31/1994,,0.7401,,0.015422,1.3783,8.6072,99.9404,1.3184
9/30/1994,,0.742,,0.015661,1.354,8.5581,98.7743,1.2892
10/31/1994,,0.7379,,0.016064,1.3503,8.5492,98.353,1.2648
11/30/1994,,0.7549,,0.015892,1.3647,8.537,98.044,1.2956
12/31/1994,,0.7739,,0.015587,1.3893,8.5033,100.1824,1.3289
1/31/1995,,0.7647,,0.015746,1.4132,8.4608,99.766,1.2863
2/28/1995,,0.7447,,0.01572,1.4005,8.4553,98.2368,1.2715
3/31/1995,,0.7345,,0.016002,1.4077,8.4483,90.5196,1.1709
4/30/1995,,0.7356,,0.016073,1.3762,8.4421,83.6895,1.1384
5/31/1995,,0.7272,,0.015874,1.3609,8.337,85.1127,1.1693
6/30/1995,,0.7196,,0.015948,1.3775,8.3206,84.6355,1.1588
7/31/1995,,0.7279,,0.015952,1.3612,8.3207,87.397,1.1556
8/31/1995,,0.7414,,0.015668,1.3552,8.3253,94.7383,1.1962
9/30/1995,,0.7537,,0.01559,1.3509,8.3374,100.5455,1.1868
10/31/1995,,0.757,,0.015779,1.3458,8.3353,100.839,1.1453
11/30/1995,,0.7453,,0.015625,1.3534,8.3334,101.94,1.1437
12/31/1995,,0.7405,,0.015405,1.3693,8.335,101.8495,1.1631
1/31/1996,,0.7417,,0.015288,1.3669,8.3384,105.7514,1.1818
2/29/1996,,0.7556,,0.01536,1.3752,8.3338,105.788,1.1967
3/31/1996,,0.7714,,0.015271,1.3656,8.3495,105.94,1.1959
4/30/1996,,0.7857,,0.01516,1.3592,8.3515,107.1995,1.218
5/31/1996,,0.797,,0.015152,1.3693,8.3479,106.3423,1.2539
6/30/1996,,0.7912,,0.015416,1.3658,8.3424,108.96,1.2579
7/31/1996,,0.7897,,0.01553,1.3697,8.3409,109.1909,1.232
8/31/1996,,0.783,,0.015499,1.3722,8.3379,107.8659,1.2029
9/30/1996,,0.7928,,0.015593,1.3694,8.3341,109.931,1.2343
10/31/1996,,0.7918,,0.015863,1.3508,8.3299,112.4123,1.2586
11/30/1996,,0.7968,,0.016623,1.3381,8.3294,112.2958,1.2752
12/31/1996,,0.7966,,0.016639,1.3622,8.329,113.981,1.329
1/31/1997,,0.7776,,0.016585,1.3494,8.326,117.9124,1.3913
2/28/1997,,0.7677,,0.016256,1.3556,8.3227,122.9621,1.4541
3/31/1997,,0.7875,,0.016096,1.3725,8.3258,122.7738,1.4634
4/30/1997,,0.7787,,0.016293,1.3942,8.3257,125.6377,1.4618
5/31/1997,,0.7751,,0.016322,1.3804,8.3229,119.1924,1.4331
6/30/1997,,0.7542,,0.016449,1.3843,8.3224,114.2857,1.4424
7/31/1997,,0.742,,0.016694,1.3775,8.3162,115.3759,1.4824
8/31/1997,,0.7404,,0.016035,1.3905,8.3187,117.9295,1.5128
9/30/1997,,0.7231,,0.016013,1.3872,8.3171,120.89,1.4702
10/31/1997,,0.7197,,0.01633,1.3869,8.3135,121.0605,1.4516
11/30/1997,,0.6953,,0.016889,1.4128,8.3109,125.3817,1.4069
12/31/1997,,0.6619,,0.016597,1.4271,8.3099,129.7341,1.4393
1/31/1998,,0.6566,,0.01635,1.4409,8.3094,129.5475,1.4748
2/28/1998,,0.6744,,0.016408,1.4334,8.3072,125.8516,1.4631
3/31/1998,,0.6696,,0.016619,1.4166,8.3076,129.0823,1.4901
4/30/1998,,0.6523,,0.016723,1.4298,8.3058,131.7536,1.5051
5/31/1998,,0.6312,,0.016382,1.4452,8.3084,134.896,1.479
6/30/1998,,0.6046,,0.016504,1.4655,8.31,140.3305,1.4949
7/31/1998,,0.618,,0.016437,1.4869,8.31,140.7874,1.5136
8/31/1998,,0.5888,,0.016342,1.5346,8.31,144.68,1.4933
9/30/1998,,0.5889,,0.016823,1.5218,8.3055,134.4805,1.4
10/31/1998,,0.6179,,0.016944,1.5452,8.2778,121.0486,1.3373
11/30/1998,,0.6349,,0.016611,1.5404,8.2778,120.2895,1.3852
12/31/1998,,0.6182,,0.016708,1.5433,8.278,117.0709,1.3604
1/31/1999,,0.632,1.1591,0.016498,1.5194,8.2789,113.29,1.3856
2/28/1999,,0.6399,1.1203,0.016276,1.4977,8.2781,116.6684,1.4272
3/31/1999,,0.6308,1.0886,0.016213,1.5176,8.2792,119.473,1.466
4/30/1999,,0.642,1.0701,0.016089,1.4881,8.2792,119.7723,1.4971
5/31/1999,,0.6628,1.063,0.016154,1.4611,8.2785,121.9995,1.5078
6/30/1999,,0.6563,1.0377,0.01595,1.4695,8.278,120.7245,1.5374
7/31/1999,,0.6562,1.037,0.015751,1.489,8.2776,119.3305,1.5474
8/31/1999,,0.6446,1.0605,0.016058,1.4932,8.2772,113.2268,1.5093
9/30/1999,,0.6495,1.0497,0.016247,1.4771,8.2774,106.8752,1.5262
10/31/1999,,0.6509,1.0706,0.016572,1.4776,8.2775,105.965,1.4896
11/30/1999,,0.6388,1.0328,0.016205,1.4674,8.2782,104.6485,1.5543
12/31/1999,,0.641,1.011,0.016132,1.4722,8.2794,102.5843,1.5841
1/31/2000,,0.656,1.0131,0.016404,1.4486,8.2792,105.296,1.5903
2/29/2000,,0.6278,0.9834,0.016,1.4512,8.2781,109.3885,1.6348
3/31/2000,,0.6094,0.9643,0.015799,1.4608,8.2786,106.3074,1.6636
4/30/2000,,0.596,0.9449,0.015823,1.4689,8.2793,105.627,1.6657
5/31/2000,,0.5784,0.9059,0.01509,1.4957,8.2781,108.3205,1.719
6/30/2000,,0.5949,0.9505,0.015092,1.477,8.2772,106.1255,1.642
7/31/2000,,0.587,0.9386,0.015076,1.4778,8.2794,108.2115,1.6519
8/31/2000,,0.5808,0.9045,0.014889,1.4828,8.2796,108.0804,1.7149
9/30/2000,,0.5521,0.8695,0.014336,1.4864,8.2785,106.8375,1.7586
10/31/2000,,0.528,0.8525,0.014506,1.5125,8.2785,108.4429,1.7745
11/30/2000,,0.5218,0.8552,0.014258,1.5426,8.2774,109.0095,1.7779
12/31/2000,,0.5466,0.8983,0.014629,1.5219,8.2771,112.209,1.6855
1/31/2001,,0.5552,0.9376,0.014775,1.5032,8.2776,116.6719,1.6305
2/28/2001,,0.5338,0.9205,0.014525,1.5216,8.2771,116.2337,1.6686
3/31/2001,,0.5031,0.9083,0.014445,1.5587,8.2775,121.505,1.6908
4/30/2001,,0.5016,0.8925,0.014348,1.5578,8.2771,123.771,1.7131
5/31/2001,,0.5199,0.8753,0.014265,1.5411,8.277,121.7682,1.7528
6/30/2001,,0.518,0.853,0.01402,1.5245,8.277,122.351,1.7856
7/31/2001,,0.5089,0.8615,0.014148,1.5308,8.2769,124.4981,1.757
8/31/2001,,0.5246,0.9014,0.014372,1.5399,8.277,121.367,1.6808
9/30/2001,,0.5036,0.9114,0.014638,1.5679,8.2768,118.6117,1.6338
10/31/2001,,0.5042,0.905,0.014501,1.5717,8.2768,121.4536,1.6357
11/30/2001,,0.5165,0.8883,0.014356,1.5922,8.2769,122.4055,1.6509
12/31/2001,,0.5138,0.8912,0.014413,1.5788,8.2764,127.5945,1.6566
1/31/2002,,0.517,0.8832,0.014322,1.5997,8.2771,132.6833,1.6709
2/28/2002,,0.5128,0.8707,0.014227,1.5964,8.2767,133.6426,1.697
3/31/2002,,0.5256,0.8766,0.01423,1.5877,8.2773,131.061,1.6743
4/30/2002,,0.5352,0.886,0.014429,1.5815,8.2772,130.7718,1.6542
5/31/2002,,0.5498,0.917,0.014598,1.5502,8.277,126.375,1.5889
6/30/2002,,0.5682,0.9561,0.014837,1.5318,8.2767,123.2905,1.5399
7/31/2002,,0.5538,0.9935,0.015565,1.5456,8.2768,117.8991,1.4718
8/31/2002,,0.5413,0.9781,0.015368,1.5694,8.2767,118.9927,1.4972
9/30/2002,,0.5465,0.9806,0.015563,1.5761,8.277,121.078,1.4931
10/31/2002,,0.5502,0.9812,0.015575,1.578,8.2772,123.9077,1.4932
11/30/2002,,0.5613,1.0013,0.015711,1.5715,8.2772,121.6079,1.4658
12/31/2002,,0.5624,1.0194,0.015863,1.5592,8.2777,121.8929,1.4388
1/31/2003,,0.5829,1.0622,0.016175,1.5414,8.2775,118.8133,1.3765
2/28/2003,,0.5956,1.0785,0.016079,1.5121,8.278,119.3379,1.3602
3/31/2003,,0.6015,1.0797,0.015825,1.4761,8.2773,118.6871,1.3614
4/30/2003,,0.61,1.0862,0.015739,1.4582,8.2772,119.895,1.3783
5/31/2003,,0.6468,1.1556,0.016224,1.384,8.2769,117.3681,1.3111
6/30/2003,,0.6652,1.1674,0.016609,1.3525,8.2771,118.329,1.3196
7/31/2003,,0.6607,1.1365,0.016221,1.3821,8.2773,118.6959,1.3611
8/31/2003,,0.6518,1.1155,0.015939,1.3963,8.277,118.6624,1.3811
9/30/2003,,0.6635,1.1267,0.016155,1.3634,8.2772,114.8,1.3743
10/31/2003,,0.6948,1.1714,0.016792,1.3221,8.2768,109.4955,1.3222
11/30/2003,,0.7158,1.171,0.016897,1.313,8.2769,109.1778,1.3318
12/31/2003,,0.7391,1.2298,0.017516,1.3128,8.277,107.7377,1.2643
1/31/2004,,0.7717,1.2638,0.018255,1.2958,8.277,106.2685,1.2391
2/29/2004,,0.777,1.264,0.018673,1.3299,8.2771,106.7079,1.2448
3/31/2004,,0.7496,1.2261,0.018261,1.3286,8.2771,108.5157,1.2778
4/30/2004,,0.7443,1.1989,0.018031,1.342,8.2769,107.6564,1.2969
5/31/2004,,0.7039,1.2,0.01786,1.3789,8.2771,112.196,1.2839
6/30/2004,,0.6937,1.2146,0.018279,1.3578,8.2767,109.4336,1.2503
7/31/2004,,0.7161,1.2266,0.018438,1.3225,8.2767,109.4871,1.2452
8/31/2004,,0.7111,1.2191,0.018203,1.3127,8.2768,110.2336,1.2623
9/30/2004,,0.7028,1.2224,0.017937,1.2881,8.2767,110.0914,1.2629
10/31/2004,,0.7337,1.2507,0.018077,1.2469,8.2765,108.7835,1.233
11/30/2004,,0.7704,1.2997,0.018607,1.1968,8.2765,104.699,1.1711
12/31/2004,,0.7675,1.3406,0.019286,1.2189,8.2765,103.8104,1.1465
1/31/2005,,0.7668,1.3123,0.018797,1.2248,8.2765,103.341,1.1792
2/28/2005,,0.7812,1.3013,0.018871,1.2401,8.2765,104.9442,1.1918
3/31/2005,,0.7848,1.3185,0.019043,1.216,8.2765,105.2543,1.1756
4/30/2005,,0.7738,1.2943,0.018961,1.2359,8.2765,107.1938,1.1954
5/31/2005,,0.7663,1.2697,0.018559,1.2555,8.2765,106.5952,1.2172
6/30/2005,,0.7667,1.2155,0.018177,1.2402,8.2765,108.7473,1.2665
7/31/2005,,0.7524,1.2041,0.017507,1.2229,8.2264,111.9535,1.2945
8/31/2005,,0.7614,1.2295,0.017944,1.2043,8.1017,110.6065,1.2629
9/30/2005,,0.7651,1.2234,0.018064,1.1777,8.0919,111.239,1.2671
10/31/2005,,0.7535,1.2022,0.017651,1.1774,8.0895,114.8695,1.288
11/30/2005,,0.7353,1.1789,0.017349,1.1815,8.084,118.454,1.311
12/31/2005,,0.7423,1.1861,0.017458,1.1615,8.0755,118.4624,1.3053
1/31/2006,100,0.7505,1.2126,0.017686,1.1572,8.0654,115.4765,1.2773
2/28/2006,100.2112,0.7418,1.194,0.01748,1.1489,8.0512,117.8605,1.3052
3/31/2006,100.4281,0.7266,1.2028,0.017442,1.1573,8.035,117.2778,1.305
4/30/2006,99.7435,0.7369,1.2273,0.01768,1.1441,8.0143,117.0695,1.283
5/31/2006,97.5118,0.7639,1.2767,0.018687,1.11,8.0131,111.7305,1.219
6/30/2006,98.6927,0.7399,1.2661,0.018435,1.1137,8.0042,114.625,1.2321
7/31/2006,98.4387,0.7528,1.2681,0.018443,1.1294,7.9897,115.767,1.2376
8/31/2006,97.7138,0.7631,1.281,0.018941,1.1182,7.9722,115.9243,1.2318
9/30/2006,97.9814,0.7549,1.2722,0.018839,1.1161,7.9334,117.2145,1.2455
10/31/2006,98.3156,0.7544,1.2617,0.018765,1.1285,7.9018,118.609,1.2602
11/30/2006,97.5133,0.7728,1.2888,0.019125,1.1359,7.8622,117.3205,1.2356
12/31/2006,96.7951,0.7858,1.3205,0.019629,1.1532,7.8219,117.322,1.2099
1/31/2007,97.8338,0.7826,1.2993,0.019587,1.1763,7.7876,120.4471,1.2431
2/28/2007,97.4764,0.783,1.308,0.019589,1.171,7.7502,120.5047,1.2393
3/31/2007,97.0118,0.7932,1.3246,0.019474,1.1682,7.7369,117.26,1.2178
4/30/2007,95.6322,0.8273,1.3513,0.019879,1.135,7.7247,118.9324,1.2124
5/31/2007,94.7225,0.8254,1.3518,0.019842,1.0951,7.6773,120.7732,1.2211
6/30/2007,94.4449,0.8423,1.3421,0.019867,1.0651,7.6333,122.6886,1.233
7/31/2007,93.2059,0.8677,1.3726,0.020355,1.0502,7.5757,121.4148,1.2069
8/31/2007,93.7603,0.8291,1.3626,0.02011,1.0579,7.5734,116.7335,1.2027
9/30/2007,92.4366,0.8461,1.391,0.020184,1.0267,7.521,115.0435,1.1852
10/31/2007,90.4002,0.8996,1.4233,0.020449,0.9754,7.5019,115.8661,1.1741
11/30/2007,89.053,0.8961,1.4683,0.020701,0.9672,7.421,111.0729,1.1233
12/31/2007,90.005,0.8719,1.4559,0.020161,1.0021,7.3682,112.449,1.1402
1/31/2008,89.3971,0.8823,1.4728,0.019702,1.0099,7.2405,107.8181,1.1006
2/29/2008,88.6434,0.9133,1.4759,0.019646,0.9986,7.1644,107.03,1.089
3/31/2008,86.8399,0.9221,1.552,0.020015,1.0029,7.0722,100.7562,1.0126
4/30/2008,86.5475,0.9309,1.5754,0.019816,1.0137,6.9997,102.6777,1.0138
5/31/2008,86.8245,0.9492,1.5554,0.01965,0.9993,6.9725,104.3595,1.0448
6/30/2008,87.0728,0.9511,1.5562,0.019664,1.0166,6.8993,106.9152,1.0371
7/31/2008,86.4538,0.962,1.5759,0.019888,1.013,6.8355,106.8518,1.0283
8/31/2008,88.945,0.8815,1.4955,0.018865,1.0535,6.8462,109.3624,1.0841
9/30/2008,91.2651,0.8168,1.4342,0.017973,1.0582,6.8307,106.5748,1.1102
10/31/2008,98.04,0.687,1.3266,0.016862,1.1847,6.8358,99.9659,1.1429
11/30/2008,100.7667,0.6591,1.2744,0.015327,1.2171,6.8281,96.9656,1.191
12/31/2008,99.6622,0.6719,1.3511,0.014854,1.2337,6.8539,91.275,1.1404
1/31/2009,100.3521,0.6754,1.3244,0.014462,1.2248,6.836,90.1205,1.1267
2/28/2009,102.9737,0.6504,1.2797,0.014422,1.2452,6.8363,92.9158,1.1639
3/31/2009,103.4397,0.6666,1.305,0.01417,1.2645,6.836,97.855,1.1555
4/30/2009,100.7162,0.7158,1.3199,0.014712,1.2242,6.8306,98.92,1.1481
5/31/2009,97.5519,0.7648,1.3646,0.015418,1.1528,6.8235,96.6445,1.1076
6/30/2009,96.0426,0.8025,1.4014,0.016369,1.1264,6.8334,96.6145,1.0809
7/31/2009,95.6605,0.8049,1.4092,0.016378,1.1229,6.8317,94.367,1.078
8/31/2009,94.373,0.8353,1.4266,0.016532,1.0872,6.8323,94.8971,1.0683
9/30/2009,93.6638,0.8622,1.4575,0.016323,1.0816,6.8277,91.2748,1.0391
10/31/2009,92.2598,0.9067,1.4821,0.016212,1.0547,6.8267,90.3671,1.0213
11/30/2009,91.7996,0.9197,1.4908,0.016599,1.0593,6.8271,89.2674,1.0131
12/31/2009,92.2586,0.9021,1.4579,0.016226,1.0537,6.8275,89.9509,1.0301
1/31/2010,92.4403,0.9127,1.4266,0.016158,1.0438,6.8269,91.1011,1.0345
2/28/2010,93.8867,0.8857,1.368,0.015618,1.0572,6.8285,90.1395,1.0722
3/31/2010,93.1499,0.9123,1.357,0.015058,1.0229,6.8262,90.7161,1.0666
4/30/2010,92.6391,0.9262,1.3417,0.015332,1.0052,6.8256,93.4527,1.069
5/31/2010,95.5306,0.8713,1.2563,0.014669,1.0403,6.8275,91.973,1.1295
6/30/2010,96.0606,0.8539,1.2223,0.014768,1.0376,6.8184,90.8059,1.1255
7/31/2010,94.4547,0.8786,1.2811,0.015304,1.0422,6.7762,87.5005,1.053
8/31/2010,93.6822,0.9004,1.2903,0.015661,1.0404,6.7873,85.3727,1.0388
9/30/2010,92.7626,0.9398,1.3103,0.015591,1.033,6.7396,84.3571,1.0002
10/31/2010,90.2291,0.9818,1.3901,0.015867,1.0179,6.6678,81.7285,0.9686
11/30/2010,90.5095,0.9889,1.3654,0.015961,1.0129,6.6538,82.518,0.9847
12/31/2010,91.1835,0.9929,1.3221,0.015595,1.0081,6.6497,83.3376,0.9689
1/31/2011,90.1112,0.9962,1.3371,0.015782,0.9939,6.5964,82.625,0.9565
2/28/2011,89.3967,1.0084,1.3656,0.016124,0.9876,6.5761,82.5368,0.95
3/31/2011,88.4872,1.0113,1.402,0.016159,0.9766,6.5645,81.647,0.9185
4/30/2011,86.9214,1.0588,1.446,0.016379,0.958,6.5267,83.1771,0.8972
5/31/2011,86.9464,1.0675,1.4335,0.016332,0.968,6.4957,81.1257,0.874
6/30/2011,86.9412,1.0617,1.4403,0.016219,0.9766,6.4746,80.4259,0.8401
7/31/2011,86.3178,1.0781,1.4275,0.016158,0.9553,6.4575,79.2425,0.8214
8/31/2011,86.8983,1.0502,1.4333,0.016356,0.9817,6.4036,76.9657,0.78
9/30/2011,89.7253,1.022,1.3747,0.015771,1.0025,6.3885,76.7957,0.8767
10/31/2011,90.6098,1.0168,1.3732,0.015768,1.0198,6.371,76.643,0.8958
11/30/2011,91.2649,1.0112,1.3558,0.015806,1.0248,6.3564,77.5595,0.9079
12/31/2011,92.2056,1.0122,1.3155,0.015587,1.0235,6.3482,77.7967,0.9334
1/31/2012,91.6463,1.0415,1.291,0.015524,1.013,6.3172,76.964,0.9376
2/29/2012,89.9605,1.0732,1.3238,0.015804,0.9967,6.2997,78.47,0.9118
3/31/2012,90.5112,1.0526,1.3208,0.015824,0.9938,6.3125,82.4659,0.9131
4/30/2012,90.8156,1.035,1.316,0.016,0.9928,6.3043,81.2524,0.9133
5/31/2012,92.4928,0.998,1.2806,0.015924,1.0097,6.3242,79.6668,0.9383
6/30/2012,93.8809,0.9986,1.2541,0.015556,1.028,6.3633,79.3152,0.9576
7/31/2012,93.4062,1.03,1.2278,0.015593,1.0142,6.3717,78.9348,0.9783
8/31/2012,92.5283,1.0475,1.2406,0.015722,0.9924,6.3593,78.6909,0.9681
9/30/2012,90.9802,1.0406,1.2885,0.016126,0.9783,6.32,78.1353,0.9386
10/31/2012,90.7566,1.0298,1.2974,0.01608,0.9872,6.2627,79.0132,0.9323
11/30/2012,91.4751,1.0405,1.2837,0.015968,0.997,6.2338,81.0305,0.9388
12/31/2012,90.8804,1.0465,1.3119,0.016145,0.9898,6.2328,83.7905,0.9213
1/31/2013,90.8255,1.05,1.3304,0.015965,0.9921,6.2215,89.0581,0.9234
2/28/2013,91.5509,1.031,1.3347,0.015474,1.0098,6.2323,93.0016,0.9212
3/31/2013,92.4132,1.0345,1.2953,0.01508,1.0244,6.2154,94.77,0.9466
4/30/2013,92.0478,1.038,1.3025,0.015311,1.0187,6.1861,97.7582,0.9366
5/31/2013,92.529,0.9919,1.2983,0.015297,1.0196,6.1416,100.9186,0.9557
6/30/2013,93.2836,0.944,1.3197,0.015493,1.0314,6.1342,97.235,0.9331
7/31/2013,93.8724,0.9155,1.3088,0.015179,1.0402,6.1343,99.6727,0.9449
8/31/2013,93.7149,0.9037,1.3314,0.015505,1.0407,6.1213,97.8123,0.9261
9/30/2013,93.4706,0.9303,1.3364,0.015885,1.0342,6.1198,99.21,0.9231
10/31/2013,92.4993,0.9519,1.3646,0.016098,1.0363,6.1032,97.77,0.9025
11/30/2013,93.3737,0.9324,1.3491,0.0161,1.0486,6.0929,100.0737,0.9129
12/31/2013,93.534,0.898,1.3708,0.016383,1.0639,6.0738,103.46,0.8933
1/31/2014,94.4648,0.8858,1.3618,0.01647,1.094,6.0509,103.7614,0.9038
2/28/2014,94.6456,0.8974,1.3665,0.016558,1.1054,6.0816,102.1253,0.8937
3/31/2014,94.4408,0.9089,1.3828,0.016624,1.1107,6.1729,102.3395,0.8805
4/30/2014,93.9956,0.9315,1.381,0.016748,1.0992,6.2246,102.4582,0.8828
5/31/2014,93.67,0.9305,1.3739,0.016842,1.0894,6.238,101.7738,0.8883
6/30/2014,93.8274,0.9365,1.3595,0.016908,1.083,6.2306,102.0629,0.8958
7/31/2014,93.6039,0.9389,1.3533,0.017066,1.0739,6.1984,101.74,0.8978
8/31/2014,94.5808,0.9309,1.3315,0.0167,1.0926,6.1541,102.9438,0.9098
9/30/2014,96.1209,0.9042,1.2889,0.01629,1.1011,6.1382,107.4257,0.937
10/31/2014,97.4396,0.8781,1.2677,0.016074,1.1212,6.1251,108.0264,0.9528
11/30/2014,99.1147,0.8644,1.2473,0.015771,1.1325,6.1249,116.2994,0.9642
12/31/2014,101.4441,0.8257,1.2329,0.015644,1.1532,6.1886,119.3233,0.9753
1/31/2015,103.7607,0.8064,1.1615,0.015142,1.2122,6.2181,118.25,0.9443
2/28/2015,105.1685,0.7797,1.135,0.015329,1.2499,6.2518,118.76,0.9361
3/31/2015,107.3647,0.7724,1.0819,0.014958,1.2618,6.2386,120.3945,0.9798
4/30/2015,106.3523,0.774,1.0822,0.014968,1.2337,6.201,119.5095,0.9595
5/31/2015,105.4065,0.7891,1.1167,0.015456,1.2176,6.2035,120.798,0.9316
6/30/2015,106.179,0.7715,1.1226,0.015576,1.2365,6.2052,123.7186,0.9321
7/31/2015,108.1236,0.7407,1.0997,0.01556,1.2863,6.2085,123.3109,0.9547
8/31/2015,109.9768,0.7295,1.1136,0.015578,1.3147,6.3383,123.0038,0.9685
9/30/2015,110.8513,0.7059,1.1229,0.015338,1.3266,6.3676,120.1476,0.9725
10/31/2015,109.9036,0.72,1.1228,0.015343,1.3072,6.3505,120.0481,0.9687
11/30/2015,111.6916,0.7146,1.0727,0.015194,1.3279,6.364,122.6432,1.0098
12/31/2015,112.7857,0.7247,1.0889,0.014981,1.3713,6.4491,121.635,0.9951
1/31/2016,115.2344,0.7011,1.0855,0.014392,1.4208,6.5726,118.2258,1.0082
2/29/2016,114.2817,0.7134,1.1092,0.01429,1.3797,6.5501,114.6155,0.992
3/31/2016,111.8934,0.7504,1.1134,0.014249,1.3226,6.5027,112.9317,0.9811
4/30/2016,110.0171,0.7664,1.1346,0.014319,1.2818,6.4754,109.5519,0.9634
5/31/2016,111.1405,0.7318,1.1312,0.014524,1.2945,6.5259,108.8481,0.9777
6/30/2016,111.5596,0.7401,1.1232,0.014197,1.2894,6.5892,105.3509,0.9695
7/31/2016,112.4773,0.7529,1.1055,0.013134,1.3052,6.6771,104.191,0.983
8/31/2016,111.4384,0.7629,1.1207,0.013101,1.2998,6.6466,101.2383,0.9711
9/30/2016,112.3169,0.7591,1.1218,0.01314,1.3108,6.6702,101.7843,0.9732
10/31/2016,113.4747,0.7615,1.1014,0.01233,1.3251,6.7303,103.9075,0.9876
11/30/2016,116.1075,0.7532,1.0792,0.012432,1.3434,6.8402,108.443,0.9963
12/31/2016,117.9048,0.7346,1.0545,0.012483,1.3339,6.9198,115.9981,1.0194
1/31/2017,117.7858,0.7465,1.0635,0.012367,1.3183,6.8907,114.8721,1.0075
2/28/2017,116.1204,0.7664,1.065,0.012495,1.3109,6.8694,112.9116,1.001
3/31/2017,115.6558,0.7622,1.0691,0.012347,1.3387,6.894,112.9165,1.0015
4/30/2017,114.7698,0.7534,1.0714,0.012639,1.3437,6.8876,110.091,1.0009
5/31/2017,114.2591,0.7437,1.105,0.012929,1.3606,6.8843,112.2436,0.9867
6/30/2017,112.7603,0.7562,1.1233,0.01281,1.3295,6.8066,110.9141,0.9681
7/31/2017,111.0606,0.7807,1.153,0.012996,1.269,6.7694,112.417,0.9604
8/31/2017,109.9059,0.7915,1.1813,0.012952,1.2608,6.667,109.827,0.9653
9/30/2017,108.8542,0.7974,1.1913,0.01334,1.2279,6.569,110.776,0.9625
10/31/2017,110.8892,0.7788,1.1755,0.013202,1.2607,6.6254,112.9148,0.9821
11/30/2017,111.1635,0.762,1.1743,0.013217,1.2773,6.62,112.819,0.9915
12/31/2017,110.8758,0.7648,1.1836,0.013404,1.2769,6.5932,112.9405,0.987
1/31/2018,108.3567,0.7956,1.2197,0.013824,1.2429,6.4233,110.871,0.9604
2/28/2018,107.65,0.7867,1.234,0.013961,1.2588,6.3183,107.97,0.9355
3/31/2018,107.9473,0.7759,1.2334,0.013976,1.2933,6.3174,106.0468,0.948
4/30/2018,107.9428,0.7684,1.227,0.014079,1.2732,6.2967,107.6562,0.9687
5/31/2018,111.046,0.7525,1.1823,0.01347,1.2866,6.3701,109.6882,0.9969
6/30/2018,112.8435,0.7498,1.1679,0.013294,1.3125,6.4651,110.0638,0.99
7/31/2018,113.0594,0.7403,1.1685,0.013162,1.3133,6.7164,111.521,0.9948
8/31/2018,113.8309,0.7325,1.1547,0.012878,1.3042,6.8453,110.9965,0.988
9/30/2018,114.0783,0.7206,1.1667,0.013066,1.3034,6.8551,112.0974,0.9683
10/31/2018,114.8301,0.7111,1.1488,0.013012,1.3004,6.9191,112.7218,0.994
11/30/2018,116.1678,0.7247,1.1364,0.0129,1.3205,6.9367,113.338,1.0011
12/31/2018,116.2111,0.7169,1.138,0.012664,1.3436,6.8837,112.1994,0.9919
1/31/2019,114.4403,0.7151,1.1418,0.012901,1.33,6.7863,108.9605,0.9897
2/28/2019,114.4106,0.7136,1.1349,0.013016,1.3209,6.7367,110.44,1.0014
3/31/2019,114.7823,0.7082,1.1296,0.013167,1.3371,6.7119,111.1443,1.0005
4/30/2019,114.9024,0.7111,1.1234,0.013029,1.3378,6.7161,111.6414,1.0084
5/31/2019,115.957,0.6945,1.1187,0.012855,1.346,6.8519,109.9714,1.0107
6/30/2019,115.4279,0.6946,1.1295,0.012675,1.3289,6.8977,108.0685,0.988
7/31/2019,115.0785,0.6978,1.1211,0.012461,1.3105,6.8775,108.2864,0.988
8/31/2019,117.102,0.6775,1.1129,0.01216,1.3273,7.0629,106.1886,0.9787
9/30/2019,117.3256,0.6815,1.1011,0.012369,1.3241,7.1137,107.54,0.9906
10/31/2019,116.7479,0.6798,1.1058,0.012657,1.3189,7.0961,108.1368,0.993
11/30/2019,116.5605,0.6827,1.1051,0.012884,1.3237,7.0199,108.8579,0.9929
12/31/2019,115.9107,0.6887,1.1114,0.013109,1.3169,7.0137,109.101,0.9826
1/31/2020,115.2786,0.6851,1.1098,0.013076,1.3089,6.9184,109.2667,0.9698
2/29/2020,116.7095,0.6664,1.0911,0.012953,1.3286,6.9967,110.0295,0.9762
3/31/2020,121.0285,0.6218,1.1046,0.012369,1.396,7.0205,107.6673,0.9593
4/30/2020,123.2894,0.6312,1.0871,0.01242,1.4048,7.0708,107.7386,0.9701
5/31/2020,122.6238,0.6517,1.0907,0.012302,1.3972,7.1016,107.2,0.9692
6/30/2020,119.6845,0.6899,1.1259,0.012523,1.3552,7.0816,107.5782,0.9513
7/31/2020,118.7004,0.704,1.1488,0.012701,1.3497,7.0041,106.6818,0.9327
8/31/2020,116.9576,0.7203,1.1831,0.013143,1.3229,6.927,106.0129,0.9099
9/30/2020,116.3534,0.7224,1.1785,0.012947,1.323,6.8106,105.589,0.9149
10/31/2020,115.7882,0.7121,1.1768,0.01298,1.3218,6.7254,105.2095,0.9124
11/30/2020,114.1033,0.727,1.1826,0.013198,1.3073,6.6029,104.4061,0.911
12/31/2020,111.9051,0.7532,1.2168,0.013434,1.2809,6.5393,103.7952,0.8884
1/31/2021,111.4953,0.7726,1.2178,0.013641,1.2725,6.4672,103.7883,0.8865
2/28/2021,112.0275,0.7753,1.2094,0.013867,1.2696,6.4601,105.3774,0.8979
3/31/2021,113.3497,0.771,1.1902,0.013863,1.2569,6.5109,108.6991,0.9298
4/30/2021,112.6426,0.7701,1.1965,0.013845,1.2494,6.5186,109.0445,0.9218
5/31/2021,111.2252,0.7763,1.2146,0.014084,1.2125,6.4321,109.112,0.9027
6/30/2021,111.5888,0.7643,1.2048,0.014025,1.222,6.425,110.1073,0.9078
7/31/2021,113.0721,0.7417,1.1821,0.013808,1.253,6.4763,110.2143,0.9174
8/31/2021,113.4124,0.7304,1.1767,0.013797,1.2599,6.4768,109.8527,0.9147
9/30/2021,113.4532,0.7312,1.1765,0.013732,1.2671,6.4563,110.161,0.9228
10/31/2021,114.0758,0.7412,1.16,0.013701,1.2434,6.4172,113.1215,0.9227
11/30/2021,115.0036,0.7307,1.1416,0.013463,1.2567,6.3889,113.965,0.9213
12/31/2021,115.8172,0.7155,1.1301,0.013303,1.28,6.3693,113.8329,0.921
1/31/2022,115.0507,0.718,1.1317,0.013555,1.2622,6.3556,114.8255,0.9191
2/28/2022,115.0057,0.7169,1.1349,0.01354,1.2711,6.3436,115.2763,0.9228
3/31/2022,116.2984,0.7374,1.1019,0.013168,1.266,6.3446,118.5774,0.9294
4/30/2022,117.1702,0.7364,1.0803,0.012933,1.2628,6.431,126.3743,0.945
5/31/2022,119.6926,0.7041,1.0567,0.012438,1.2859,6.699,128.8486,0.9804
6/30/2022,120.0269,0.7025,1.0567,0.01232,1.2804,6.6952,133.9619,0.9702
7/31/2022,122.7609,0.6856,1.0168,0.011987,1.2936,6.7352,136.709,0.9701
8/31/2022,122.3262,0.6961,1.0129,0.011983,1.2917,6.8007,135.2835,0.9574
9/30/2022,125.5999,0.6671,0.9899,0.01132,1.3339,7.0195,143.2843,0.9733
10/31/2022,127.4828,0.637,0.9853,0.011332,1.3689,7.1902,147.0515,0.9949
11/30/2022,124.8627,0.6596,1.0192,0.011727,1.3457,7.1812,142.445,0.966
12/31/2022,122.2476,0.6748,1.0591,0.01218,1.3585,6.9717,134.9148,0.9316
1/31/2023,119.8133,0.6955,1.0777,0.012237,1.3422,6.7904,130.4475,0.9241
2/28/2023,120.3366,0.6893,1.0702,0.012084,1.3454,6.838,133.0463,0.9258
3/31/2023,120.8071,0.6676,1.0711,0.012138,1.3683,6.8909,133.6643,0.9255
4/30/2023,119.3744,0.6688,1.0962,0.012446,1.3484,6.8876,133.4745,0.8985
5/31/2023,119.7956,0.6643,1.0867,0.012484,1.3517,6.9854,137.0532,0.8977
6/30/2023,119.5789,0.6713,1.084,0.012627,1.3286,7.1614,141.3581,0.9004
7/31/2023,118.4119,0.6742,1.1067,0.012893,1.3211,7.1863,140.936,0.8723
8/31/2023,120.2177,0.6486,1.091,0.012706,1.3478,7.2486,144.7804,0.8783
9/30/2023,121.9827,0.6425,1.0672,0.012381,1.3531,7.2979,147.845,0.8996
10/31/2023,123.7914,0.6347,1.0565,0.012175,1.3712,7.3071,149.5933,0.9035
11/30/2023,121.5369,0.6508,1.0819,0.012437,1.3707,7.2226,149.679,0.8902
12/31/2023,120.1585,0.6693,1.0909,0.012657,1.3416,7.1402,143.9815,0.8648
1/31/2024,120.5769,0.6636,1.0899,0.012701,1.3423,7.1707,146.2943,0.8591
2/29/2024,121.4155,0.6522,1.0793,0.01263,1.35,7.1935,149.615,0.8771
3/31/2024,121.0413,0.6558,1.087,0.012713,1.3536,7.2015,149.8186,0.8886
4/30/2024,122.5142,0.6507,1.0724,0.012517,1.3674,7.2374,153.89,0.9099
5/31/2024,122.2444,0.6626,1.081,0.012636,1.3667,7.2327,155.8691,0.9088
6/30/2024,124.0309,0.6642,1.0763,0.012716,1.3705,7.2547,157.86,0.8938
7/31/2024,123.7208,0.6673,1.0847,0.01287,1.3714,7.2609,157.5182,0.8917
8/31/2024,122.8802,0.6658,1.102,0.012945,1.3655,7.1475,146.2641,0.8579
9/30/2024,122.1296,0.677,1.1104,0.013219,1.3546,7.076,142.954,0.8472
10/31/2024,123.831,0.67,1.0895,0.013043,1.3757,7.0881,149.8909,0.8613
11/30/2024,126.5329,0.6528,1.0621,0.012738,1.3973,7.2063,153.7126,0.8809
12/31/2024,127.814,0.6334,1.0472,0.012647,1.4247,7.2807,153.8143,0.8916
1/31/2025,129.0413,0.6231,1.0356,0.012354,1.4389,7.2957,156.4819,0.9096
2/28/2025,128.0665,0.6301,1.0413,0.012542,1.4299,7.2734,151.5716,0.9034
