date,real_estate_credit,housing_price_index,prime_rate,housing_inventory,mortgage_rates_avg,homes_sold
1/31/1947,6796000000,,,,,
2/28/1947,6955100000,,,,,
3/31/1947,7124900000,,,,,
4/30/1947,7296600000,,,,,
5/31/1947,7469900000,,,,,
6/30/1947,7636100000,,,,,
7/31/1947,7809200000,,,,,
8/31/1947,7980900000,,,,,
9/30/1947,8148700000,,,,,
10/31/1947,8317400000,,,,,
11/30/1947,8484500000,,,,,
12/31/1947,8642800000,,,,,
1/31/1948,8819400000,,,,,
2/29/1948,8951800000,,,,,
3/31/1948,9094600000,,,,,
4/30/1948,9238200000,,,,,
5/31/1948,9378200000,,,,,
6/30/1948,9513200000,,,,,
7/31/1948,9626300000,,,,,
8/31/1948,9714100000,,,,,
9/30/1948,9802200000,,,,,
10/31/1948,9889500000,,,,,
11/30/1948,9975000000,,,,,
12/31/1948,10054600000,,,,,
1/31/1949,10141500000,,,,,
2/28/1949,10185500000,,,,,
3/31/1949,10236800000,,,,,
4/30/1949,10283800000,,,,,
5/31/1949,10328500000,,,,,
6/30/1949,10367300000,,,,,
7/31/1949,10428400000,,,,,
8/31/1949,10493300000,,,,,
9/30/1949,10557300000,,,,,
10/31/1949,10621300000,,,,,
11/30/1949,10684100000,,,,,
12/31/1949,10745200000,,,,,
1/31/1950,10882000000,,,,,
2/28/1950,11030100000,,,,,
3/31/1950,11181900000,,,,,
4/30/1950,11329400000,,,,,
5/31/1950,11472100000,,,,,
6/30/1950,11607600000,,,,,
7/31/1950,11770200000,,,,,
8/31/1950,11946100000,,,,,
9/30/1950,12114500000,,,,,
10/31/1950,12283600000,,,,,
11/30/1950,12454400000,,,,,
12/31/1950,12621900000,,,,,
1/31/1951,12779100000,,,,,
2/28/1951,12893000000,,,,,
3/31/1951,13007800000,,,,,
4/30/1951,13107700000,,,,,
5/31/1951,13203500000,,,,,
6/30/1951,13282600000,,,,,
7/31/1951,13371700000,,,,,
8/31/1951,13466100000,,,,,
9/30/1951,13546400000,,,,,
10/31/1951,13635100000,,,,,
11/30/1951,13726200000,,,,,
12/31/1951,13774400000,,,,,
1/31/1952,13652200000,,,,,
2/29/1952,13692000000,,,,,
3/31/1952,13783800000,,,,,
4/30/1952,13890400000,,,,,
5/31/1952,13990900000,,,,,
6/30/1952,14133500000,,,,,
7/31/1952,14186200000,,,,,
8/31/1952,14276200000,,,,,
9/30/1952,14374700000,,,,,
10/31/1952,14452500000,,,,,
11/30/1952,14531400000,,,,,
12/31/1952,14615200000,,,,,
1/31/1953,14750900000,,,,,
2/28/1953,14891000000,,,,,
3/31/1953,14971300000,,,,,
4/30/1953,15041000000,,,,,
5/31/1953,15140000000,,,,,
6/30/1953,15269100000,,,,,
7/31/1953,15316900000,,,,,
8/31/1953,15356000000,,,,,
9/30/1953,15411200000,,,,,
10/31/1953,15494000000,,,,,
11/30/1953,15577500000,,,,,
12/31/1953,15681500000,,,,,
1/31/1954,15703600000,,,,,
2/28/1954,15707900000,,,,,
3/31/1954,15805300000,,,,,
4/30/1954,15912200000,,,,,
5/31/1954,16005900000,,,,,
6/30/1954,16120600000,,,,,
7/31/1954,16281700000,,,,,
8/31/1954,16454300000,,,,,
9/30/1954,16598900000,,,,,
10/31/1954,16781500000,,,,,
11/30/1954,16964900000,,,,,
12/31/1954,17198700000,,,,,
1/31/1955,17424700000,,,,,
2/28/1955,17646200000,,,,,
3/31/1955,17871500000,,,,,
4/30/1955,18073400000,,,,,
5/31/1955,18286100000,,,,,
6/30/1955,18547300000,,,,,
7/31/1955,18728300000,,,,,
8/31/1955,18922900000,,3.25,,,
9/30/1955,19155700000,,3.25,,,
10/31/1955,19374700000,,3.5,,,
11/30/1955,19416800000,,3.5,,,
12/31/1955,19459200000,,3.5,,,
1/31/1956,19602900000,,3.5,,,
2/29/1956,19773500000,,3.5,,,
3/31/1956,19958300000,,3.5,,,
4/30/1956,20158600000,,3.75,,,
5/31/1956,20340200000,,3.75,,,
6/30/1956,20562800000,,3.75,,,
7/31/1956,20638700000,,3.75,,,
8/31/1956,20711800000,,4,,,
9/30/1956,20840000000,,4,,,
10/31/1956,20973400000,,4,,,
11/30/1956,21060400000,,4,,,
12/31/1956,21198500000,,4,,,
1/31/1957,21211100000,,4,,,
2/28/1957,21238900000,,4,,,
3/31/1957,21262400000,,4,,,
4/30/1957,21273600000,,4,,,
5/31/1957,21259500000,,4,,,
6/30/1957,21230400000,,4,,,
7/31/1957,21314600000,,4,,,
8/31/1957,21413000000,,4.5,,,
9/30/1957,21447500000,,4.5,,,
10/31/1957,21485900000,,4.5,,,
11/30/1957,21522600000,,4.5,,,
12/31/1957,21539700000,,4.5,,,
1/31/1958,22423100000,,4,,,
2/28/1958,22767400000,,4,,,
3/31/1958,22825900000,,4,,,
4/30/1958,22899100000,,3.5,,,
5/31/1958,23036800000,,3.5,,,
6/30/1958,23118600000,,3.5,,,
7/31/1958,23300300000,,3.5,,,
8/31/1958,23515200000,,3.5,,,
9/30/1958,23659400000,,4,,,
10/31/1958,23972100000,,4,,,
11/30/1958,24285400000,,4,,,
12/31/1958,24536600000,,4,,,
1/31/1959,24924200000,,4,1657000,,
2/28/1959,25227000000,,4,1667000,,
3/31/1959,25421800000,,4,1620000,,
4/30/1959,25726100000,,4,1590000,,
5/31/1959,26018700000,,4.5,1498000,,
6/30/1959,26266800000,,4.5,1503000,,
7/31/1959,26469700000,,4.5,1547000,,
8/31/1959,26634900000,,4.5,1430000,,
9/30/1959,26784800000,,5,1540000,,
10/31/1959,26973500000,,5,1355000,,
11/30/1959,27134300000,,5,1416000,,
12/31/1959,27505900000,,5,1601000,,
1/31/1960,27623000000,,5,1460000,,
2/29/1960,27696000000,,5,1503000,,
3/31/1960,27786200000,,5,1109000,,
4/30/1960,27831900000,,5,1289000,,
5/31/1960,27823500000,,5,1271000,,
6/30/1960,27793300000,,5,1247000,,
7/31/1960,27803200000,,5,1197000,,
8/31/1960,27846800000,,4.5,1344000,,
9/30/1960,27904100000,,4.5,1097000,,
10/31/1960,27986900000,,4.5,1246000,,
11/30/1960,27988500000,,4.5,1246000,,
12/31/1960,28121200000,,4.5,1063000,,
1/31/1961,28188200000,,4.5,1183000,,
2/28/1961,28244500000,,4.5,1226000,,
3/31/1961,28362700000,,4.5,1312000,,
4/30/1961,28389900000,,4.5,1166000,,
5/31/1961,28454600000,,4.5,1228000,,
6/30/1961,28698800000,,4.5,1382000,,
7/31/1961,28861100000,,4.5,1335000,,
8/31/1961,28974900000,,4.5,1312000,,
9/30/1961,29070600000,,4.5,1429000,,
10/31/1961,29148400000,,4.5,1415000,,
11/30/1961,29273300000,,4.5,1385000,,
12/31/1961,29548000000,,4.5,1365000,,
1/31/1962,29786900000,,4.5,1361000,,
2/28/1962,29988200000,,4.5,1278000,,
3/31/1962,30219500000,,4.5,1443000,,
4/30/1962,30516700000,,4.5,1524000,,
5/31/1962,30850300000,,4.5,1483000,,
6/30/1962,31279000000,,4.5,1404000,,
7/31/1962,31615400000,,4.5,1450000,,
8/31/1962,31903400000,,4.5,1517000,,
9/30/1962,32248100000,,4.5,1324000,,
10/31/1962,32607500000,,4.5,1533000,,
11/30/1962,32972800000,,4.5,1622000,,
12/31/1962,33292000000,,4.5,1564000,,
1/31/1963,33682500000,,4.5,1244000,,
2/28/1963,34068200000,,4.5,1456000,,
3/31/1963,34353200000,,4.5,1534000,,
4/30/1963,34709000000,,4.5,1689000,,
5/31/1963,35193200000,,4.5,1641000,,
6/30/1963,35852300000,,4.5,1588000,,
7/31/1963,36341100000,,4.5,1614000,,
8/31/1963,36708700000,,4.5,1639000,,
9/30/1963,37074800000,,4.5,1763000,,
10/31/1963,37425800000,,4.5,1779000,,
11/30/1963,37790900000,,4.5,1622000,,
12/31/1963,38082800000,,4.5,1491000,,
1/31/1964,38512500000,,4.5,1603000,,
2/29/1964,39010700000,,4.5,1820000,,
3/31/1964,39360600000,,4.5,1517000,,
4/30/1964,39671300000,,4.5,1448000,,
5/31/1964,39989100000,,4.5,1467000,,
6/30/1964,40263900000,,4.5,1550000,,
7/31/1964,40666000000,,4.5,1562000,,
8/31/1964,41024100000,,4.5,1569000,,
9/30/1964,41393600000,,4.5,1455000,,
10/31/1964,41718300000,,4.5,1524000,,
11/30/1964,42046200000,,4.5,1486000,,
12/31/1964,42506700000,,4.5,1484000,,
1/31/1965,42888300000,,4.5,1361000,,
2/28/1965,43233800000,,4.5,1433000,,
3/31/1965,43676700000,,4.5,1423000,,
4/30/1965,44139100000,,4.5,1438000,,
5/31/1965,44543800000,,4.5,1478000,,
6/30/1965,44997400000,,4.5,1488000,,
7/31/1965,45458200000,,4.5,1529000,,
8/31/1965,45955400000,,4.5,1432000,,
9/30/1965,46485400000,,4.5,1482000,,
10/31/1965,46967600000,,4.5,1452000,,
11/30/1965,47435000000,,4.5,1460000,,
12/31/1965,47822400000,,5,1656000,,
1/31/1966,48377500000,,5,1370000,,
2/28/1966,48963700000,,5,1378000,,
3/31/1966,49410700000,,5.5,1394000,,
4/30/1966,49843900000,,5.5,1352000,,
5/31/1966,50194600000,,5.5,1265000,,
6/30/1966,50766300000,,5.75,1194000,,
7/31/1966,51094500000,,5.75,1086000,,
8/31/1966,51311300000,,6,1119000,,
9/30/1966,51630900000,,6,1046000,,
10/31/1966,51975800000,,6,843000,,
11/30/1966,52224600000,,6,961000,,
12/31/1966,52542000000,,6,990000,,
1/31/1967,52810100000,,5.75,1067000,,
2/28/1967,53013900000,,5.75,1123000,,
3/31/1967,53251400000,,5.5,1056000,,
4/30/1967,53505000000,,5.5,1091000,,
5/31/1967,53797500000,,5.5,1304000,,
6/30/1967,54171200000,,5.5,1248000,,
7/31/1967,54524900000,,5.5,1364000,,
8/31/1967,54883600000,,5.5,1407000,,
9/30/1967,55322700000,,5.5,1421000,,
10/31/1967,55779500000,,5.5,1491000,,
11/30/1967,56269700000,,6,1538000,,
12/31/1967,56843900000,,6,1308000,,
1/31/1968,57353400000,,6,1380000,,
2/29/1968,57920300000,,6,1520000,,
3/31/1968,58491200000,,6,1466000,,
4/30/1968,59042200000,,6.5,1554000,,
5/31/1968,59577900000,,6.5,1408000,,
6/30/1968,60249200000,,6.5,1405000,,
7/31/1968,60593400000,,6.5,1512000,,
8/31/1968,60833000000,,6.5,1495000,,
9/30/1968,61322600000,,6.25,1556000,,
10/31/1968,62000500000,,6.25,1569000,,
11/30/1968,62661600000,,6.25,1630000,,
12/31/1968,63281800000,,6.75,1548000,,
1/31/1969,63930300000,,7,1769000,,
2/28/1969,64650100000,,7,1705000,,
3/31/1969,65311700000,,7.5,1561000,,
4/30/1969,65905400000,,7.5,1524000,,
5/31/1969,66436300000,,7.5,1583000,,
6/30/1969,66747500000,,8.5,1528000,,
7/31/1969,67159100000,,8.5,1368000,,
8/31/1969,67510100000,,8.5,1358000,,
9/30/1969,67771100000,,8.5,1507000,,
10/31/1969,68034200000,,8.5,1381000,,
11/30/1969,68257200000,,8.5,1229000,,
12/31/1969,68420500000,,8.5,1327000,,
1/31/1970,68943500000,,8.5,1085000,,
2/28/1970,69243300000,,8.5,1305000,,
3/31/1970,69423300000,,8,1319000,,
4/30/1970,69544500000,,8,1264000,,
5/31/1970,69592200000,,8,1290000,,
6/30/1970,69472000000,,8,1385000,,
7/31/1970,69676200000,,8,1517000,,
8/31/1970,69887400000,,8,1399000,,
9/30/1970,70157800000,,7.5,1534000,,
10/31/1970,70483100000,,7.5,1580000,,
11/30/1970,70755800000,,7,1647000,,
12/31/1970,71343800000,,6.75,1893000,,
1/31/1971,71734100000,,6,1828000,,
2/28/1971,72165200000,,5.75,1741000,,
3/31/1971,72817700000,,5.25,1910000,,
4/30/1971,73550700000,,5.38,1986000,7.31,
5/31/1971,74296000000,,5.5,2049000,7.425,
6/30/1971,75039100000,,5.5,2026000,7.529999999999999,
7/31/1971,76285300000,,6,2083000,7.604000000000001,
8/31/1971,77042700000,,6,2158000,7.6975,
9/30/1971,77989600000,,6,2041000,7.6875,
10/31/1971,78977300000,,5.75,2128000,7.628,
11/30/1971,79879100000,,5.5,2182000,7.55,
12/31/1971,79984300000,,5.25,2295000,7.479999999999999,
1/31/1972,81262500000,,4.75,2494000,7.4375,
2/29/1972,83094700000,,4.75,2390000,7.324999999999999,
3/31/1972,84428900000,,4.75,2334000,7.298,
4/30/1972,85836000000,,5,2249000,7.29,
5/31/1972,87194900000,,5,2221000,7.3725,
6/30/1972,88249800000,,5.25,2254000,7.372,
7/31/1972,89795500000,,5.25,2252000,7.395,
8/31/1972,91426000000,,5.5,2382000,7.4,
9/30/1972,92849400000,,5.5,2481000,7.42,
10/31/1972,94277300000,,5.75,2485000,7.42,
11/30/1972,95834200000,,5.75,2421000,7.4275,
12/31/1972,96869500000,,6,2366000,7.442,
1/31/1973,98701100000,,6,2481000,7.4375,
2/28/1973,1.00456E+11,,6.25,2289000,7.439999999999999,
3/31/1973,1.02461E+11,,6.5,2365000,7.458,
4/30/1973,1.04303E+11,,6.75,2084000,7.542499999999999,
5/31/1973,1.05816E+11,,7.25,2266000,7.6525,
6/30/1973,1.07511E+11,,7.75,2067000,7.734,
7/31/1973,1.09239E+11,,8.75,2123000,8.05,
8/31/1973,1.10902E+11,,9.75,2051000,8.496,
9/30/1973,1.12485E+11,,10,1874000,8.815,
10/31/1973,1.13968E+11,,9.75,1677000,8.77,
11/30/1973,1.15531E+11,,9.75,1724000,8.581999999999999,
12/31/1973,1.17002E+11,,9.75,1526000,8.5375,
1/31/1974,1.17929E+11,,9.5,1451000,8.54,
2/28/1974,1.19401E+11,,8.75,1752000,8.455,
3/31/1974,1.20988E+11,,9.25,1555000,8.406,
4/30/1974,1.22766E+11,,10.5,1607000,8.5825,
5/31/1974,1.24151E+11,,11.5,1426000,8.972,
6/30/1974,1.25292E+11,,11.75,1513000,9.085,
7/31/1974,1.26584E+11,,12,1316000,9.28,
8/31/1974,1.27371E+11,,12,1142000,9.586,
9/30/1974,1.27981E+11,,12,1150000,9.9575,
10/31/1974,1.28627E+11,,11.25,1070000,9.9775,
11/30/1974,1.2922E+11,,10.5,1026000,9.788,
12/31/1974,1.29788E+11,,10.5,975000,9.615,
1/31/1975,1.30026E+11,60.01,9.5,1032000,9.432,
2/28/1975,1.30632E+11,60.01,8.5,904000,9.105,
3/31/1975,1.31179E+11,60.01,7.5,993000,8.9025,
4/30/1975,1.31639E+11,60.95,7.5,1005000,8.82,
5/31/1975,1.31723E+11,60.95,7.25,1121000,8.906,
6/30/1975,1.31853E+11,60.95,7,1087000,8.8925,
7/31/1975,1.3183E+11,61.25,7.5,1226000,8.89,
8/31/1975,1.31931E+11,61.25,7.75,1260000,8.942,
9/30/1975,1.32133E+11,61.25,8,1264000,9.13,
10/31/1975,1.32863E+11,62.24,7.75,1344000,9.224,
11/30/1975,1.33382E+11,62.24,7.5,1360000,9.145,
12/31/1975,1.34094E+11,62.24,7.25,1321000,9.0975,
1/31/1976,1.35048E+11,62.77,6.75,1367000,9.016,
2/29/1976,1.36298E+11,62.77,6.75,1538000,8.8125,
3/31/1976,1.37979E+11,62.77,6.75,1421000,8.754999999999999,
4/30/1976,1.39883E+11,65.42,6.75,1395000,8.73,
5/31/1976,1.40955E+11,65.42,6.75,1459000,8.765,
6/30/1976,1.41621E+11,65.42,7.25,1495000,8.8475,
7/31/1976,1.42597E+11,66.55,7.25,1401000,8.934000000000001,
8/31/1976,1.43755E+11,66.55,7,1550000,9,
9/30/1976,1.44778E+11,66.55,7,1720000,8.977500000000001,
10/31/1976,1.46071E+11,67.31,6.75,1629000,8.93,
11/30/1976,1.47281E+11,67.31,6.5,1641000,8.8125,
12/31/1976,1.48514E+11,67.31,6.25,1804000,8.792,
1/31/1977,1.49639E+11,69.53,6.25,1527000,8.7225,
2/28/1977,1.51673E+11,69.53,6.25,1943000,8.67,
3/31/1977,1.53679E+11,69.53,6.25,2063000,8.6875,
4/30/1977,1.56095E+11,72.74,6.25,1892000,8.751999999999999,
5/31/1977,1.58592E+11,72.74,6.75,1971000,8.8275,
6/30/1977,1.60656E+11,72.74,6.75,1893000,8.8575,
7/31/1977,1.62997E+11,74.4,6.75,2058000,8.941999999999998,
8/31/1977,1.65634E+11,74.4,7,2020000,8.94,
9/30/1977,1.67556E+11,74.4,7.25,1949000,8.896,
10/31/1977,1.70245E+11,77.23,7.75,2042000,8.9225,
11/30/1977,1.72818E+11,77.23,7.75,2042000,8.9225,
12/31/1977,1.75067E+11,77.23,7.75,2142000,8.959999999999999,
1/31/1978,1.77714E+11,79.57,8,1718000,9.015,
2/28/1978,1.8032E+11,79.57,8,1738000,9.145,
3/31/1978,1.83001E+11,79.57,8,2032000,9.202000000000002,
4/30/1978,1.85824E+11,82.77,8,2197000,9.355,
5/31/1978,1.88971E+11,82.77,8.5,2075000,9.5725,
6/30/1978,1.92106E+11,82.77,9,2070000,9.708,
7/31/1978,1.95013E+11,85.19,9,2092000,9.74,
8/31/1978,1.98325E+11,85.19,9.25,1996000,9.785,
9/30/1978,2.01099E+11,85.19,9.75,1970000,9.756,
10/31/1978,2.04515E+11,87.48,10.25,1981000,9.8575,
11/30/1978,2.07586E+11,87.48,11.5,2094000,10.1075,
12/31/1978,2.10462E+11,87.48,11.75,2044000,10.346,
1/31/1979,2.11946E+11,91.42,11.75,1630000,10.39,
2/28/1979,2.13629E+11,91.42,11.75,1520000,10.4075,
3/31/1979,2.15636E+11,91.42,11.75,1847000,10.425999999999998,
4/30/1979,2.181E+11,94.56,11.75,1748000,10.4975,
5/31/1979,2.2059E+11,94.56,11.75,1876000,10.69,
6/30/1979,2.23969E+11,94.56,11.5,1913000,11.036,
7/31/1979,2.28092E+11,96.5,11.75,1760000,11.0925,
8/31/1979,2.30944E+11,96.5,12.25,1778000,11.094,
9/30/1979,2.33928E+11,96.5,13.5,1832000,11.3,
10/31/1979,2.36887E+11,98.22,15,1681000,11.6375,
11/30/1979,2.39268E+11,98.22,15.5,1524000,12.830000000000002,
12/31/1979,2.41675E+11,98.22,15.25,1498000,12.9,
1/31/1980,2.44115E+11,100,15.25,1341000,12.8775,
2/29/1980,2.47048E+11,100,16.75,1350000,13.04,
3/31/1980,2.48992E+11,100,19.5,1047000,15.2825,
4/30/1980,2.50683E+11,101.67,19.5,1051000,16.325000000000003,
5/31/1980,2.51325E+11,101.67,14,927000,14.262,
6/30/1980,2.52048E+11,101.67,12,1196000,12.71,
7/31/1980,2.53624E+11,104.46,11,1269000,12.1925,
8/31/1980,2.55043E+11,104.46,11.5,1436000,12.56,
9/30/1980,2.56288E+11,104.46,13,1471000,13.1975,
10/31/1980,2.58404E+11,104.58,14.5,1523000,13.791999999999998,
11/30/1980,2.60607E+11,104.58,17.75,1510000,14.205,
12/31/1980,2.62283E+11,104.58,21.5,1482000,14.79,
1/31/1981,2.63771E+11,105.21,20,1547000,14.904,
2/28/1981,2.65153E+11,105.21,19,1246000,15.1325,
3/31/1981,2.66839E+11,105.21,17.5,1306000,15.4,
4/30/1981,2.68624E+11,107.42,18,1360000,15.58,
5/31/1981,2.71257E+11,107.42,20.5,1140000,16.402,
6/30/1981,2.73404E+11,107.42,20,1045000,16.695,
7/31/1981,2.74762E+11,108.87,20.5,1041000,16.832,
8/31/1981,2.77058E+11,108.87,20.5,940000,17.285,
9/30/1981,2.78729E+11,108.87,19.5,911000,18.16,
10/31/1981,2.80152E+11,107.51,18,873000,18.454,
11/30/1981,2.81617E+11,107.51,16,837000,17.825,
12/31/1981,2.83587E+11,107.51,15.75,910000,16.945999999999998,
1/31/1982,2.854E+11,106.12,15.75,843000,17.485,
2/28/1982,2.87562E+11,106.12,16.5,866000,17.5975,
3/31/1982,2.90207E+11,106.12,16.5,931000,17.16,
4/30/1982,2.91826E+11,108.77,16.5,917000,16.892,
5/31/1982,2.9382E+11,108.77,16.5,1025000,16.677500000000002,
6/30/1982,2.95647E+11,108.77,16.5,902000,16.697499999999998,
7/31/1982,2.95958E+11,106.98,15.5,1166000,16.816,
8/31/1982,2.97088E+11,106.98,13.5,1046000,16.27,
9/30/1982,2.97952E+11,106.98,13.5,1144000,15.43,
10/31/1982,2.98668E+11,111.67,12,1173000,14.608,
11/30/1982,2.99242E+11,111.67,11.5,1372000,13.825,
12/31/1982,2.99653E+11,111.67,11.5,1303000,13.624,
1/31/1983,3.02091E+11,114.42,11,1586000,13.2475,
2/28/1983,3.03162E+11,114.42,10.5,1699000,13.0425,
3/31/1983,3.04328E+11,114.42,10.5,1606000,12.8,
4/30/1983,3.06257E+11,115.93,10.5,1472000,12.782,
5/31/1983,3.08314E+11,115.93,10.5,1776000,12.6325,
6/30/1983,3.10825E+11,115.93,10.5,1733000,12.87,
7/31/1983,3.14193E+11,116.94,10.5,1785000,13.422,
8/31/1983,3.1722E+11,116.94,11,1910000,13.81,
9/30/1983,3.20692E+11,116.94,11,1710000,13.726,
10/31/1983,3.24055E+11,117.64,11,1715000,13.535,
11/30/1983,3.27376E+11,117.64,11,1785000,13.435,
12/31/1983,3.30353E+11,117.64,11,1688000,13.419999999999998,
1/31/1984,3.33708E+11,119.41,11,1897000,13.3675,
2/29/1984,3.37604E+11,119.41,11,2260000,13.2325,
3/31/1984,3.42016E+11,119.41,11.5,1663000,13.386,
4/30/1984,3.46179E+11,121.02,12,1851000,13.6525,
5/31/1984,3.49749E+11,121.02,12.5,1774000,13.9425,
6/30/1984,3.53739E+11,121.02,13,1843000,14.416,
7/31/1984,3.57159E+11,122.15,13,1732000,14.6675,
8/31/1984,3.60673E+11,122.15,13,1586000,14.47,
9/30/1984,3.64731E+11,122.15,12.75,1698000,14.35,
10/31/1984,3.67631E+11,123.14,12,1590000,14.13,
11/30/1984,3.72397E+11,123.14,11.25,1689000,13.638,
12/31/1984,3.76243E+11,123.14,10.75,1612000,13.18,
1/31/1985,3.79009E+11,124.88,10.5,1711000,13.075,
2/28/1985,3.83209E+11,124.88,10.5,1632000,12.92,
3/31/1985,3.86886E+11,124.88,10.5,1800000,13.169999999999998,
4/30/1985,3.90543E+11,126.76,10.5,1821000,13.195,
5/31/1985,3.94251E+11,126.76,10,1680000,12.913999999999998,
6/30/1985,3.9767E+11,126.76,9.5,1676000,12.215,
7/31/1985,4.01099E+11,128.73,9.5,1684000,12.0325,
8/31/1985,4.05207E+11,128.73,9.5,1743000,12.186,
9/30/1985,4.0977E+11,128.73,9.5,1676000,12.1925,
10/31/1985,4.14388E+11,130.16,9.5,1834000,12.135,
11/30/1985,4.18667E+11,130.16,9.5,1698000,11.784,
12/31/1985,4.22903E+11,130.16,9.5,1942000,11.26,
1/31/1986,4.2744E+11,132.7,9.5,1972000,10.886,
2/28/1986,4.32165E+11,132.7,9.5,1848000,10.71,
3/31/1986,4.37077E+11,132.7,9,1876000,10.08,
4/30/1986,4.41911E+11,135.48,8.5,1933000,9.9375,
5/31/1986,4.4655E+11,135.48,8.5,1854000,10.144,
6/30/1986,4.51282E+11,135.48,8.5,1847000,10.6825,
7/31/1986,4.57102E+11,137.55,8,1782000,10.5075,
8/31/1986,4.63303E+11,137.55,7.5,1807000,10.2,
9/30/1986,4.69326E+11,137.55,7.5,1687000,10.0075,
10/31/1986,4.7395E+11,139.67,7.5,1681000,9.974,
11/30/1986,4.79282E+11,139.67,7.5,1623000,9.695,
12/31/1986,4.90783E+11,139.67,7.5,1833000,9.31,
1/31/1987,5.02899E+11,142.44,7.5,1774000,9.204,
2/28/1987,5.08532E+11,142.44,7.5,1784000,9.0825,
3/31/1987,5.16563E+11,142.44,7.5,1726000,9.035,
4/30/1987,5.24845E+11,144.66,7.75,1614000,9.8325,
5/31/1987,5.3202E+11,144.66,8.25,1628000,10.596,
6/30/1987,5.41714E+11,144.66,8.25,1594000,10.5375,
7/31/1987,5.49402E+11,146.32,8.25,1575000,10.278,
8/31/1987,5.56233E+11,146.32,8.25,1605000,10.33,
9/30/1987,5.63162E+11,146.32,8.75,1695000,10.8875,
10/31/1987,5.70798E+11,147.28,9,1515000,11.26,
11/30/1987,5.77717E+11,147.28,8.75,1656000,10.65,
12/31/1987,5.85717E+11,147.28,8.75,1400000,10.64,
1/31/1988,5.91585E+11,149.57,8.75,1271000,10.3825,
2/29/1988,5.9594E+11,149.57,8.5,1473000,9.8925,
3/31/1988,6.01433E+11,149.57,8.5,1532000,9.93,
4/30/1988,6.08904E+11,152.58,8.5,1573000,10.202,
5/31/1988,6.16095E+11,152.58,9,1421000,10.455,
6/30/1988,6.22769E+11,152.58,9,1478000,10.46,
7/31/1988,6.29814E+11,154.16,9.5,1467000,10.432,
8/31/1988,6.37248E+11,154.16,10,1493000,10.5975,
9/30/1988,6.44196E+11,154.16,10,1492000,10.48,
10/31/1988,6.51486E+11,155.56,10,1522000,10.3025,
11/30/1988,6.56944E+11,155.56,10.5,1569000,10.265,
12/31/1988,6.63083E+11,155.56,10.5,1563000,10.612,
1/31/1989,6.76449E+11,157.38,10.5,1621000,10.73,
2/28/1989,6.83052E+11,157.38,11.5,1425000,10.645,
3/31/1989,6.88905E+11,157.38,11.5,1422000,11.032,
4/30/1989,6.98196E+11,159.54,11.5,1339000,11.05,
5/31/1989,7.04217E+11,159.54,11.5,1331000,10.7725,
6/30/1989,7.11857E+11,159.54,11,1397000,10.196,
7/31/1989,7.20387E+11,162.94,10.5,1427000,9.8825,
8/31/1989,7.30406E+11,162.94,10.5,1332000,9.985,
9/30/1989,7.39102E+11,162.94,10.5,1279000,10.126,
10/31/1989,7.45262E+11,164.29,10.5,1410000,9.9475,
11/30/1989,7.52764E+11,164.29,10.5,1351000,9.7675,
12/31/1989,7.59944E+11,164.29,10.5,1251000,9.744,
1/31/1990,7.65809E+11,165.22,10,1551000,9.895,
2/28/1990,7.74779E+11,165.22,10,1437000,10.1975,
3/31/1990,7.81691E+11,165.22,10,1289000,10.268,
4/30/1990,7.88724E+11,165.91,10,1248000,10.37,
5/31/1990,7.97801E+11,165.91,10,1212000,10.4775,
6/30/1990,8.05577E+11,165.91,10,1177000,10.164,
7/31/1990,8.14184E+11,166.93,10,1171000,10.035,
8/31/1990,8.19145E+11,166.93,10,1115000,10.1,
9/30/1990,8.23167E+11,166.93,10,1110000,10.175,
10/31/1990,8.29167E+11,166.28,10,1014000,10.1775,
11/30/1990,8.3438E+11,166.28,10,1145000,10.014,
12/31/1990,8.41753E+11,166.28,10,969000,9.6725,
1/31/1991,8.46584E+11,167.66,9.5,798000,9.6375,
2/28/1991,8.51871E+11,167.66,9,965000,9.365,
3/31/1991,8.57421E+11,167.66,9,921000,9.5,
4/30/1991,8.60635E+11,168.77,9,1001000,9.4925,
5/31/1991,8.62418E+11,168.77,8.5,996000,9.472,
6/30/1991,8.6582E+11,168.77,8.5,1036000,9.615,
7/31/1991,8.64399E+11,169.1,8.5,1063000,9.575,
8/31/1991,8.63621E+11,169.1,8.5,1049000,9.244,
9/30/1991,8.64266E+11,169.1,8,1015000,9.0075,
10/31/1991,8.65794E+11,171.47,8,1079000,8.855,
11/30/1991,8.67161E+11,171.47,7.5,1103000,8.712,
12/31/1991,8.68184E+11,171.47,6.5,1079000,8.497499999999999,
1/31/1992,8.71005E+11,172.79,6.5,1176000,8.431999999999999,
2/29/1992,8.73481E+11,172.79,6.5,1250000,8.7625,
3/31/1992,8.74778E+11,172.79,6.5,1297000,8.935,
4/30/1992,8.81169E+11,172.75,6.5,1099000,8.8525,
5/31/1992,8.81743E+11,172.75,6.5,1214000,8.672,
6/30/1992,8.79347E+11,172.75,6.5,1145000,8.51,
7/31/1992,8.7853E+11,174.72,6,1139000,8.128,
8/31/1992,8.80135E+11,174.72,6,1226000,7.975,
9/30/1992,8.82868E+11,174.72,6,1186000,7.922499999999999,
10/31/1992,8.85769E+11,175.6,6,1244000,8.088,
11/30/1992,8.87078E+11,175.6,6,1214000,8.305,
12/31/1992,8.87859E+11,175.6,6,1227000,8.206,
1/31/1993,8.86115E+11,175.68,6,1210000,7.9925,
2/28/1993,8.86979E+11,175.68,6,1210000,7.6825,
3/31/1993,8.89942E+11,175.68,6,1083000,7.495,
4/30/1993,8.92732E+11,177.36,6,1258000,7.471999999999999,
5/31/1993,8.98132E+11,177.36,6,1260000,7.465,
6/30/1993,9.0231E+11,177.36,6,1280000,7.4175,
7/31/1993,9.044E+11,178.8,6,1254000,7.206,
8/31/1993,9.07257E+11,178.8,6,1300000,7.1125,
9/30/1993,9.10654E+11,178.8,6,1343000,6.915,
10/31/1993,9.14829E+11,180.27,6,1392000,6.8340000000000005,
11/30/1993,9.19131E+11,180.27,6,1376000,7.155,
12/31/1993,9.28682E+11,180.27,6,1533000,7.172,
1/31/1994,9.29491E+11,181.39,6,1272000,7.0600000000000005,
2/28/1994,9.29604E+11,181.39,6,1337000,7.1525,
3/31/1994,9.31965E+11,181.39,6.25,1564000,7.675,
4/30/1994,9.35559E+11,182.46,6.75,1465000,8.315999999999999,
5/31/1994,9.39743E+11,182.46,7.25,1526000,8.5975,
6/30/1994,9.44668E+11,182.46,7.25,1409000,8.3975,
7/31/1994,9.51465E+11,183.22,7.25,1439000,8.614,
8/31/1994,9.57528E+11,183.22,7.75,1450000,8.5125,
9/30/1994,9.65105E+11,183.22,7.75,1474000,8.64,
10/31/1994,9.71202E+11,183.06,7.75,1450000,8.925,
11/30/1994,9.77556E+11,183.06,8.5,1511000,9.17,
12/31/1994,9.87854E+11,183.06,8.5,1455000,9.198,
1/31/1995,9.96769E+11,184.02,8.5,1407000,9.1475,
2/28/1995,1.0062E+12,184.02,9,1316000,8.8275,
3/31/1995,1.01368E+12,184.02,9,1249000,8.462,
4/30/1995,1.0199E+12,187.05,9,1267000,8.32,
5/31/1995,1.02776E+12,187.05,9,1314000,7.955,
6/30/1995,1.0352E+12,187.05,9,1281000,7.566,
7/31/1995,1.04464E+12,189.94,8.75,1461000,7.6075,
8/31/1995,1.04942E+12,189.94,8.75,1416000,7.86,
9/30/1995,1.05478E+12,189.94,8.75,1369000,7.636,
10/31/1995,1.05703E+12,191.4,8.75,1369000,7.475,
11/30/1995,1.06029E+12,191.4,8.75,1452000,7.377499999999999,
12/31/1995,1.06213E+12,191.4,8.5,1431000,7.2,
1/31/1996,1.06828E+12,193.54,8.5,1467000,7.029999999999999,
2/29/1996,1.07156E+12,193.54,8.25,1491000,7.075,
3/31/1996,1.07757E+12,193.54,8.25,1424000,7.624,
4/30/1996,1.07939E+12,193.85,8.25,1516000,7.925000000000001,
5/31/1996,1.08169E+12,193.85,8.25,1504000,8.07,
6/30/1996,1.08498E+12,193.85,8.25,1467000,8.32,
7/31/1996,1.08093E+12,194.72,8.25,1472000,8.245000000000001,
8/31/1996,1.08943E+12,194.72,8.25,1557000,8.001999999999999,
9/30/1996,1.09617E+12,194.72,8.25,1475000,8.23,
10/31/1996,1.10451E+12,196.24,8.25,1392000,7.915,
11/30/1996,1.11133E+12,196.24,8.25,1489000,7.618,
12/31/1996,1.1231E+12,196.24,8.25,1370000,7.5975,
1/31/1997,1.13003E+12,197.86,8.25,1355000,7.824,
2/28/1997,1.13519E+12,197.86,8.25,1486000,7.65,
3/31/1997,1.14802E+12,197.86,8.5,1457000,7.8975,
4/30/1997,1.16077E+12,199.49,8.5,1492000,8.1425,
5/31/1997,1.17218E+12,199.49,8.5,1442000,7.944,
6/30/1997,1.1839E+12,199.49,8.5,1494000,7.689999999999999,
7/31/1997,1.19076E+12,202.21,8.5,1437000,7.4975,
8/31/1997,1.19663E+12,202.21,8.5,1390000,7.479999999999999,
9/30/1997,1.20823E+12,202.21,8.5,1546000,7.43,
10/31/1997,1.21415E+12,204.84,8.5,1520000,7.294,
11/30/1997,1.21828E+12,204.84,8.5,1510000,7.205,
12/31/1997,1.22084E+12,204.84,8.5,1566000,7.095000000000001,
1/31/1998,1.22469E+12,207.91,8.5,1525000,6.994,
2/28/1998,1.2379E+12,207.91,8.5,1584000,7.0425,
3/31/1998,1.2528E+12,207.91,8.5,1567000,7.1275,
4/30/1998,1.25924E+12,209.77,8.5,1540000,7.140000000000001,
5/31/1998,1.26002E+12,209.77,8.5,1536000,7.144,
6/30/1998,1.26135E+12,209.77,8.5,1641000,6.9975000000000005,
7/31/1998,1.26582E+12,212.71,8.5,1698000,6.952,
8/31/1998,1.27204E+12,212.71,8.5,1614000,6.9225,
9/30/1998,1.27504E+12,212.71,8.25,1582000,6.7225,
10/31/1998,1.28253E+12,215.22,8,1715000,6.709999999999999,
11/30/1998,1.30105E+12,215.22,7.75,1660000,6.865,
12/31/1998,1.31163E+12,215.22,7.75,1792000,6.738,
1/31/1999,1.31819E+12,217.48,7.75,1748000,6.785,
2/28/1999,1.32069E+12,217.48,7.75,1670000,6.8075,
3/31/1999,1.32689E+12,217.48,7.75,1710000,7.04,
4/30/1999,1.33241E+12,220.38,7.75,1553000,6.916,
5/31/1999,1.3414E+12,220.38,7.75,1611000,7.145,
6/30/1999,1.34742E+12,220.38,7.75,1559000,7.55,
7/31/1999,1.3545E+12,223.51,8,1669000,7.632,
8/31/1999,1.36986E+12,223.51,8.25,1648000,7.9425,
9/30/1999,1.38864E+12,223.51,8.25,1635000,7.8225,
10/31/1999,1.40963E+12,225.8,8.25,1608000,7.851999999999999,
11/30/1999,1.42289E+12,225.8,8.5,1648000,7.7375,
12/31/1999,1.46072E+12,225.8,8.5,1708000,7.912000000000001,
1/31/2000,1.48228E+12,230.12,8.5,1636000,8.21,
2/29/2000,1.4924E+12,230.12,8.75,1737000,8.325,
3/31/2000,1.51872E+12,230.12,9,1604000,8.24,
4/30/2000,1.54174E+12,233.87,9,1626000,8.1525,
5/31/2000,1.5655E+12,233.87,9.5,1575000,8.515,
6/30/2000,1.58551E+12,233.87,9.5,1559000,8.288,
7/31/2000,1.60057E+12,238.14,9.5,1463000,8.1475,
8/31/2000,1.61325E+12,238.14,9.5,1541000,8.0275,
9/30/2000,1.62421E+12,238.14,9.5,1507000,7.912000000000001,
10/31/2000,1.6228E+12,241.78,9.5,1549000,7.795,
11/30/2000,1.63259E+12,241.78,9.5,1551000,7.745,
12/31/2000,1.63929E+12,241.78,9.5,1532000,7.382,
1/31/2001,1.64348E+12,247.76,9,1600000,7.0325,
2/28/2001,1.65572E+12,247.76,8.5,1625000,7.05,
3/31/2001,1.66952E+12,247.76,8,1590000,6.952,
4/30/2001,1.68313E+12,251.92,7.5,1649000,7.0775,
5/31/2001,1.69573E+12,251.92,7,1605000,7.145,
6/30/2001,1.70003E+12,251.92,6.75,1636000,7.159999999999999,
7/31/2001,1.70236E+12,255.83,6.75,1670000,7.1275,
8/31/2001,1.70319E+12,255.83,6.5,1567000,6.95,
9/30/2001,1.71381E+12,255.83,6,1562000,6.8175,
10/31/2001,1.7151E+12,258.99,5.5,1540000,6.6175,
11/30/2001,1.73711E+12,258.99,5,1602000,6.658,
12/31/2001,1.75845E+12,258.99,4.75,1568000,7.065,
1/31/2002,1.75756E+12,262.71,4.75,1698000,6.9975,
2/28/2002,1.76761E+12,262.71,4.75,1829000,6.8925,
3/31/2002,1.77275E+12,262.71,4.75,1642000,7.014,
4/30/2002,1.78271E+12,267.19,4.75,1592000,6.985,
5/31/2002,1.79112E+12,267.19,4.75,1764000,6.806,
6/30/2002,1.8171E+12,267.19,4.75,1717000,6.65,
7/31/2002,1.83666E+12,272.49,4.75,1655000,6.485,
8/31/2002,1.86619E+12,272.49,4.75,1633000,6.29,
9/30/2002,1.90121E+12,272.49,4.75,1804000,6.0925,
10/31/2002,1.94498E+12,276.36,4.75,1648000,6.1125,
11/30/2002,1.97852E+12,276.36,4.25,1753000,6.068,
12/31/2002,2.01043E+12,276.36,4.25,1788000,6.0475,
1/31/2003,2.03623E+12,279.72,4.25,1853000,5.916,
2/28/2003,2.06887E+12,279.72,4.25,1629000,5.8425,
3/31/2003,2.08494E+12,279.72,4.25,1726000,5.745,
4/30/2003,2.10732E+12,283.14,4.25,1643000,5.8125,
5/31/2003,2.13177E+12,283.14,4.25,1751000,5.484,
6/30/2003,2.15071E+12,283.14,4,1867000,5.23,
7/31/2003,2.17729E+12,287.51,4,1897000,5.6325,
8/31/2003,2.22057E+12,287.51,4,1833000,6.264,
9/30/2003,2.23449E+12,287.51,4,1939000,6.1475,
10/31/2003,2.21188E+12,295.64,4,1967000,5.952,
11/30/2003,2.20095E+12,295.64,4,2083000,5.9325,
12/31/2003,2.20793E+12,295.64,4,2057000,5.876,
1/31/2004,2.22634E+12,300.29,4,1911000,5.7125,
2/29/2004,2.25289E+12,300.29,4,1846000,5.635,
3/31/2004,2.28987E+12,300.29,4,1998000,5.445,
4/30/2004,2.3434E+12,307.63,4,2003000,5.83,
5/31/2004,2.38412E+12,307.63,4,1981000,6.27,
6/30/2004,2.40963E+12,307.63,4.25,1828000,6.2875,
7/31/2004,2.41319E+12,319.35,4.25,2002000,6.056,
8/31/2004,2.43681E+12,319.35,4.5,2024000,5.8675,
9/30/2004,2.46587E+12,319.35,4.75,1905000,5.754,
10/31/2004,2.49508E+12,326.2,4.75,2072000,5.7225,
11/30/2004,2.52535E+12,326.2,5,1782000,5.73,
12/31/2004,2.55317E+12,326.2,5.25,2042000,5.752,
1/31/2005,2.57734E+12,333.69,5.25,2144000,5.71,
2/28/2005,2.60645E+12,333.69,5.5,2207000,5.6275,
3/31/2005,2.65074E+12,333.69,5.75,1864000,5.928,
4/30/2005,2.68138E+12,344.39,5.75,2061000,5.855,
5/31/2005,2.69606E+12,344.39,6,2025000,5.72,
6/30/2005,2.73343E+12,344.39,6.25,2068000,5.582,
7/31/2005,2.78102E+12,354.84,6.25,2054000,5.695,
8/31/2005,2.82358E+12,354.84,6.5,2095000,5.82,
9/30/2005,2.84471E+12,354.84,6.75,2151000,5.774,
10/31/2005,2.86982E+12,362.87,6.75,2065000,6.065,
11/30/2005,2.89421E+12,362.87,7,2147000,6.33,
12/31/2005,2.92582E+12,362.87,7.25,1994000,6.272,
1/31/2006,2.94536E+12,368.62,7.5,2273000,6.145,
2/28/2006,2.97297E+12,368.62,7.5,2119000,6.2525,
3/31/2006,2.99804E+12,368.62,7.75,1969000,6.324,
4/30/2006,3.03055E+12,372.39,7.75,1821000,6.5075,
5/31/2006,3.0588E+12,372.39,8,1942000,6.5975,
6/30/2006,3.09309E+12,372.39,8.25,1802000,6.682,
7/31/2006,3.12004E+12,375.45,8.25,1737000,6.7625,
8/31/2006,3.12998E+12,375.45,8.25,1650000,6.523999999999999,
9/30/2006,3.15753E+12,375.45,8.25,1720000,6.4025,
10/31/2006,3.30739E+12,379.3,8.25,1491000,6.3575,
11/30/2006,3.33592E+12,379.3,8.25,1570000,6.24,
12/31/2006,3.37127E+12,379.3,8.25,1649000,6.135,
1/31/2007,3.39442E+12,380.72,8.25,1409000,6.2175,
2/28/2007,3.42226E+12,380.72,8.25,1480000,6.285,
3/31/2007,3.36328E+12,380.72,8.25,1495000,6.156000000000001,
4/30/2007,3.3909E+12,380.47,8.25,1490000,6.18,
5/31/2007,3.41041E+12,380.47,8.25,1415000,6.2620000000000005,
6/30/2007,3.42791E+12,380.47,8.25,1448000,6.657500000000001,
7/31/2007,3.44719E+12,376.22,8.25,1354000,6.695,
8/31/2007,3.46958E+12,376.22,8.25,1330000,6.572,
9/30/2007,3.50226E+12,376.22,7.75,1183000,6.3825,
10/31/2007,3.55741E+12,374.99,7.5,1264000,6.375,
11/30/2007,3.58668E+12,374.99,7.5,1197000,6.208,
12/31/2007,3.59892E+12,374.99,7.25,1037000,6.095,
1/31/2008,3.61406E+12,372.23,6,1084000,5.758,
2/29/2008,3.62971E+12,372.23,6,1103000,5.9175,202266
3/31/2008,3.64783E+12,372.23,5.25,1005000,5.97,234070
4/30/2008,3.66063E+12,362.84,5,1013000,5.9175,259789
5/31/2008,3.65058E+12,362.84,5,973000,6.036,286364
6/30/2008,3.6374E+12,362.84,5,1046000,6.32,299619
7/31/2008,3.62953E+12,351.39,5,923000,6.425999999999999,302828
8/31/2008,3.63055E+12,351.39,5,844000,6.4775,285486
9/30/2008,3.66757E+12,351.39,5,820000,6.0375,268911
10/31/2008,3.82506E+12,348.15,4,777000,6.2,259761
11/30/2008,3.8269E+12,348.15,4,652000,6.0875,190940
12/31/2008,3.81908E+12,348.15,3.25,560000,5.286,217354
1/31/2009,3.80186E+12,350.72,3.25,490000,5.047499999999999,163995
2/28/2009,3.8257E+12,350.72,3.25,582000,5.13,178116
3/31/2009,3.82592E+12,350.72,3.25,505000,5.0025,227315
4/30/2009,3.84069E+12,341.53,3.25,478000,4.8100000000000005,241451
5/31/2009,3.87854E+12,341.53,3.25,540000,4.8575,262521
6/30/2009,3.8606E+12,341.53,3.25,585000,5.42,311258
7/31/2009,3.83882E+12,332.62,3.25,594000,5.222,318341
8/31/2009,3.81414E+12,332.62,3.25,586000,5.1925,290239
9/30/2009,3.76584E+12,332.62,3.25,585000,5.0575,285776
10/31/2009,3.74176E+12,330.09,3.25,534000,4.952,300645
11/30/2009,3.80585E+12,330.09,3.25,588000,4.875,279245
12/31/2009,3.77668E+12,330.09,3.25,581000,4.93,259989
1/31/2010,3.75845E+12,326.15,3.25,614000,5.03,181293
2/28/2010,3.7212E+12,326.15,3.25,604000,4.99,191919
3/31/2010,3.70463E+12,326.15,3.25,636000,4.9675,285440
4/30/2010,3.71408E+12,323.19,3.25,687000,5.098000000000001,305441
5/31/2010,3.70021E+12,323.19,3.25,583000,4.8875,315215
6/30/2010,3.68287E+12,323.19,3.25,536000,4.7375,347987
7/31/2010,3.66129E+12,326.33,3.25,546000,4.564,251107
8/31/2010,3.65549E+12,326.33,3.25,599000,4.4275,255017
9/30/2010,3.64167E+12,326.33,3.25,594000,4.346,265178
10/31/2010,3.62714E+12,324,3.25,543000,4.225,231407
11/30/2010,3.62403E+12,324,3.25,545000,4.3,221009
12/31/2010,3.61338E+12,324,3.25,539000,4.714,248312
1/31/2011,3.60367E+12,315,3.25,630000,4.755,190648
2/28/2011,3.57015E+12,315,3.25,517000,4.9525,193000
3/31/2011,3.54019E+12,315,3.25,600000,4.836,264101
4/30/2011,3.52154E+12,309.46,3.25,554000,4.84,265544
5/31/2011,3.50883E+12,309.46,3.25,561000,4.6375,281848
6/30/2011,3.502E+12,309.46,3.25,608000,4.51,315828
7/31/2011,3.49691E+12,311.77,3.25,623000,4.545,281804
8/31/2011,3.49208E+12,311.77,3.25,585000,4.27,305650
9/30/2011,3.48844E+12,311.77,3.25,650000,4.106,272147
10/31/2011,3.49791E+12,313.2,3.25,610000,4.0675,251525
11/30/2011,3.5052E+12,313.2,3.25,711000,3.9925,241120
12/31/2011,3.49496E+12,313.2,3.25,694000,3.958,260552
1/31/2012,3.51153E+12,309.92,3.25,723000,3.915,208007
2/29/2012,3.5395E+12,309.92,3.25,704000,3.89,224327
3/31/2012,3.54427E+12,309.92,3.25,695000,3.954,284946
4/30/2012,3.54098E+12,308.5,3.25,753000,3.91,291364
5/31/2012,3.53968E+12,308.5,3.25,708000,3.798,335004
6/30/2012,3.52985E+12,308.5,3.25,757000,3.675,350044
7/31/2012,3.52459E+12,312.62,3.25,740000,3.55,327196
8/31/2012,3.52611E+12,312.62,3.25,754000,3.6019999999999994,352876
9/30/2012,3.52984E+12,312.62,3.25,847000,3.4975,286962
10/31/2012,3.52665E+12,315.07,3.25,915000,3.3825000000000003,317240
11/30/2012,3.55564E+12,315.07,3.25,833000,3.3519999999999994,293951
12/31/2012,3.55068E+12,315.07,3.25,976000,3.345,293880
1/31/2013,3.56043E+12,316.63,3.25,888000,3.414,243318
2/28/2013,3.55372E+12,316.63,3.25,962000,3.5325,243651
3/31/2013,3.54901E+12,316.63,3.25,1010000,3.565,310945
4/30/2013,3.55315E+12,321.45,3.25,835000,3.4450000000000003,346984
5/31/2013,3.54585E+12,321.45,3.25,930000,3.536,398563
6/30/2013,3.54584E+12,321.45,3.25,839000,4.07,390582
7/31/2013,3.53686E+12,326.04,3.25,880000,4.37,412623
8/31/2013,3.52712E+12,326.04,3.25,917000,4.456,408618
9/30/2013,3.52664E+12,326.04,3.25,850000,4.49,346704
10/31/2013,3.52394E+12,328.63,3.25,925000,4.192,347037
11/30/2013,3.52981E+12,328.63,3.25,1100000,4.255,297494
12/31/2013,3.53166E+12,328.63,3.25,1002000,4.4575,307770
1/31/2014,3.53548E+12,331.32,3.25,888000,4.432,241983
2/28/2014,3.54562E+12,331.32,3.25,944000,4.3025,238223
3/31/2014,3.56112E+12,331.32,3.25,970000,4.3425,296051
4/30/2014,3.57422E+12,337.75,3.25,1043000,4.3375,335832
5/31/2014,3.58213E+12,337.75,3.25,1007000,4.192,378464
6/30/2014,3.59949E+12,337.75,3.25,911000,4.1625,402146
7/31/2014,3.60467E+12,342.63,3.25,1085000,4.13,405395
8/31/2014,3.61559E+12,342.63,3.25,984000,4.115,386685
9/30/2014,3.61929E+12,342.63,3.25,1023000,4.1625,357004
10/31/2014,3.62086E+12,345.4,3.25,1074000,4.036,369808
11/30/2014,3.62731E+12,345.4,3.25,1001000,3.9975,284963
12/31/2014,3.63861E+12,345.4,3.25,1073000,3.864,330665
1/31/2015,3.6537E+12,349.2,3.25,1085000,3.67,242485
2/28/2015,3.67619E+12,349.2,3.25,886000,3.71,252530
3/31/2015,3.71043E+12,349.2,3.25,960000,3.77,341802
4/30/2015,3.72029E+12,354.88,3.25,1190000,3.672,370546
5/31/2015,3.73006E+12,354.88,3.25,1079000,3.84,402248
6/30/2015,3.74983E+12,354.88,3.25,1205000,3.9825,467122
7/31/2015,3.76181E+12,359.9,3.25,1146000,4.046,464524
8/31/2015,3.77769E+12,359.9,3.25,1130000,3.905,422189
9/30/2015,3.7949E+12,359.9,3.25,1224000,3.89,400379
10/31/2015,3.81236E+12,362.79,3.25,1058000,3.796,379523
11/30/2015,3.84754E+12,362.79,3.25,1172000,3.9425,297488
12/31/2015,3.87117E+12,362.79,3.5,1146000,3.964,357504
1/31/2016,3.89097E+12,366.13,3.5,1092000,3.8725,263739
2/29/2016,3.91722E+12,366.13,3.5,1225000,3.66,278718
3/31/2016,3.94308E+12,366.13,3.5,1111000,3.694,364353
4/30/2016,3.96028E+12,372.97,3.5,1163000,3.605,390057
5/31/2016,3.98671E+12,372.97,3.5,1148000,3.6,435461
6/30/2016,4.00858E+12,372.97,3.5,1203000,3.568,490391
7/31/2016,4.03142E+12,379.62,3.5,1239000,3.44,432898
8/31/2016,4.05466E+12,379.62,3.5,1171000,3.435,460500
9/30/2016,4.07453E+12,379.62,3.5,1068000,3.46,415426
10/31/2016,4.09705E+12,382.56,3.5,1313000,3.47,382029
11/30/2016,4.10938E+12,382.56,3.5,1140000,3.77,359398
12/31/2016,4.11493E+12,382.56,3.75,1252000,4.198,370013
1/31/2017,4.13365E+12,385.28,3.75,1190000,4.15,289285
2/28/2017,4.14287E+12,385.28,3.75,1271000,4.1675,283165
3/31/2017,4.15138E+12,385.28,4,1190000,4.196,401728
4/30/2017,4.16787E+12,393.89,4,1146000,4.045,388403
5/31/2017,4.18407E+12,393.89,4,1157000,4.01,473005
6/30/2017,4.19606E+12,393.89,4.25,1249000,3.904,517475
7/31/2017,4.21415E+12,399.95,4.25,1206000,3.9675,444232
8/31/2017,4.22464E+12,399.95,4.25,1159000,3.88,477657
9/30/2017,4.23033E+12,399.95,4.25,1181000,3.805,404716
10/31/2017,4.25317E+12,403.27,4.25,1257000,3.895,399752
11/30/2017,4.27137E+12,403.27,4.25,1273000,3.922,363470
12/31/2017,4.28478E+12,403.27,4.5,1177000,3.95,354712
1/31/2018,4.30139E+12,408.94,4.5,1299000,4.032500000000001,281975
2/28/2018,4.31532E+12,408.94,4.5,1277000,4.33,280232
3/31/2018,4.32534E+12,408.94,4.75,1318000,4.444,381538
4/30/2018,4.33916E+12,416.45,4.75,1276000,4.4675,403332
5/31/2018,4.33757E+12,416.45,4.75,1357000,4.586,465997
6/30/2018,4.35163E+12,416.45,5,1192000,4.57,493454
7/31/2018,4.3622E+12,421.56,5,1208000,4.5275,459653
8/31/2018,4.36459E+12,421.56,5,1288000,4.55,477557
9/30/2018,4.38413E+12,421.56,5.25,1250000,4.6275,373388
10/31/2018,4.39408E+12,422.99,5.25,1221000,4.83,400004
11/30/2018,4.40001E+12,422.99,5.25,1181000,4.866,352918
12/31/2018,4.40883E+12,422.99,5.5,1095000,4.6375,320108
1/31/2019,4.42405E+12,427.73,5.5,1226000,4.464,259417
2/28/2019,4.43699E+12,427.73,5.5,1121000,4.37,276740
3/31/2019,4.45004E+12,427.73,5.5,1191000,4.265,355524
4/30/2019,4.46473E+12,434.88,5.5,1272000,4.1425,401535
5/31/2019,4.48615E+12,434.88,5.5,1293000,4.072,468884
6/30/2019,4.49808E+12,434.88,5.5,1243000,3.8025,452651
7/31/2019,4.50636E+12,440.42,5.5,1240000,3.765,466776
8/31/2019,4.51418E+12,440.42,5.25,1375000,3.616,460612
9/30/2019,4.52798E+12,440.42,5,1311000,3.605,391712
10/31/2019,4.54681E+12,444.34,4.75,1325000,3.688,405096
11/30/2019,4.57377E+12,444.34,4.75,1353000,3.695,343547
12/31/2019,4.60813E+12,444.34,4.75,1548000,3.72,358986
1/31/2020,4.62143E+12,449.49,4.75,1578000,3.624,288219
2/29/2020,4.63564E+12,449.49,4.75,1537000,3.4650000000000003,289432
3/31/2020,4.66071E+12,449.49,3.25,1252000,3.45,361619
4/30/2020,4.68108E+12,454,3.25,931000,3.306,314108
5/31/2020,4.67604E+12,454,3.25,1053000,3.2325,308010
6/30/2020,4.67171E+12,454,3.25,1254000,3.1625,429910
7/31/2020,4.68689E+12,462,3.25,1523000,3.016,512858
8/31/2020,4.68169E+12,462,3.25,1401000,2.935,493961
9/30/2020,4.67676E+12,462,3.25,1463000,2.89,498053
10/31/2020,4.66784E+12,472.14,3.25,1543000,2.834,508957
11/30/2020,4.65275E+12,472.14,3.25,1553000,2.765,434192
12/31/2020,4.64093E+12,472.14,3.25,1635000,2.684,466498
1/31/2021,4.65944E+12,483.55,3.25,1639000,2.735,345769
2/28/2021,4.65118E+12,483.55,3.25,1407000,2.81,342137
3/31/2021,4.64467E+12,483.55,3.25,1668000,3.0825,465944
4/30/2021,4.64244E+12,510.41,3.25,1492000,3.06,492342
5/31/2021,4.63666E+12,510.41,3.25,1607000,2.9625,497447
6/30/2021,4.64839E+12,510.41,3.25,1638000,2.975,582400
7/31/2021,4.66299E+12,538.84,3.25,1600000,2.868,545219
8/31/2021,4.69034E+12,538.84,3.25,1595000,2.8425,536501
9/30/2021,4.70747E+12,538.84,3.25,1563000,2.9,502085
10/31/2021,4.73028E+12,557.32,3.25,1587000,3.0675,479018
11/30/2021,4.76136E+12,557.32,3.25,1704000,3.0675,461050
12/31/2021,4.78958E+12,557.32,3.25,1757000,3.098,462483
1/31/2022,4.81414E+12,577.74,3.25,1712000,3.4450000000000003,346666
2/28/2022,4.84071E+12,577.74,3.25,1742000,3.7625,336197
3/31/2022,4.87512E+12,577.74,3.5,1678000,4.172,443672
4/30/2022,4.92607E+12,615.49,3.5,1828000,4.9825,441817
5/31/2022,4.97517E+12,615.49,4,1540000,5.23,467346
6/30/2022,5.02476E+12,615.49,4.75,1542000,5.522,485009
7/31/2022,5.07224E+12,625.44,5.5,1392000,5.4125,414149
8/31/2022,5.12284E+12,625.44,5.5,1520000,5.2225,431318
9/30/2022,5.16449E+12,625.44,6.25,1470000,6.112,382113
10/31/2022,5.20849E+12,619.68,6.25,1440000,6.9,333927
11/30/2022,5.25144E+12,619.68,7,1420000,6.805,287934
12/31/2022,5.34763E+12,619.68,7.5,1340000,6.364,274219
1/31/2023,5.37133E+12,623.28,7.5,1361000,6.2725,212835
2/28/2023,5.40835E+12,623.28,7.75,1404000,6.2575,233916
3/31/2023,5.42081E+12,623.28,8,1342000,6.544,320038
4/30/2023,5.4257E+12,642.17,8,1368000,6.342499999999999,296446
5/31/2023,5.45132E+12,642.17,8.25,1583000,6.425,358553
6/30/2023,5.44115E+12,642.17,8.25,1415000,6.714,381910
7/31/2023,5.44994E+12,653.73,8.5,1473000,6.84,327338
8/31/2023,5.47953E+12,653.73,8.5,1305000,7.072,356409
9/30/2023,5.494E+12,653.73,8.5,1363000,7.2,309358
10/31/2023,5.50532E+12,655.69,8.5,1365000,7.62,297212
11/30/2023,5.51899E+12,655.69,8.5,1510000,7.442,259981
12/31/2023,5.53217E+12,655.69,8.5,1568000,6.815,248403
1/31/2024,5.55298E+12,664.22,8.5,1376000,6.6425,213339
2/29/2024,5.57181E+12,664.22,8.5,1546000,6.776000000000001,236358
3/31/2024,5.58937E+12,664.22,8.5,1299000,6.82,285139
4/30/2024,5.60361E+12,681.11,8.5,1377000,6.9925,321626
5/31/2024,5.6033E+12,681.11,8.5,1315000,7.06,354993
6/30/2024,5.59796E+12,681.11,8.5,1329000,6.9175,330647
7/31/2024,5.6078E+12,687.8,8.5,1262000,6.8475,347206
8/31/2024,5.60758E+12,687.8,8.5,1379000,6.5,337528
9/30/2024,5.60693E+12,687.8,8,1355000,6.18,290621
10/31/2024,5.61481E+12,690.9,8,1344000,6.428,311076
11/30/2024,5.61818E+12,690.9,7.75,1305000,6.805,269329
12/31/2024,5.6195E+12,690.9,7.5,1526000,6.715,276724
1/31/2025,5.62728E+12,,7.5,1350000,6.958,221395
2/28/2025,5.64179E+12,,7.5,1501000,6.842499999999999,229721
