date,sp500_index_real,sp500_index_nominal,djia_index_real,djia_index_nominal,nasdaq100_index_avg
12/31/1927,325.72,17.66,3701.71,200.7,
1/31/1928,324.06,17.57,3662.79,198.59,
2/29/1928,322.07,17.26,3634.59,194.78,
3/31/1928,359.76,19.28,4001.64,214.45,
4/30/1928,368.54,19.75,3949.02,211.63,
5/31/1928,371.02,20,4077.7,219.81,
6/30/1928,357.15,19.14,3925.5,210.37,
7/31/1928,362.56,19.43,4030.56,216,
8/31/1928,389.43,20.87,4486.05,240.41,
9/30/1928,389.91,21.14,4378.24,237.38,
10/31/1928,402.19,21.68,4677.82,252.16,
11/30/1928,450.42,24.28,5442.49,293.38,
12/31/1928,454.37,24.35,5598,300,
1/31/1929,480.31,25.74,5924.74,317.51,
2/28/1929,477.51,25.59,5922.87,317.41,
3/31/1929,479.2,25.53,5797.11,308.85,
4/30/1929,489.77,25.94,6028.51,319.29,
5/31/1929,466.06,24.83,5582.39,297.41,
6/30/1929,511.47,27.41,6228.52,333.79,
7/31/1929,532.66,28.88,6412.98,347.7,
8/31/1929,584.86,31.71,7014.81,380.33,
9/30/1929,556.27,30.16,6334.59,343.45,
10/31/1929,445.42,24.15,5044.62,273.51,
11/30/1929,385.85,20.92,4407.19,238.95,
12/31/1929,397.92,21.45,4609.55,248.48,
1/31/1930,425.26,22.79,4984.83,267.14,
2/28/1930,436.97,23.28,5088.73,271.11,
3/31/1930,455.98,24.15,5401.85,286.1,
4/30/1930,467.37,24.9,5241.15,279.23,
5/31/1930,462.4,24.49,5193.6,275.07,
6/30/1930,388.6,20.46,4298.88,226.34,
7/31/1930,407.7,21.21,4497.76,233.99,
8/31/1930,413.25,21.37,4649.24,240.42,
9/30/1930,357.34,18.59,3938.59,204.9,
10/31/1930,327.59,16.94,3545.62,183.35,
11/30/1930,322.39,16.57,3568.04,183.39,
12/31/1930,304.02,15.34,3261.81,164.58,
1/31/1931,322.89,16.09,3362.39,167.55,
2/28/1931,364.41,17.93,3854.65,189.66,
3/31/1931,341.38,16.69,3525.45,172.36,
4/30/1931,310.64,15.09,3112.4,151.19,
5/31/1931,271.53,13.02,2679.03,128.46,
6/30/1931,313.37,14.83,3173.45,150.18,
7/31/1931,290.13,13.73,2860.93,135.39,
8/31/1931,292.88,13.86,2945.87,139.41,
9/30/1931,206.55,9.71,2055.09,96.61,
10/31/1931,225.5,10.53,2257.78,105.43,
11/30/1931,206.21,9.5,2037.54,93.87,
12/31/1931,177.46,8.12,1702.5,77.9,
1/31/1932,176.05,7.89,1700.03,76.19,
2/29/1932,187.6,8.29,1842.99,81.44,
3/31/1932,166.61,7.31,1670.2,73.28,
4/30/1932,133.83,5.83,1288.06,56.11,
5/31/1932,104.11,4.47,1042.04,44.74,
6/30/1932,103.94,4.43,1005.11,42.84,
7/31/1932,143.12,6.1,1273.05,54.26,
8/31/1932,198.31,8.39,1729.21,73.16,
9/30/1932,192.4,8.08,1703.99,71.56,
10/31/1932,166.98,6.96,1485.04,61.9,
11/30/1932,158.33,6.55,1362.15,56.35,
12/31/1932,167.82,6.89,1459.72,59.93,
1/31/1933,171.66,6.94,1506.36,60.9,
2/28/1933,142.21,5.66,1291.17,51.39,
3/31/1933,148.15,5.85,1402.95,55.4,
4/30/1933,210.7,8.32,1966.66,77.66,
5/31/1933,244.12,9.64,2231.3,88.11,
6/30/1933,274.11,10.91,2465.77,98.14,
7/31/1933,242.35,9.95,2210.88,90.77,
8/31/1933,268.08,11.09,2475.56,102.41,
9/30/1933,237.62,9.83,2292.08,94.82,
10/31/1933,216.59,8.96,2131.09,88.16,
11/30/1933,238.83,9.88,2372.34,98.14,
12/31/1933,244.15,10.1,2414.88,99.9,
1/31/1934,270.01,11.17,2591.83,107.22,
2/28/1934,258.14,10.76,2482.11,103.46,
3/31/1934,257.9,10.75,2443.48,101.85,
4/30/1934,250.95,10.46,2410.86,100.49,
5/31/1934,230.55,9.61,2255.15,94,
6/30/1934,233.6,9.81,2279.28,95.72,
7/31/1934,206.69,8.68,2096.65,88.05,
8/31/1934,217.88,9.15,2211.18,92.86,
9/30/1934,213.5,9.1,2173.29,92.63,
10/31/1934,208.23,8.81,2206.66,93.36,
11/30/1934,225.49,9.54,2433.09,102.94,
12/31/1934,226.21,9.5,2477.4,104.04,
1/31/1935,213.5,9.1,2385.85,101.69,
2/28/1935,203.56,8.74,2384.53,102.38,
3/31/1935,197.27,8.47,2347.97,100.81,
4/30/1935,214.57,9.28,2530.7,109.45,
5/31/1935,221.51,9.58,2558.22,110.64,
6/30/1935,238.27,10.23,2753.23,118.21,
7/31/1935,258.06,11.08,2940.02,126.23,
8/31/1935,263.65,11.32,2978.69,127.89,
9/30/1935,269.94,11.59,3072.55,131.92,
10/31/1935,290.21,12.46,3254.68,139.74,
11/30/1935,299.43,12.95,3291.42,142.35,
12/31/1935,310.53,13.43,3332.57,144.13,
1/31/1936,330.88,14.31,3456.51,149.49,
2/29/1936,336.43,14.55,3518.01,152.15,
3/31/1936,347.5,14.92,3641.31,156.34,
4/30/1936,320.72,13.77,3392.8,145.67,
5/31/1936,335.39,14.4,3555.14,152.64,
6/30/1936,343.13,14.84,3646.11,157.69,
7/31/1936,363.85,15.85,3784.53,164.86,
8/31/1936,364.44,15.99,3790.08,166.29,
9/30/1936,364.9,16.01,3824.95,167.82,
10/31/1936,392.25,17.21,4038.51,177.19,
11/30/1936,393.85,17.28,4175.95,183.22,
12/31/1936,391.57,17.18,4100.28,179.9,
1/31/1937,403.49,17.83,4203.3,185.74,
2/28/1937,409.38,18.09,4238.6,187.3,
3/31/1937,402.68,17.92,4188.82,186.41,
4/30/1937,366.6,16.43,3888.49,174.27,
5/31/1937,360.29,16.26,3871.22,174.71,
6/30/1937,341.23,15.4,3751.79,169.32,
7/31/1937,373.66,16.98,4084.53,185.61,
8/31/1937,352.98,16.04,3904.08,177.41,
9/30/1937,300.72,13.76,3378.13,154.57,
10/31/1937,270.13,12.36,3019.71,138.17,
11/30/1937,244.49,11.11,2717.3,123.48,
12/31/1937,233.77,10.55,2677.79,120.85,
1/31/1938,240.21,10.69,2738.54,121.87,
2/28/1938,256.62,11.34,2933.75,129.64,
3/31/1938,192.36,8.5,2239.24,98.95,
4/30/1938,217.97,9.7,2500.57,111.28,
5/31/1938,209.78,9.27,2438.16,107.74,
6/30/1938,261.6,11.56,3029.7,133.88,
7/31/1938,280.61,12.4,3196.49,141.25,
8/31/1938,272.92,12.06,3151.68,139.27,
9/30/1938,276.99,12.24,3201.01,141.45,
10/31/1938,300.17,13.17,3458.23,151.73,
11/30/1938,290.14,12.73,3414.7,149.82,
12/31/1938,301.08,13.21,3527.29,154.76,
1/31/1939,280.34,12.3,3276.58,143.76,
2/28/1939,291.54,12.7,3381.42,147.3,
3/31/1939,252.06,10.98,3026.52,131.84,
4/30/1939,252.49,10.92,2970.02,128.45,
5/31/1939,268.22,11.6,3195,138.18,
6/30/1939,251.1,10.86,3020.43,130.63,
7/31/1939,278.39,12.04,3312.46,143.26,
8/31/1939,258.5,11.18,3107.83,134.41,
9/30/1939,294.64,13.02,3451.98,152.54,
10/31/1939,292.42,12.83,3461.65,151.88,
11/30/1939,278.06,12.2,3320.57,145.69,
12/31/1939,284.67,12.49,3424.27,150.24,
1/31/1940,276.62,12.05,3336.2,145.33,
2/29/1940,276.47,12.13,3339.94,146.54,
3/31/1940,279.2,12.25,3372.08,147.95,
4/30/1940,277.83,12.19,3383.02,148.43,
5/31/1940,211.28,9.27,2648.89,116.22,
6/30/1940,225.85,9.98,2757.92,121.87,
7/31/1940,234.53,10.29,2874.98,126.14,
8/31/1940,240.68,10.56,2949.74,129.42,
9/30/1940,242.96,10.66,3023.13,132.64,
10/31/1940,252.54,11.08,3068.03,134.61,
11/30/1940,241.82,10.61,2985.75,131,
12/31/1940,239.43,10.58,2967.47,131.13,
1/31/1941,227.88,10.07,2809.06,124.13,
2/28/1941,224.49,9.92,2760.18,121.97,
3/31/1941,223.81,9.96,2757.64,122.72,
4/30/1941,207.73,9.31,2578.04,115.54,
5/31/1941,207.18,9.35,2565.01,115.76,
6/30/1941,213.8,9.85,2672.88,123.14,
7/31/1941,225.53,10.39,2795.52,128.79,
8/31/1941,220.57,10.3,2734.7,127.7,
9/30/1941,215.54,10.2,2679.83,126.82,
10/31/1941,198.12,9.5,2457.14,117.82,
11/30/1941,188.55,9.1,2366.85,114.23,
12/31/1941,178.89,8.69,2284.22,110.96,
1/31/1942,179.05,8.81,2217.55,109.11,
2/28/1942,173.48,8.59,2156.62,106.79,
3/31/1942,159.74,8.01,1984.93,99.53,
4/30/1942,151.81,7.66,1889.74,95.35,
5/31/1942,159.54,8.15,1974.83,100.88,
6/30/1942,162.48,8.3,2022.98,103.34,
7/31/1942,166.54,8.56,2056.89,105.72,
8/31/1942,166.69,8.62,2056.21,106.33,
9/30/1942,171.14,8.85,2109.97,109.11,
10/31/1942,179.99,9.42,2179.54,114.07,
11/30/1942,176.44,9.29,2174.7,114.5,
12/31/1942,184.47,9.77,2254.39,119.4,
1/31/1943,197.68,10.47,2371.08,125.58,
2/28/1943,207.69,11,2456.61,130.11,
3/31/1943,214.82,11.58,2533.51,136.57,
4/30/1943,212.54,11.59,2484.43,135.48,
5/31/1943,220.8,12.11,2590.18,142.06,
6/30/1943,225.18,12.35,2614.25,143.38,
7/31/1943,214.19,11.68,2493.05,135.95,
8/31/1943,217.64,11.8,2519.82,136.62,
9/30/1943,221.52,12.08,2569.52,140.12,
10/31/1943,218.59,11.92,2535.6,138.27,
11/30/1943,202.08,11.02,2376.05,129.57,
12/31/1943,214,11.67,2491.95,135.89,
1/31/1944,217.31,11.85,2519.64,137.4,
2/29/1944,216.76,11.82,2499.47,136.3,
3/31/1944,220.42,12.02,2546.05,138.84,
4/30/1944,216.43,11.87,2483.88,136.23,
5/31/1944,225.18,12.35,2593.46,142.24,
6/30/1944,235.33,12.98,2690.13,148.38,
7/31/1944,229.12,12.71,2633.92,146.11,
8/31/1944,231.11,12.82,2649.79,146.99,
9/30/1944,230.39,12.78,2645.1,146.73,
10/31/1944,230.39,12.78,2641.5,146.53,
11/30/1944,231.29,12.83,2655.92,147.33,
12/31/1944,238.06,13.28,2730.49,152.32,
1/31/1945,241.46,13.47,2754.69,153.67,
2/28/1945,256.34,14.3,2875.33,160.4,
3/31/1945,244.51,13.64,2767.95,154.41,
4/30/1945,266.02,14.84,2965.68,165.44,
5/31/1945,267.57,15.01,3000.12,168.3,
6/30/1945,263.73,14.96,2913.9,165.29,
7/31/1945,258.44,14.66,2871.41,162.88,
8/31/1945,273.43,15.51,3072.56,174.29,
9/30/1945,284.88,16.16,3203.37,181.71,
10/31/1945,293.52,16.65,3289.57,186.6,
11/30/1945,303.04,17.19,3375.25,191.46,
12/31/1945,304.36,17.36,3382.1,192.91,
1/31/1946,325.57,18.57,3588.27,204.67,
2/28/1946,304.63,17.28,3351.1,190.09,
3/31/1946,315.24,18.08,3482.84,199.75,
4/30/1946,325.32,18.76,3585.6,206.77,
5/31/1946,330.82,19.18,3661.41,212.28,
6/30/1946,314.47,18.43,3508.49,205.62,
7/31/1946,289.43,17.96,3248.14,201.56,
8/31/1946,263,16.65,2988.45,189.19,
9/30/1946,233.99,14.96,2696.82,172.42,
10/31/1946,227.65,14.84,2594.76,169.15,
11/30/1946,219.76,14.67,2543.6,169.8,
12/31/1946,227.07,15.3,2629.83,177.2,
1/31/1947,232.41,15.66,2677.91,180.44,
2/28/1947,229,15.43,2655.05,178.9,
3/31/1947,221.03,15.17,2581.8,177.2,
4/30/1947,212.43,14.58,2486.22,170.64,
5/31/1947,210.54,14.45,2465.97,169.25,
6/30/1947,220.61,15.21,2571.56,177.3,
7/31/1947,226.52,15.76,2632.85,183.18,
8/31/1947,217.25,15.32,2536.27,178.85,
9/30/1947,209.62,15.11,2462.32,177.49,
10/31/1947,214.06,15.43,2522.25,181.81,
11/30/1947,207.06,14.99,2478.05,179.4,
12/31/1947,208.63,15.3,2470.3,181.16,
1/31/1948,197.77,14.69,2356.7,175.05,
2/29/1948,190.09,14,2271.6,167.3,
3/31/1948,205.63,15.08,2416.3,177.2,
4/30/1948,207.54,15.48,2420.1,180.51,
5/31/1948,222.83,16.69,2546.57,190.74,
6/30/1948,221.64,16.74,2508.45,189.46,
7/31/1948,207.27,15.85,2371.25,181.33,
8/31/1948,207.99,15.97,2366.59,181.71,
9/30/1948,201.74,15.49,2322.18,178.3,
10/31/1948,216.29,16.54,2466.58,188.62,
11/30/1948,194.48,14.75,2257.27,171.2,
12/31/1948,201.25,15.2,2347.45,177.3,
1/31/1949,202.35,15.22,2381.4,179.12,
2/28/1949,196.01,14.62,2320.22,173.06,
3/31/1949,201.91,15.06,2374.38,177.1,
4/30/1949,196.79,14.74,2325.21,174.16,
5/31/1949,190.25,14.19,2257.2,168.36,
6/30/1949,189.05,14.16,2235.22,167.42,
7/31/1949,202.48,15.04,2368.41,175.92,
8/31/1949,204.05,15.22,2395.29,178.66,
9/30/1949,208.01,15.58,2436.69,182.51,
10/31/1949,215.95,16.04,2551.78,189.54,
11/30/1949,215.32,16.06,2568.11,191.55,
12/31/1949,226.6,16.76,2705.76,200.13,
1/31/1950,231.5,17.05,2739.9,201.79,
2/28/1950,233.81,17.22,2762.31,203.44,
3/31/1950,233.76,17.29,2785.8,206.05,
4/30/1950,244.31,18.07,2897.74,214.33,
5/31/1950,252.84,18.78,3007.9,223.42,
6/30/1950,237.17,17.69,2803.54,209.11,
7/31/1950,236.2,17.84,2772.46,209.4,
8/31/1950,241.87,18.42,2847.72,216.87,
9/30/1950,254.35,19.45,2960.11,226.36,
10/31/1950,253.32,19.53,2918.6,225.01,
11/30/1950,252.03,19.51,2940.14,227.6,
12/31/1950,260.49,20.41,3004.54,235.41,
1/31/1951,272.09,21.66,3125.8,248.83,
2/28/1951,270.67,21.8,3129.45,252.05,
3/31/1951,264.68,21.4,3066.52,247.94,
4/30/1951,277.41,22.43,3204.92,259.13,
5/31/1951,265.13,21.52,3075.69,249.65,
6/30/1951,258.23,20.96,2989.32,242.64,
7/31/1951,275.97,22.4,3176.84,257.86,
8/31/1951,286.81,23.28,3329.48,270.25,
9/30/1951,284.35,23.26,3314.93,271.16,
10/31/1951,279.39,22.94,3195.16,262.35,
11/30/1951,276.53,22.88,3157.71,261.27,
12/31/1951,286.21,23.77,3241.8,269.23,
1/31/1952,290.67,24.14,3259.38,270.69,
2/29/1952,282.19,23.26,3155.29,260.08,
3/31/1952,295.66,24.37,3269.09,269.46,
4/30/1952,281.85,23.32,3113.72,257.63,
5/31/1952,288.37,23.86,3177.89,262.94,
6/30/1952,300.54,24.96,3302.36,274.26,
7/31/1952,303.56,25.4,3341.02,279.56,
8/31/1952,299.13,25.03,3287,275.04,
9/30/1952,293.28,24.54,3234.06,270.61,
10/31/1952,293.04,24.52,3217.57,269.23,
11/30/1952,306.66,25.66,3390.02,283.66,
12/31/1952,317.54,26.57,3488.5,291.9,
1/31/1953,316.45,26.38,3476.08,289.77,
2/28/1953,311.86,25.9,3422.9,284.27,
3/31/1953,303.38,25.29,3357.32,279.87,
4/30/1953,295.34,24.62,3295.9,274.75,
5/31/1953,293.28,24.54,3254.02,272.28,
6/30/1953,287.41,24.14,3193.9,268.26,
7/31/1953,294.67,24.75,3278.67,275.38,
8/31/1953,276.62,23.32,3098.59,261.22,
9/30/1953,276.98,23.35,3132.04,264.04,
10/31/1953,290.01,24.54,3259.52,275.81,
11/30/1953,293.7,24.76,3337.61,281.37,
12/31/1953,294.3,24.81,3332.04,280.9,
1/31/1954,309.36,26.08,3468.33,292.39,
2/28/1954,310.19,26.15,3493.83,294.54,
3/31/1954,319.56,26.94,3600.24,303.51,
4/30/1954,336.46,28.26,3801.94,319.33,
5/31/1954,346.25,29.19,3884.69,327.49,
6/30/1954,346.49,29.21,3956.33,333.53,
7/31/1954,366.3,30.88,4127.03,347.92,
8/31/1954,353.84,29.83,3983.26,335.8,
9/30/1954,384.68,32.31,4291.64,360.46,
10/31/1954,377.18,31.68,4192.58,352.14,
11/30/1954,407.66,34.24,4604.88,386.77,
12/31/1954,430,35.98,4832.86,404.39,
1/31/1955,437.77,36.63,4885.93,408.83,
2/28/1955,439.32,36.76,4922.26,411.87,
3/31/1955,437.17,36.58,4896.32,409.7,
4/30/1955,453.66,37.96,5086.94,425.65,
5/31/1955,453.06,37.91,5077.5,424.86,
6/30/1955,490.35,41.03,5394.44,451.38,
7/31/1955,518.15,43.52,5546.41,465.85,
8/31/1955,514.1,43.18,5574.15,468.18,
9/30/1955,518.01,43.67,5535.05,466.62,
10/31/1955,502.24,42.34,5395.67,454.87,
11/30/1955,539.84,45.51,5732.43,483.26,
12/31/1955,541.48,45.48,5814.89,488.4,
1/31/1956,521.72,43.82,5604.63,470.74,
2/29/1956,539.82,45.34,5758.34,483.65,
3/31/1956,577.2,48.48,6093.37,511.79,
4/30/1956,573.88,48.38,6122.22,516.12,
5/31/1956,534.17,45.2,5649.59,478.05,
6/30/1956,551.01,46.97,5780.8,492.78,
7/31/1956,575.15,49.39,6029.9,517.81,
8/31/1956,555.3,47.51,5867.84,502.04,
9/30/1956,528.1,45.35,5534.29,475.25,
10/31/1956,528.86,45.58,5567.7,479.85,
11/30/1956,523.06,45.08,5485.67,472.78,
12/31/1956,539.55,46.67,5774.37,499.47,
1/31/1957,517.01,44.72,5539.57,479.16,
2/28/1957,498.31,43.26,5351.96,464.62,
3/31/1957,506.29,44.11,5449.87,474.81,
4/30/1957,523.13,45.74,5654,494.36,
5/31/1957,540.51,47.43,5754.18,504.93,
6/30/1957,537.89,47.37,5714.86,503.29,
7/31/1957,540.19,47.91,5733.56,508.52,
8/31/1957,509.86,45.22,5461.05,484.35,
9/30/1957,478.29,42.42,5144.78,456.3,
10/31/1957,462.95,41.06,4972.73,441.04,
11/30/1957,468.72,41.72,5054.29,449.87,
12/31/1957,449.29,39.99,4894.98,435.69,
1/31/1958,465.25,41.7,5020.87,450.02,
2/28/1958,455.65,40.84,4908.19,439.92,
3/31/1958,466.43,42.1,4949.65,446.76,
4/30/1958,479.62,43.44,5033.15,455.86,
5/31/1958,486.8,44.09,5108.67,462.7,
6/30/1958,499.49,45.24,5279.59,478.18,
7/31/1958,519.23,47.19,5534.4,502.99,
8/31/1958,527.21,47.75,5615.78,508.63,
9/30/1958,552.71,50.06,5874.81,532.09,
10/31/1958,566.73,51.33,5997.69,543.22,
11/30/1958,577.44,52.48,6133.73,557.46,
12/31/1958,609.57,55.21,6444.08,583.65,
1/31/1959,610.12,55.45,6535.34,593.96,
2/28/1959,611.78,55.41,6663.24,603.5,
3/31/1959,612.11,55.44,6643.48,601.71,
4/30/1959,633.66,57.59,6863.12,623.75,
5/31/1959,645.66,58.68,7083.62,643.79,
6/30/1959,641.12,58.47,7057.07,643.6,
7/31/1959,661.19,60.51,7374.41,674.88,
8/31/1959,651.25,59.6,7260.01,664.41,
9/30/1959,619.42,56.88,6879,631.68,
10/31/1959,624.26,57.52,7017.55,646.6,
11/30/1959,632.51,58.28,7154.08,659.18,
12/31/1959,649.99,59.89,7373.09,679.36,
1/31/1960,605.59,55.61,6780.33,622.62,
2/29/1960,609.07,56.12,6838.69,630.12,
3/31/1960,600.61,55.34,6691.85,616.59,
4/30/1960,588.07,54.37,6507.99,601.7,
5/31/1960,603.86,55.83,6765.41,625.5,
6/30/1960,613.6,56.92,6905.88,640.62,
7/31/1960,598.4,55.51,6648.35,616.73,
8/31/1960,614.03,56.96,6748.17,625.99,
9/30/1960,576.95,53.52,6253.91,580.14,
10/31/1960,571.65,53.39,6213.91,580.36,
11/30/1960,594.67,55.54,6394.43,597.22,
12/31/1960,622.18,58.11,6594.33,615.89,
1/31/1961,661.48,61.78,6940.28,648.2,
2/28/1961,679.25,63.44,7088.89,662.08,
3/31/1961,696.6,65.06,7244.68,676.63,
4/30/1961,699.27,65.31,7266.95,678.71,
5/31/1961,712.66,66.56,7459.78,696.72,
6/30/1961,692.1,64.64,7323.16,683.96,
7/31/1961,710.06,66.76,7502.32,705.37,
8/31/1961,726.44,68.07,7683.2,719.94,
9/30/1961,709.74,66.73,7458.07,701.21,
10/31/1961,729.84,68.62,7486.89,703.92,
11/30/1961,758.56,71.32,7674.94,721.6,
12/31/1961,761.01,71.55,7776.41,731.14,
1/31/1962,732.18,68.84,7445.2,700,
2/28/1962,741.65,69.96,7506.04,708.05,
3/31/1962,737.3,69.55,7494.38,706.95,
4/30/1962,689.33,65.24,7029.88,665.33,
5/31/1962,630.05,59.63,6480.76,613.36,
6/30/1962,578.49,54.75,5930.48,561.28,
7/31/1962,613.22,58.23,6296.8,597.93,
8/31/1962,622.59,59.12,6415.27,609.18,
9/30/1962,590.61,56.27,6076.97,578.98,
10/31/1962,593.23,56.52,6190.23,589.77,
11/30/1962,653.48,62.26,6815.05,649.3,
12/31/1962,662.3,63.1,6844.44,652.1,
1/31/1963,694.84,66.2,7167.19,682.85,
2/28/1963,674.79,64.29,6958.22,662.94,
3/31/1963,696.46,66.57,7140.52,682.52,
4/30/1963,730.25,69.8,7508.58,717.7,
5/31/1963,740.71,70.8,7605.46,726.96,
6/30/1963,723.39,69.37,7371.34,706.88,
7/31/1963,718.54,69.13,7228.3,695.43,
8/31/1963,753.57,72.5,7580.55,729.32,
9/30/1963,745.25,71.7,7616.62,732.79,
10/31/1963,766.74,74.01,7824.18,755.23,
11/30/1963,758.66,73.23,7775.39,750.52,
12/31/1963,774.66,75.02,7878.22,762.95,
1/31/1964,795.52,77.04,8109.42,785.34,
2/29/1964,803.36,77.8,8262.25,800.14,
3/31/1964,815.55,78.98,8398.03,813.29,
4/30/1964,820.5,79.46,8372.01,810.77,
5/31/1964,829.9,80.37,8473.1,820.56,
6/30/1964,840.84,81.69,8558.63,831.5,
7/31/1964,853.43,83.18,8629.69,841.1,
8/31/1964,842.28,81.83,8630.47,838.48,
9/30/1964,863.69,84.18,8981.3,875.37,
10/31/1964,870.66,84.86,8957.8,873.08,
11/30/1964,863.36,84.42,8953.02,875.43,
12/31/1964,866.74,84.75,8939.73,874.13,
1/31/1965,895.48,87.56,9233.55,902.86,
2/28/1965,894.15,87.43,9239.89,903.48,
3/31/1965,878.32,86.16,9062.98,889.05,
4/30/1965,905.54,89.11,9372.51,922.31,
5/31/1965,898.52,88.42,9329.12,918.04,
6/30/1965,849.44,84.12,8765.37,868.03,
7/31/1965,860.85,85.25,8903.81,881.74,
8/31/1965,880.24,87.17,9018.52,893.1,
9/30/1965,908.42,89.96,9397,930.58,
10/31/1965,930.3,92.42,9671.61,960.82,
11/30/1965,922.15,91.61,9529.58,946.71,
12/31/1965,927.44,92.43,9725.55,969.26,
1/31/1966,931.96,92.88,9868.54,983.51,
2/28/1966,909.55,91.22,9491.3,951.89,
3/31/1966,886.95,89.23,9192.21,924.77,
4/30/1966,899.58,91.06,9223.82,933.68,
5/31/1966,850.88,86.13,8733.73,884.07,
6/30/1966,834.52,84.74,8568.74,870.1,
7/31/1966,820.78,83.6,8319.58,847.38,
8/31/1966,752.34,77.1,7693.3,788.41,
9/30/1966,747.07,76.56,7554.84,774.22,
10/31/1966,777.86,80.2,7827.77,807.07,
11/30/1966,780.28,80.45,7677.63,791.59,
12/31/1966,779.12,80.33,7620.41,785.69,
1/31/1967,840.03,86.61,8243.08,849.89,
2/28/1967,841.68,86.78,8141.05,839.37,
3/31/1967,872.14,90.2,8373.16,865.98,
4/30/1967,906.26,94.01,8647.56,897.05,
5/31/1967,856.15,89.08,8193.95,852.56,
6/30/1967,868.51,90.64,8243.01,860.26,
7/31/1967,905.15,94.75,8638.2,904.24,
8/31/1967,891.92,93.64,8584.79,901.29,
9/30/1967,918.36,96.71,8799.56,926.66,
10/31/1967,883.36,93.3,8329.38,879.74,
11/30/1967,887.36,94,8267.65,875.81,
12/31/1967,907.98,96.47,8518.9,905.11,
1/31/1968,863.09,92.24,8004.63,855.47,
2/29/1968,833.73,89.36,7841.87,840.5,
3/31/1968,839.13,90.2,7820.75,840.67,
4/30/1968,904.04,97.46,8461.75,912.22,
5/31/1968,912.69,98.68,8314.85,899,
6/30/1968,915.64,99.58,8255.27,897.8,
7/31/1968,893.64,97.74,8073.27,883,
8/31/1968,901.31,98.86,8168.92,896.01,
9/30/1968,933.37,102.67,8507.27,935.79,
10/31/1968,934.72,103.41,8608.65,952.39,
11/30/1968,976.85,108.37,8879.51,985.08,
12/31/1968,933.49,103.86,8482.43,943.75,
1/31/1969,923.28,103.01,8479.45,946.05,
2/28/1969,874.63,98.13,8068.14,905.21,
3/31/1969,897.25,101.51,8268.71,935.48,
4/30/1969,911.44,103.69,8352.08,950.18,
5/31/1969,906.93,103.46,8218.65,937.56,
6/30/1969,851.84,97.71,7612.47,873.19,
7/31/1969,796.26,91.83,7070.94,815.47,
8/31/1969,823.68,95.51,7215.87,836.72,
9/30/1969,800.93,93.12,6993.39,813.09,
10/31/1969,830.76,97.12,7322.14,855.99,
11/30/1969,798.23,93.81,6911.86,812.3,
12/31/1969,779.2,92.06,6774.25,800.36,
1/31/1970,717.65,85.02,6280.61,744.06,
2/28/1970,751.53,89.5,6529.42,777.59,
3/31/1970,748.68,89.63,6561.87,785.57,
4/30/1970,675.64,81.52,6100.55,736.07,
5/31/1970,632.76,76.55,5789.84,700.44,
6/30/1970,598.05,72.72,5621.35,683.53,
7/31/1970,638.61,78.05,6006.57,734.12,
8/31/1970,667,81.52,6255.79,764.58,
9/30/1970,686.2,84.3,6191.94,760.68,
10/31/1970,674.24,83.25,6119.69,755.61,
11/30/1970,702.66,87.2,6398.78,794.09,
12/31/1970,738.77,92.15,6725.62,838.92,
1/31/1971,768.67,95.88,6962.76,868.5,
2/28/1971,773.71,96.75,7028,878.83,
3/31/1971,800.17,100.31,7214.16,904.37,
4/30/1971,827.13,103.95,7493.5,941.75,
5/31/1971,788.87,99.63,7188.04,907.81,
6/30/1971,775.68,98.7,7003.47,891.14,
7/31/1971,749.35,95.58,6730.09,858.43,
8/31/1971,774.51,99.03,7023.81,898.07,
9/30/1971,769.12,98.34,6938.71,887.19,
10/31/1971,735.18,94.23,6545.88,839,
11/30/1971,733.31,93.99,6486.11,831.34,
12/31/1971,792.63,102.09,6911.51,890.2,
1/31/1972,806.99,103.94,7004.45,902.17,
2/29/1972,823.36,106.57,7170.73,928.13,
3/31/1972,826.19,107.2,7249.97,940.7,
4/30/1972,827.87,107.67,7336.61,954.17,
5/31/1972,840.1,109.53,7368.72,960.72,
6/30/1972,819.84,107.14,7108.94,929.03,
7/31/1972,817.77,107.39,7041.9,924.74,
8/31/1972,843.95,111.09,7321.46,963.73,
9/30/1972,837.86,110.55,7224.83,953.27,
10/31/1972,841.65,111.58,7207.49,955.52,
11/30/1972,878.06,116.67,7663.05,1018.21,
12/31/1972,886.32,118.05,7658.31,1020.02,
1/31/1973,869.06,116.03,7482.66,999.02,
2/28/1973,830.68,111.68,7103.81,955.07,
3/31/1973,821.79,111.52,7007.99,951.01,
4/30/1973,782.81,106.97,6743.02,921.43,
5/31/1973,762.78,104.95,6551.45,901.41,
6/30/1973,752.65,104.26,6437.25,891.71,
7/31/1973,779.51,108.22,6672.86,926.4,
8/31/1973,737.57,104.25,6279.56,887.57,
9/30/1973,765.41,108.43,6685.58,947.1,
10/31/1973,757.71,108.29,6693.19,956.58,
11/30/1973,667.11,95.96,5716.28,822.25,
12/31/1973,673.78,97.55,5876.89,850.86,
1/31/1974,661.21,96.57,5857.95,855.55,
2/28/1974,650.45,96.22,5817.18,860.53,
3/31/1974,627.32,93.98,5651.59,846.68,
4/30/1974,600.38,90.31,5562.71,836.75,
5/31/1974,572.99,87.28,5266.25,802.17,
6/30/1974,560.03,86,5225.29,802.41,
7/31/1974,512.26,79.31,4892.24,757.43,
8/31/1974,460.46,72.15,4330.7,678.58,
9/30/1974,400.68,63.54,3833.23,607.87,
10/31/1974,461.43,73.9,4155.51,665.52,
11/30/1974,433.53,69.97,3833.22,618.66,
12/31/1974,421.51,68.56,3788.64,616.24,
1/31/1975,471.43,76.98,4309.4,703.69,
2/28/1975,495.9,81.59,4491.95,739.05,
3/31/1975,504.74,83.36,4651.15,768.15,
4/30/1975,526.59,87.3,4954.32,821.34,
5/31/1975,546.72,91.15,4992.08,832.29,
6/30/1975,566.67,95.19,5232.63,878.99,
7/31/1975,522.47,88.75,4895.1,831.51,
8/31/1975,510.51,86.88,4908.46,835.34,
9/30/1975,490.14,83.87,4639.43,793.88,
10/31/1975,517.5,89.04,4859.06,836.04,
11/30/1975,526.45,91.24,4966.07,860.67,
12/31/1975,518.5,90.19,4900.51,852.41,
1/31/1976,578.84,100.86,5597.13,975.28,
2/29/1976,570.14,99.71,5561.38,972.61,
3/31/1976,586.61,102.77,5704.86,999.45,
4/30/1976,578.13,101.64,5670.08,996.85,
5/31/1976,565.72,100.18,5507.12,975.23,
6/30/1976,585.85,104.28,5633.62,1002.78,
7/31/1976,578.02,103.44,5502.17,984.64,
8/31/1976,572.08,102.91,5413.02,973.74,
9/30/1976,583.03,105.24,5485.65,990.19,
10/31/1976,567.08,102.9,5317.73,964.93,
11/30/1976,561.65,102.1,5210.66,947.22,
12/31/1976,589.2,107.46,5508.5,1004.65,
1/31/1977,556.47,102.03,5205.13,954.37,
2/28/1977,538.93,99.82,5055.73,936.42,
3/31/1977,527.83,98.42,4929.29,919.13,
4/30/1977,523.5,98.44,4929.25,926.9,
5/31/1977,508.67,96.12,4755.71,898.66,
6/30/1977,528.22,100.48,4816.99,916.3,
7/31/1977,517.08,98.85,4655.96,890.07,
8/31/1977,504.56,96.77,4491.81,861.49,
9/30/1977,501.67,96.53,4402.43,847.11,
10/31/1977,478.32,92.34,4239.05,818.35,
11/30/1977,488.85,94.83,4277.1,829.7,
12/31/1977,488.62,95.1,4270.55,831.17,
1/31/1978,455.62,89.25,3930.44,769.92,
2/28/1978,441.55,87.04,3764.77,742.12,
3/31/1978,448.99,89.21,3811.79,757.36,
4/30/1978,483.47,96.83,4180.74,837.32,
5/31/1978,481.05,97.24,4158.5,840.61,
6/30/1978,467.52,95.53,4007.94,818.95,
7/31/1978,489,100.68,4188.05,862.27,
8/31/1978,499.41,103.29,4239.42,876.82,
9/30/1978,491.99,102.54,4154.2,865.82,
10/31/1978,442.93,93.15,3768.1,792.45,
11/30/1978,448.31,94.7,3782.61,799.03,
12/31/1978,452.97,96.11,3794.01,805.01,
1/31/1979,466.87,99.93,3920.84,839.22,
2/28/1979,444.62,96.28,3735.13,808.82,
3/31/1979,464.37,101.59,3941.02,862.18,
4/30/1979,459.96,101.76,3864.15,854.9,
5/31/1979,442.19,99.08,3670.06,822.33,
6/30/1979,454.14,102.91,3715.66,841.98,
7/31/1979,453.13,103.81,3694.62,846.42,
8/31/1979,472.7,109.32,3838.11,887.63,
9/30/1979,467.56,109.32,3757.69,878.58,
10/31/1979,432.02,101.82,3461.02,815.7,
11/30/1979,446.3,106.16,3457.16,822.35,
12/31/1979,449.03,107.94,3489.16,838.74,
1/31/1980,468.17,114.16,3591.86,875.85,
2/29/1980,459.64,113.66,3490.54,863.14,
3/31/1980,406.73,102.09,3130.43,785.75,
4/30/1980,418.68,106.29,3218.4,817.06,
5/31/1980,433.95,111.24,3319.17,850.85,
6/30/1980,440.74,114.24,3348.44,867.92,
7/31/1980,469.4,121.67,3608.46,935.32,
8/31/1980,468.84,122.38,3572.75,932.59,
9/30/1980,476.62,125.46,3542.26,932.42,
10/31/1980,479.67,127.47,3478.86,924.49,
11/30/1980,524.42,140.52,3707.14,993.34,
12/31/1980,501.9,135.76,3563.87,963.99,
1/31/1981,475.19,129.55,3474.59,947.27,
2/28/1981,476.51,131.27,3537.73,974.58,
3/31/1981,490.28,136,3618.95,1003.87,
4/30/1981,475.59,132.81,3572.94,997.75,
5/31/1981,471.09,132.59,3523.69,991.75,
6/30/1981,462.12,131.21,3440.57,976.88,
7/31/1981,455.99,130.92,3317,952.34,
8/31/1981,424.49,122.79,3047.24,881.47,
9/30/1981,397.8,116.18,2910.33,849.98,
10/31/1981,416.38,121.89,2912.31,852.55,
11/30/1981,430.22,126.35,3026.98,888.98,
12/31/1981,415.93,122.55,2969.75,875,
1/31/1982,407.43,120.4,2947.8,871.1,
2/28/1982,381.52,113.11,2780.67,824.39,
3/31/1982,378.09,111.96,2778.49,822.77,
4/30/1982,391.47,116.44,2852.19,848.36,
5/31/1982,372.67,111.88,2729.89,819.54,
6/30/1982,360.62,109.61,2671.25,811.93,
7/31/1982,350.51,107.09,2646.55,808.6,
8/31/1982,390.32,119.51,2943.68,901.31,
9/30/1982,392.45,120.42,2920.88,896.25,
10/31/1982,434.46,133.72,3222.1,991.72,
11/30/1982,451.05,138.53,3383.9,1039.28,
12/31/1982,459.75,140.64,3421.14,1046.54,
1/31/1983,474.11,145.3,3510.01,1075.7,
2/28/1983,482.53,148.06,3626.03,1112.62,
3/31/1983,498.5,152.96,3682.77,1130.03,
4/30/1983,532.1,164.43,3967.98,1226.2,
5/31/1983,522.41,162.39,3860.34,1199.98,
6/30/1983,537.62,167.64,3918.83,1221.96,
7/31/1983,519.22,162.56,3830.31,1199.22,
8/31/1983,523.45,164.4,3872.25,1216.16,
9/30/1983,526.28,166.07,3907.79,1233.13,
10/31/1983,516.65,163.55,3870.41,1225.2,
11/30/1983,524.66,166.4,4023.29,1276.02,
12/31/1983,519.53,164.93,3964.72,1258.64,
1/31/1984,511.64,163.41,3821.64,1220.58,
2/29/1984,489.4,157.06,3597.83,1154.63,
3/31/1984,495.05,159.18,3622.81,1164.89,
4/30/1984,495.35,160.05,3623.47,1170.75,
5/31/1984,464.6,150.55,3409.57,1104.85,
6/30/1984,471.33,153.18,3484.39,1132.4,
7/31/1984,461.77,150.66,3418.33,1115.28,
8/31/1984,508.87,166.68,3738.03,1224.38,
9/30/1984,504.78,166.1,3667.19,1206.71,
10/31/1984,503.25,166.09,3658.36,1207.38,
11/30/1984,495.65,163.58,3602.49,1188.94,
12/31/1984,506.74,167.24,3671.06,1211.57,
1/31/1985,543.2,179.63,3891.19,1286.77,
2/28/1985,545.35,181.18,3864.87,1284.01,
3/31/1985,541.8,180.66,3799.07,1266.78,
4/30/1985,536.79,179.83,3755.31,1258.06,
5/31/1985,563.72,189.55,3912.03,1315.41,
6/30/1985,568.84,191.85,3959.64,1335.46,
7/31/1985,565.12,190.92,3988.45,1347.45,
8/31/1985,557.21,188.63,3940.67,1334.01,
9/30/1985,536.41,182.08,3914.14,1328.63,
10/31/1985,557.12,189.82,4033.6,1374.31,
11/30/1985,591.75,202.17,4308.92,1472.13,
12/31/1985,616.73,211.28,4514.73,1546.67,
1/31/1986,616.49,211.78,4573.15,1570.99,131.03772727272727
2/28/1986,662.38,226.92,4988.75,1709.06,138.6263157894737
3/31/1986,700.69,238.9,5333.98,1818.61,145.4757142857143
4/30/1986,691.96,235.52,5241.33,1783.98,154.23954545454546
5/31/1986,724.74,247.35,5498.76,1876.71,157.92499999999998
6/30/1986,730.95,250.84,5515.39,1892.72,160.7
7/31/1986,688.05,236.12,5173.25,1775.31,151.51521739130433
8/31/1986,735.77,252.93,5522.27,1898.34,147.53333333333333
9/30/1986,669.67,231.32,5117.14,1767.58,141.48909090909092
10/31/1986,705.83,243.98,5432.22,1877.71,140.8095652173913
11/30/1986,720.25,249.22,5532.12,1914.23,144.348
12/31/1986,699.39,242.17,5475.5,1895.95,145.08913043478262
1/31/1987,786.34,274.08,6191.42,2158.04,159.8831818181818
2/28/1987,812.53,284.2,6358.39,2223.99,177.346
3/31/1987,830.18,291.7,6559.15,2304.69,185.72227272727272
4/30/1987,816.35,288.36,6472.69,2286.36,184.82181818181817
5/31/1987,818.37,290.1,6464.52,2291.57,186.73380952380955
6/30/1987,854.54,304,6798.49,2418.53,189.44727272727275
7/31/1987,893.52,318.66,7212.08,2572.07,192.30739130434785
8/31/1987,919.81,329.8,7426.97,2662.95,205.9719047619048
9/30/1987,893.08,321.83,7204.68,2596.28,203.54681818181817
10/31/1987,696.7,251.79,5516.1,1993.53,175.855
11/30/1987,636.78,230.3,5069.77,1833.55,145.66285714285715
12/31/1987,683.18,247.08,5360.86,1938.83,147.05652173913043
1/31/1988,709,257.07,5400.77,1958.22,158.2247619047619
2/29/1988,736.77,267.82,5699.03,2071.62,164.36380952380952
3/31/1988,709.1,258.89,5445.3,1988.06,177.18304347826088
4/30/1988,712.12,261.33,5538.1,2032.33,175.45190476190476
5/31/1988,712.03,262.16,5516.52,2031.12,172.84727272727272
6/30/1988,739.54,273.5,5791.18,2141.71,183.9018181818182
7/31/1988,732.55,272.02,5732.67,2128.73,185.81761904761905
8/31/1988,701.14,261.52,5446.85,2031.65,174.49434782608697
9/30/1988,724.1,271.91,5626.68,2112.91,175.34272727272727
10/31/1988,740.67,278.97,5704.67,2148.65,176.24857142857144
11/30/1988,725.85,273.7,5607.68,2114.51,169.24863636363636
12/31/1988,735.4,277.72,5742.37,2168.57,173.62363636363636
1/31/1989,783.83,297.47,6172.01,2342.32,179.52636363636364
2/28/1989,757.97,288.86,5926.02,2258.39,187.5285
3/31/1989,769.32,294.87,5984.05,2293.62,184.0404347826087
4/30/1989,802.59,309.64,6269.53,2418.8,193.503
5/31/1989,825.98,320.52,6391.35,2480.15,208.0182608695652
6/30/1989,817.53,317.98,6273.39,2440.06,213.9836363636364
7/31/1989,887.7,346.08,6824.59,2660.66,210.28333333333333
8/31/1989,900.06,351.45,7010.15,2737.27,217.33695652173915
9/30/1989,891.38,349.15,6874.77,2692.82,223.43714285714287
10/31/1989,864.51,340.36,6718.5,2645.08,228.3186363636364
11/30/1989,876.74,345.99,6857.69,2706.27,221.92954545454543
12/31/1989,894.1,353.4,6965.6,2753.2,219.5304761904762
1/31/1990,824.35,329.08,6489.3,2590.54,212.89913043478265
2/28/1990,827.4,331.89,6549.73,2627.25,206.283
3/31/1990,842.71,339.94,6711.17,2707.21,213.725
4/30/1990,818.73,330.8,6575.48,2656.76,211.46380952380952
5/31/1990,892.24,361.23,7105.35,2876.66,224.39956521739128
6/30/1990,879.3,358.02,7074.97,2880.69,237.5128571428572
7/31/1990,871.5,356.15,7109.02,2905.2,235.24136363636364
8/31/1990,782.21,322.56,6339.82,2614.36,199.94391304347823
9/30/1990,736.05,306.05,5898.21,2452.48,187.1935
10/31/1990,726.56,304,5837.17,2442.33,174.6086956521739
11/30/1990,768.49,322.22,6104.77,2559.65,184.69454545454548
12/31/1990,787.57,330.22,6281.28,2633.66,198.91857142857145
1/31/1991,815.46,343.93,6487.98,2736.39,207.22260869565216
2/28/1991,868.85,367.07,6822.12,2882.18,246.485
3/31/1991,887.02,375.22,6888.37,2913.86,258.07047619047614
4/30/1991,885.8,375.34,6815.37,2887.87,274.0981818181818
5/31/1991,917.27,389.83,7123.71,3027.5,267.33043478260873
6/30/1991,870.74,371.16,6819.24,2906.75,264.883
7/31/1991,908.64,387.81,7087.15,3024.82,262.1395652173913
8/31/1991,923.72,395.43,7109.85,3043.6,280.98727272727274
9/30/1991,902.16,387.86,7017.01,3016.77,283.19571428571425
10/31/1991,911.27,392.45,7126.45,3069.1,286.84173913043475
11/30/1991,869.01,375.22,6704.08,2894.68,289.88380952380953
12/31/1991,965.15,417.09,7332.67,3168.83,302.59363636363634
1/31/1992,944.69,408.78,7449.28,3223.4,342.83043478260873
2/29/1992,950.04,412.7,7522.25,3267.7,345.3275
3/31/1992,924.85,403.69,7412.53,3235.5,336.8331818181818
4/30/1992,948.99,414.95,7682.26,3359.1,312.75454545454545
5/31/1992,948.66,415.35,7758.52,3396.9,309.3704761904761
6/30/1992,928.93,408.14,7552.91,3318.5,302.89500000000004
7/31/1992,963.38,424.21,7707.32,3393.8,304.4626086956522
8/31/1992,937.78,414.03,7378.01,3257.4,300.97857142857146
9/30/1992,943.39,417.8,7387.5,3271.7,313.0068181818182
10/31/1992,942.03,418.68,7259.18,3226.3,316.4804545454545
11/30/1992,969.24,431.35,7426.78,3305.2,342.97809523809525
12/31/1992,979.91,435.71,7424.2,3301.11,356.0308695652174
1/31/1993,981.99,438.78,7407.78,3310,371.9252380952381
2/28/1993,988.74,443.38,7516.91,3370.81,359.04650000000004
3/31/1993,1003.61,451.67,7632.81,3435.11,356.22434782608696
4/30/1993,975.46,440.19,7595.45,3427.55,341.1068181818182
5/31/1993,996.27,450.19,7806.2,3527.43,359.1414285714286
6/30/1993,995.67,450.53,7770.54,3516.08,363.8463636363636
7/31/1993,990.37,448.13,7822.23,3539.47,357.66318181818184
8/31/1993,1021.69,463.56,8047.36,3651.25,365.5463636363637
9/30/1993,1009.19,458.93,7817.71,3555.12,372.6372727272728
10/31/1993,1024.55,467.83,8060.49,3680.59,385.5552380952381
11/30/1993,1010.4,461.79,8060.48,3683.95,386.6609090909091
12/31/1993,1020.59,466.45,8213.95,3754.09,391.8239130434783
1/31/1994,1051.35,481.61,8684.76,3978.36,407.5876190476191
2/28/1994,1016.03,467.14,8334.64,3832.02,406.193
3/31/1994,966.43,445.77,7882.76,3635.96,406.6386956521739
4/30/1994,976.22,450.91,7970.86,3681.69,373.8823809523809
5/31/1994,987.41,456.5,8129.35,3758.37,372.1336363636364
6/30/1994,957.85,444.27,7815.41,3624.96,370.07772727272726
7/31/1994,985.26,458.26,8093.68,3764.5,362.7171428571429
8/31/1994,1018.02,475.49,8378.63,3913.42,381.63260869565215
9/30/1994,988.35,462.71,8209.05,3843.19,395.08818181818185
10/31/1994,1007.99,472.35,8339.93,3908.12,397.9990476190476
11/30/1994,966.81,453.69,7968.3,3739.23,406.1813636363637
12/31/1994,978.7,459.27,8171.19,3834.44,396.52454545454543
1/31/1995,998.7,470.42,8160.51,3843.86,407.83681818181816
2/28/1995,1030.83,487.39,8483.37,4011.05,425.1345
3/31/1995,1055.5,500.71,8764.41,4157.69,444.03521739130434
4/30/1995,1081.41,514.71,9078.99,4321.27,453.3905
5/31/1995,1118.01,533.4,9358.93,4465.14,484.8613043478261
6/30/1995,1139.62,544.75,9531.36,4556.1,517.5527272727272
7/31/1995,1175.83,562.06,9850.12,4708.47,566.8157142857142
8/31/1995,1172.64,561.88,9622.24,4610.56,575.5152173913044
9/30/1995,1217.33,584.41,9975.65,4789.08,593.5309523809524
10/31/1995,1207.19,581.5,9872.38,4755.48,579.7222727272728
11/30/1995,1257.35,605.37,10539.72,5074.49,594.5468181818183
12/31/1995,1280.52,615.93,10638.49,5117.12,581.1414285714285
1/31/1996,1314.65,636.02,11152.09,5395.3,563.9521739130435
2/29/1996,1319.29,640.43,11300.38,5485.62,622.5228571428571
3/31/1996,1322.63,645.5,11448.05,5587.14,610.037619
4/30/1996,1335.16,654.17,11366.49,5569.08,630.7863636363636
5/31/1996,1363.67,669.12,11500.8,5643.18,680.5108695652174
6/30/1996,1365.4,670.63,11512.83,5654.63,680.6065000000001
7/31/1996,1300.38,639.95,11234.75,5528.91,639.7791304347826
8/31/1996,1322.24,651.99,11389.67,5616.21,672.3136363636363
9/30/1996,1389.78,687.33,11893.75,5882.17,705.3828571428572
10/31/1996,1421.82,705.27,12155.23,6029.38,751.5995652173914
11/30/1996,1523.12,757.02,13121.66,6521.7,801.9642857142857
12/31/1996,1490.37,740.74,12973.92,6448.27,835.0150000000001
1/31/1997,1577.04,786.16,13667.06,6813.09,878.3360869565217
2/28/1997,1580.85,790.82,13748.6,6877.74,887.0289999999999
3/31/1997,1509.7,757.12,13127.46,6583.48,832.8295238
4/30/1997,1596.27,801.34,13961.93,7009,818.9068181818183
5/31/1997,1690.62,848.28,14610.68,7331,933.925
6/30/1997,1762.31,885.14,15276.54,7672.8,960.3623809523808
7/31/1997,1897.17,954.31,16346.53,8222.6,1047.442608695652
8/31/1997,1784.55,899.47,15122.84,7622.4,1108.7185714285715
9/30/1997,1874.67,947.28,15723.75,7945.3,1108.644090909091
10/31/1997,1806.37,914.62,14698.15,7442.1,1091.6604347826087
11/30/1997,1887.87,955.4,15458.45,7823.1,1034.632
12/31/1997,1919.51,970.43,15642.62,7908.3,1003.9221739130436
1/31/1998,1936.05,980.28,15615.34,7906.5,1013.1172727272728
2/28/1998,2068.25,1049.34,16843.61,8545.72,1147.532
3/31/1998,2167.14,1101.75,17309.23,8799.81,1177.9945454545457
4/30/1998,2183.48,1111.75,17800.46,9063.37,1228.340909090909
5/31/1998,2138.01,1090.82,17443.9,8899.95,1235.743333333333
6/30/1998,2220.06,1133.84,17528.06,8952.02,1236.4968181818183
7/31/1998,2190.91,1120.67,17366.83,8883.29,1400.3891304347826
8/31/1998,1869.57,957.28,14723.8,7539.07,1345.3742857142856
9/30/1998,1983.17,1017.01,15293.11,7842.62,1300.2345454545457
10/31/1998,2138.01,1098.67,16720.23,8592.1,1282.7440909090908
11/30/1998,2264.42,1163.63,17740.81,9116.55,1506.492857142857
12/31/1998,2393.31,1229.23,17876.24,9181.43,1715.3404347826088
1/31/1999,2485.06,1279.64,18174.85,9358.83,1979.5357142857144
2/28/1999,2402.36,1238.33,18054.77,9306.58,1990.8985
3/31/1999,2487.84,1286.37,18926.43,9786.16,2028.9965217391305
4/30/1999,2563.55,1335.18,20714.96,10789.04,2157.8136363636363
5/31/1999,2499.53,1301.84,20274.7,10559.74,2120.85
6/30/1999,2635.6,1372.71,21063.94,10970.8,2151.604090909091
7/31/1999,2543.17,1328.72,20393.96,10655.15,2346.925
8/31/1999,2521.98,1320.41,20683.92,10829.28,2302.918181818182
9/30/1999,2437.15,1282.71,19640.21,10336.95,2466.681818181818
10/31/1999,2585.48,1362.93,20354.54,10729.86,2482.749047619048
11/30/1999,2633.37,1388.91,20624.33,10877.81,2892.4527272727278
12/31/1999,2785.7,1469.25,21798.54,11497.12,3368.313478
1/31/2000,2635.53,1394.46,20677.6,10940.53,3636.519523809524
2/29/2000,2567.5,1366.42,19031.09,10128.31,4010.150476190476
3/31/2000,2793.35,1498.58,20358.46,10921.92,4436.54
4/30/2000,2705.88,1452.43,19997.27,10733.91,3730.402
5/31/2000,2643.74,1420.6,19582.06,10522.33,3399.261304347826
6/30/2000,2692.46,1454.6,19339.04,10447.89,3748.8190909090913
7/31/2000,2642.74,1430.83,19434.1,10521.98,3824.923333333333
8/31/2000,2803.15,1517.68,20714.29,11215.1,3772.632608695653
9/30/2000,2638.87,1436.51,19565.74,10650.92,3759.200476190477
10/31/2000,2621.52,1429.4,20121.07,10971.14,3268.182727272728
11/30/2000,2410.3,1314.95,19089.76,10414.49,2931.375
12/31/2000,2421.39,1320.28,19785.17,10787.99,2571.965714285714
1/31/2001,2488.87,1366.01,19836.77,10887.36,2518.533043478261
2/28/2001,2250.49,1239.94,19048.93,10495.28,2242.836
3/31/2001,2101.36,1160.33,17890.47,9878.78,1752.6681818181817
4/30/2001,2254.03,1249.46,19365.89,10734.97,1679.3028571428572
5/31/2001,2255.45,1255.82,19597.84,10911.94,1905.155652173913
6/30/2001,2195.31,1224.38,18830.8,10502.4,1795.3290476190475
7/31/2001,2177.79,1211.23,18920.01,10522.81,1699.234090909091
8/31/2001,2038.18,1133.58,17889.65,9949.75,1589.965217391304
9/30/2001,1863.28,1040.94,15837.13,8847.56,1284.718
10/31/2001,1903.36,1059.78,16298.95,9075.14,1334.296956521739
11/30/2001,2049.87,1139.45,17722.96,9851.56,1549.7386363636365
12/31/2001,2073.43,1148.08,18098.96,10021.57,1624.3433333333332
1/31/2002,2036.62,1130.2,17875.84,9920,1593.7965217391304
2/28/2002,1986.58,1106.73,18140.5,10106.13,1430.3125
3/31/2002,2048.09,1147.39,18571.03,10403.94,1484.4795238095237
4/30/2002,1911.53,1076.92,17654.54,9946.22,1356.3868181818182
5/31/2002,1894.17,1067.14,17617.32,9925.25,1248.72
6/30/2002,1755.94,989.82,16397.54,9243.26,1105.0504999999998
7/31/2002,1615.39,911.62,15481.24,8736.59,978.3908695652176
8/31/2002,1617.78,916.07,15299.74,8663.5,960.4727272727272
9/30/2002,1437.34,815.28,13384.57,7591.93,895.522381
10/31/2002,1558.94,885.76,14778.77,8397.03,913.2134782608696
11/30/2002,1647.91,936.31,15657.12,8896.09,1060.9438095238097
12/31/2002,1552,879.82,14714.64,8341.63,1032.321818181818
1/31/2003,1502.61,855.7,14142.49,8053.81,1032.5382608695652
2/28/2003,1466.12,841.15,13754.15,7891.08,984.0495
3/31/2003,1469.05,848.18,13842.37,7992.13,1028.7485714285715
4/30/2003,1591.77,916.92,14721.44,8480.09,1069.2886363636362
5/31/2003,1675.68,963.59,15390.6,8850.26,1144.3195454545455
6/30/2003,1692.71,974.5,15607.71,8985.44,1214.4442857142858
7/31/2003,1718.19,990.31,16020.64,9233.8,1267.1265217391303
8/31/2003,1742.85,1008.01,16279.95,9415.82,1272.4985714285715
9/30/2003,1716.06,995.97,15980.93,9275.06,1357.4518181818182
10/31/2003,1812.47,1050.71,16906.93,9801.12,1395.592173913043
11/30/2003,1829.63,1058.2,16913.87,9782.46,1413.167
12/31/2003,1924.73,1111.92,18095.74,10453.92,1427.779565217391
1/31/2004,1948.94,1131.13,18070.94,10488.07,1520.3463636363638
2/29/2004,1962.43,1144.94,18140.84,10583.92,1485.3215
3/31/2004,1917.94,1126.21,17639.16,10357.7,1428.9360869565216
4/30/2004,1879.09,1107.3,17352.79,10225.57,1470.049090909091
5/31/2004,1890.59,1120.68,17187.92,10188.45,1420.3919047619047
6/30/2004,1918.89,1140.84,17552.48,10435.48,1478.3022727272728
7/31/2004,1856.4,1101.72,17085.41,10139.71,1419.8727272727274
8/31/2004,1859.54,1104.24,17132.88,10173.92,1355.5059090909092
9/30/2004,1872.49,1114.58,16934.85,10080.27,1403.3127272727272
10/31/2004,1888.56,1130.2,16755.9,10027.47,1452.0557142857142
11/30/2004,1961.45,1173.82,17425.22,10428.02,1547.270909090909
12/31/2004,2032.39,1211.92,18083.11,10783.01,1612.2134782608698
1/31/2005,1976.26,1181.27,17549.67,10489.94,1540.8166666666668
2/28/2005,2002.79,1203.6,17915.01,10766.23,1521.109
3/31/2005,1949.15,1180.59,17341.71,10503.76,1498.207391304348
4/30/2005,1897.23,1156.85,16715.72,10192.51,1447.2714285714287
5/31/2005,1955.25,1191.5,17177.13,10467.48,1492.6086363636364
6/30/2005,1954.97,1191.33,16861.23,10274.97,1528.1977272727272
7/31/2005,2015.42,1234.18,17376.61,10640.91,1563.2785714285717
8/31/2005,1983.04,1220.33,17032.6,10481.6,1587.0708695652172
9/30/2005,1972.24,1228.81,16962.76,10568.7,1585.9377272727272
10/31/2005,1933.63,1207.01,16724.99,10440.07,1560.809523809524
11/30/2005,2017.91,1249.48,17451.48,10805.87,1655.7422727272728
12/31/2005,2023.48,1248.29,17373.07,10717.5,1684.7040909090908
1/31/2006,2059.65,1280.08,17481.56,10864.86,1712.3154545454547
2/28/2006,2056.74,1280.66,17655.42,10993.41,1671.459
3/31/2006,2067.91,1294.87,17741.58,11109.32,1678.6769565217392
4/30/2006,2076.01,1310.61,18005.55,11367.14,1714.566
5/31/2006,2001.66,1270.09,17601.26,11168.31,1636.2878260869566
6/30/2006,1998.02,1270.2,17539.3,11150.22,1560.0913636363637
7/31/2006,2001.8,1276.66,17539.15,11185.68,1505.5080952380954
8/31/2006,2040.48,1303.82,17811.5,11381.15,1534.338695652174
9/30/2006,2101.29,1335.85,18371.18,11679.07,1619.671904761905
10/31/2006,2178.52,1377.94,19099.63,12080.73,1704.202727272727
11/30/2006,2218.6,1400.63,19359.54,12221.93,1772.525
12/31/2006,2242.33,1418.3,19704.24,12463.15,1779.15
1/31/2007,2266.67,1438.24,19891.78,12621.69,1795.055652173913
2/28/2007,2205.89,1406.82,19237.21,12268.63,1806.806
3/31/2007,2208.02,1420.86,19198.66,12354.35,1759.320909090909
4/30/2007,2288.78,1482.37,20169.13,13062.91,1831.8661904761907
5/31/2007,2347.97,1530.62,20904.8,13627.64,1895.398260869565
6/30/2007,2301.63,1503.35,20528.6,13408.62,1922.044761904762
7/31/2007,2229.47,1455.27,20240.77,13211.99,1997.5318181818184
8/31/2007,2262.57,1473.99,20504.13,13357.74,1931.266956521739
9/30/2007,2335.93,1526.75,21260.31,13895.63,2022.5045
10/31/2007,2365.9,1549.38,21271.13,13930.01,2164.634782608696
11/30/2007,2248.37,1481.14,20298.27,13371.72,2074.788636363636
12/31/2007,2230.44,1468.36,20149.26,13264.82,2091.6766666666667
1/31/2008,2084.37,1378.55,19127.34,12650.36,1893.1765217391303
2/29/2008,2005.26,1330.63,18485.45,12266.39,1784.7128571428573
3/31/2008,1976.11,1322.7,18320.76,12262.89,1748.35
4/30/2008,2057.6,1385.59,19037.89,12820.13,1868.3204545454544
5/31/2008,2062.76,1400.38,18616.25,12638.32,1989.4936363636364
6/30/2008,1866.24,1280,16548.31,11350.01,1950.3
7/31/2008,1838.97,1267.38,16509.51,11378.02,1830.3178260869563
8/31/2008,1867.8,1282.83,16808.01,11543.96,1905.0266666666664
9/30/2008,1700.55,1166.36,15820.26,10850.66,1717.3913636363636
10/31/2008,1426.97,968.75,13735.74,9325.01,1328.5608695652172
11/30/2008,1346.15,896.24,13261.22,8829.04,1198.7745
12/31/2008,1371.13,903.25,13322.56,8776.39,1188.0695652173913
1/31/2009,1247.9,825.88,12089.3,8000.86,1206.3095454545455
2/28/2009,1105.58,735.09,10622.65,7062.93,1201.2845
3/31/2009,1196.81,797.87,11413.38,7608.92,1167.3090909090909
4/30/2009,1305.72,872.81,12219.51,8168.12,1332.5272727272727
5/31/2009,1371.36,919.14,12682.49,8500.33,1392.03
6/30/2009,1359.67,919.32,12493.11,8447,1472.1577272727272
7/31/2009,1463.45,987.48,13592.33,9171.61,1512.7782608695652
8/31/2009,1508.48,1020.62,14035.5,9496.28,1617.945238095238
9/30/2009,1561.31,1057.08,14345.04,9712.28,1685.7431818181817
10/31/2009,1529.42,1036.19,14335.99,9712.73,1722.000909090909
11/30/2009,1616.05,1095.63,15258.64,10344.84,1763.3052380952383
12/31/2009,1648.12,1115.1,15412.66,10428.05,1818.858260869565
1/31/2010,1581.81,1073.87,14829.18,10067.33,1851.3809523809523
2/28/2010,1625.81,1104.49,15198.78,10325.26,1784.4535
3/31/2010,1714.38,1169.43,15915.82,10856.63,1920.6160869565217
4/30/2010,1737.31,1186.69,16116.61,11008.61,2008.6236363636365
5/31/2010,1592.72,1089.41,14819.75,10136.63,1891.2747619047616
6/30/2010,1508.96,1030.71,14309.17,9774.02,1847.1754545454544
7/31/2010,1612.74,1101.6,15322.14,10465.94,1822.710909090909
8/31/2010,1534.12,1049.33,14641.52,10014.72,1839.0745454545452
9/30/2010,1667.29,1141.2,15761.34,10788.05,1936.720909090909
10/31/2010,1726.38,1183.26,16221.88,11118.49,2066.017142857143
11/30/2010,1721.24,1180.55,16046.78,11006.02,2148.9586363636363
12/31/2010,1831.12,1257.64,16856.85,11577.51,2212.231739130435
1/31/2011,1863.59,1286.12,17231.41,11891.93,2292.7757142857145
2/28/2011,1913.85,1327.22,17630.38,12226.34,2355.3465
3/31/2011,1893.29,1325.83,17592.57,12319.73,2298.651739130434
4/30/2011,1934.96,1363.61,18178.16,12810.54,2345.65619
5/31/2011,1899.42,1345.2,17748.54,12569.79,2363.309545454545
6/30/2011,1867.38,1320.64,17553.88,12414.34,2255.0731818181816
7/31/2011,1824.7,1292.28,17146.25,12143.24,2378.5885714285714
8/31/2011,1716.2,1218.89,16351.85,11613.53,2173.812608695652
9/30/2011,1590.78,1131.42,15344.21,10913.38,2221.898181818182
10/31/2011,1765.9,1253.3,16844.61,11955.01,2298.6619047619047
11/30/2011,1758.21,1246.96,16984.41,12045.68,2286.087727272727
12/31/2011,1778.25,1257.6,17275.63,12217.56,2279.603181818182
1/31/2012,1847.87,1312.41,17787.14,12632.91,2397.059545454545
2/29/2012,1914.68,1365.68,18158.8,12952.07,2567.833333333333
3/31/2012,1959.18,1408.47,18377.95,13212.04,2698.971818181818
4/30/2012,1938.9,1397.91,18327.3,13213.63,2718.307619047619
5/31/2012,1818.74,1310.33,17202.11,12393.45,2586.325652173913
6/30/2012,1893.4,1362.16,17903.33,12880.09,2549.898571428572
7/31/2012,1921.39,1379.32,18121.09,13008.68,2607.504545454545
8/31/2012,1948.11,1406.58,18130.81,13090.84,2739.133043478261
9/30/2012,1986.68,1440.67,18529.8,13437.13,2818.483
10/31/2012,1947.37,1412.16,18060.02,13096.46,2729.7930434782606
11/30/2012,1962.83,1416.18,18053.45,13025.58,2615.884090909091
12/31/2012,1982.4,1426.19,18214.75,13104.14,2658.7209523809524
1/31/2013,2076.38,1498.11,19210.76,13860.58,2733.873478260869
2/28/2013,2081.17,1514.68,19310.87,14054.49,2749.0155
3/31/2013,2151.36,1569.19,19987.18,14578.54,2796.4380952380952
4/30/2013,2191.87,1597.57,20360.21,14839.8,2818.563181818182
5/31/2013,2234.11,1630.74,20708.33,15115.57,2981.615217391304
6/30/2013,2194.18,1606.28,20366.51,14909.6,2937.3065
7/31/2013,2302.71,1685.73,21172.37,15499.54,3029.050869565217
8/31/2013,2227.37,1632.97,20201.26,14810.31,3105.4654545454546
9/30/2013,2291.95,1681.55,20621.74,15129.67,3182.1142857142854
10/31/2013,2399.43,1756.54,21235.49,15545.75,3291.951739130435
11/30/2013,2472.15,1805.81,22022.3,16086.41,3402.828571428571
12/31/2013,2530.4,1848.36,22693.45,16576.66,3516.4445454545453
1/31/2014,2431.45,1782.59,21413.23,15698.85,3560.8234782608697
2/28/2014,2526.99,1859.45,22181.2,16321.71,3617.394
3/31/2014,2527.66,1872.34,22217.84,16457.66,3661.111428571429
4/30/2014,2535.8,1883.95,22317.81,16580.84,3553.5440909090908
5/31/2014,2579.51,1923.57,22417.72,16717.17,3623.663181818182
6/30/2014,2624.75,1960.23,22530.82,16826.6,3792.107142857143
7/31/2014,2585.17,1930.67,22178.26,16563.3,3926.574347826088
8/31/2014,2688.52,2003.37,22946.12,17098.45,3979.402380952381
9/30/2014,2644.84,1972.29,22854.53,17042.9,4070.852272727273
10/31/2014,2712.26,2018.05,23372.86,17390.52,3964.6369565217383
11/30/2014,2793.27,2067.56,24085.95,17828.24,4225.936
12/31/2014,2798.05,2058.9,24221.55,17823.07,4261.7408695652175
1/31/2015,2723.16,1994.99,23430.16,17164.95,4183.239090909091
2/28/2015,2860.02,2104.5,24642.34,18132.7,4345.436
3/31/2015,2793.72,2067.89,24015.54,17776.12,4389.157727272727
4/30/2015,2813.35,2085.51,24066.86,17840.52,4414.229090909091
5/31/2015,2828.12,2107.39,24170.33,18010.68,4478.80381
6/30/2015,2758.38,2063.11,23557.28,17619.51,4481.682727272728
7/31/2015,2812.83,2103.84,23651.34,17689.86,4524.184347826087
8/31/2015,2640.75,1972.18,22131.03,16528.03,4422.328095238096
9/30/2015,2574.76,1920.03,21837.78,16284.7,4258.113181818182
10/31/2015,2790.5,2079.36,23704.47,17663.54,4445.489090909091
11/30/2015,2796.07,2080.41,23815.57,17719.92,4654.156666666667
12/31/2015,2757.28,2043.94,23506.37,17425.03,4627.785217391304
1/31/2016,2613.5,1940.24,22180.11,16466.3,4269.595714285714
2/29/2016,2600.78,1932.23,22231.21,16516.5,4124.309523809524
3/31/2016,2760.05,2059.74,23698.02,17685.09,4378.346956521739
4/30/2016,2755.11,2065.3,23710.04,17773.64,4491.744285714286
5/31/2016,2784.76,2096.96,23621.4,17787.2,4385.477272727273
6/30/2016,2778.89,2098.86,23739.31,17929.99,4426.978181818182
7/31/2016,2882.19,2173.6,24441.15,18432.24,4585.16619
8/31/2016,2876.51,2170.95,24381.17,18400.88,4785.706086956522
9/30/2016,2866.45,2168.27,24203.37,18308.15,4812.649545454545
10/31/2016,2806.52,2126.15,23947.99,18142.42,4845.312381
11/30/2016,2906.83,2198.81,25281.37,19123.58,4794.602272727273
12/31/2016,2959.73,2238.83,26126.16,19762.6,4888.769090909091
1/31/2017,2994.44,2278.87,26101.41,19864.09,5048.140909090909
2/28/2017,3096.37,2363.64,27264.03,20812.24,5264.401
3/31/2017,3092.8,2362.72,27048.15,20663.22,5386.221304347826
4/30/2017,3111.38,2384.2,27327.37,20940.51,5443.1435
5/31/2017,3144.99,2411.8,27395.28,21008.65,5691.750869565218
6/30/2017,3157.7,2423.41,27818.57,21349.63,5766.9631818181815
7/31/2017,3221.27,2470.3,28546.02,21891.12,5805.677142857143
8/31/2017,3213.15,2471.65,28532.53,21948.1,5874.416956521739
9/30/2017,3257.53,2519.36,28969.78,22405.09,5956.504285714285
10/31/2017,3332.39,2575.26,30250.15,23377.24,6088.49
11/30/2017,3425.97,2647.58,31408.42,24272.35,6330.825909
12/31/2017,3459.65,2673.61,31986.67,24719.22,6401.172380952381
1/31/2018,3634.24,2823.81,33654.26,26149.39,6771.946086956522
2/28/2018,3479.13,2713.83,32087.43,25029.2,6707.736999999999
3/31/2018,3377.67,2640.87,30827.88,24103.11,6832.897727272727
4/30/2018,3373.62,2648.05,30783.85,24163.15,6606.895714285714
5/31/2018,3430.28,2705.27,30959.29,24415.84,6879.628260869566
6/30/2018,3441.46,2718.37,30727.61,24271.41,7159.601428571429
7/31/2018,3565.42,2816.29,32175.63,25415.19,7283.804999999999
8/31/2018,3670.42,2901.52,32845.5,25964.82,7453.09
9/30/2018,3683.27,2913.98,33443.3,26458.31,7534.308
10/31/2018,3422.22,2711.74,31696.09,25115.76,7171.58
11/30/2018,3494.38,2760.17,32331.69,25538.46,6842.331363636364
12/31/2018,3183.7,2506.85,29625.87,23327.46,6483.627142857144
1/31/2019,3428.8,2704.1,31699.58,24999.67,6614.382173913044
2/28/2019,3514.03,2784.49,32705.99,25916,7022.758
3/31/2019,3557.17,2834.4,32540.49,25928.68,7254.175714285714
4/30/2019,3679.34,2945.83,33214.54,26592.91,7661.905454545455
5/31/2019,3429.07,2752.06,30919.54,24815.04,7473.157391304348
6/30/2019,3665.43,2941.76,33143.55,26599.96,7505.1485
7/31/2019,3707.59,2980.38,33419.15,26864.27,7896.084347826087
8/31/2019,3640.52,2926.46,32845.68,26403.28,7619.754999999999
9/30/2019,3700.09,2976.74,33457.62,26916.83,7808.102857142857
10/31/2019,3766.57,3037.56,33537.33,27046.23,7859.699130434783
11/30/2019,3897.96,3140.98,34811.8,28051.41,8291.993333333332
12/31/2019,4012.63,3230.78,35444.74,28538.44,8535.185909
1/31/2020,3989.97,3225.52,34952.71,28256.03,9024.39
2/29/2020,3645.51,2954.22,31355.15,25409.36,9313.768
3/31/2020,3194.55,2584.59,27089.61,21917.16,7835.444090909091
4/30/2020,3625.98,2912.43,30310.42,24345.72,8427.977272727272
5/31/2020,3787.12,3044.31,31576.59,25383.11,9217.820952380953
6/30/2020,3838.16,3100.29,31956.35,25812.88,9898.71
7/31/2020,4026.75,3271.12,32533.26,26428.32,10644.551304347826
8/31/2020,4298.38,3500.31,34912.1,28430.05,11406.495238095238
9/30/2020,4123.04,3363,34060.36,27781.7,11344.081818181818
10/31/2020,4005.7,3269.96,32464.46,26501.6,11604.979090909092
11/30/2020,4440.12,3621.63,36336.97,29638.64,11905.612857142856
12/31/2020,4601.19,3756.07,37492.94,30606.48,12625.949130434785
1/31/2021,4531.37,3714.24,36578.8,29982.62,13028.839047619049
2/28/2021,4622.92,3811.15,37520.96,30932.37,13490.476
3/31/2021,4787.33,3972.89,39742.77,32981.55,12900.192173913045
4/30/2021,4996.5,4181.17,40480.45,33874.85,13809.485454545456
5/31/2021,4981.87,4204.11,40917.4,34529.45,13477.265714285715
6/30/2021,5045.27,4297.5,40505.95,34502.51,14064.488181818182
7/31/2021,5138.06,4395.26,40839.56,34935.47,14844.115909090908
8/31/2021,5273.44,4522.68,41230.61,35360.73,15173.002727272727
9/30/2021,5009.67,4307.54,39360.48,33843.92,15330.482727272729
10/31/2021,5314.61,4605.38,41335.77,35819.56,15143.725238095238
11/30/2021,5242.92,4567,39587.31,34483.72,16243.141818181815
12/31/2021,5452.51,4766.18,41571.02,36338.3,16142.934782608696
1/31/2022,5125.15,4515.55,39874.66,35131.86,15226.474761904765
2/28/2022,4920.68,4373.94,38129.18,33892.6,14407.7535
3/31/2022,5028.76,4530.41,38492.97,34678.35,14151.30956521739
4/30/2022,4561.65,4131.93,36406.84,32977.21,13961.31238095238
5/31/2022,4512.31,4132.15,36025.21,32990.12,12388.936363636363
6/30/2022,4076.85,3785.38,33145.14,30775.43,11888.983636363637
7/31/2022,4448.32,4130.29,35374.21,32845.13,12113.78619047619
8/31/2022,4259.54,3955,33936.73,31510.43,13090.348260869563
9/30/2022,3854.54,3585.62,30879.92,28725.51,11852.703181818182
10/31/2022,4146.89,3871.98,35056.99,32732.95,11212.392857142857
11/30/2022,4373.88,4080.11,37080.23,34589.77,11475.364545454546
12/31/2022,4127.46,3839.5,35633.29,33147.25,11347.907272727272
1/31/2023,4349.73,4076.6,36369.8,34086.04,11473.024090909092
2/28/2023,4212.33,3970.15,34648.76,32656.7,12371.5025
3/31/2023,4343.54,4109.31,35170.78,33274.15,12429.894782608695
4/30/2023,4386.29,4169.48,35871.26,34098.16,13027.7895
5/31/2023,4384.64,4179.83,34520.78,32908.27,13588.068260869566
6/30/2023,4655.1,4450.38,35990.35,34407.6,14820.597727272729
7/31/2023,4790.87,4588.96,37124.15,35559.53,15433.87
8/31/2023,4683.46,4507.66,36076.06,34721.91,15144.851304347829
9/30/2023,4446.71,4288.05,34747.28,33507.5,15108.159047619049
10/31/2023,4348.97,4193.8,34275.83,33052.87,14763.206363636362
11/30/2023,4745.94,4567.8,37352.97,35950.89,15627.368636363635
12/31/2023,4960.62,4769.83,39197.12,37689.54,16467.97619047619
1/31/2024,5015.25,4845.65,39485.56,38150.3,16964.35217391304
2/29/2024,5238.97,5096.27,40088.29,38996.39,17760.585714285713
3/31/2024,5369.95,5254.35,40683.13,39807.37,18143.74095238095
4/30/2024,5126.33,5035.69,38496.61,37815.92,17776.502727272727
5/31/2024,5361.95,5277.51,39305.3,38686.32,18370.980869565217
6/30/2024,5547.85,5460.48,39744.76,39118.86,19443.5825
7/31/2024,5599.61,5522.3,41414.59,40842.79,19834.54391304348
8/31/2024,5727.48,5648.4,42144.96,41563.08,19070.049545454545
9/30/2024,5831.63,5762.48,42838.11,42330.15,19440.811904761904
10/31/2024,5768.21,5705.45,42222.86,41763.46,20172.154347826086
11/30/2024,6098.74,6032.38,45404.67,44910.65,20727.792857142857
12/31/2024,5946.33,5881.63,43012.21,42544.22,21507.182272727277
1/31/2025,6064.69,6040.53,44722.84,44544.66,21308.344347826085
2/28/2025,5954.5,5954.5,43840.91,43840.91,21612.38
3/31/2025,5580.94,5580.94,41583.9,41583.9,19857.518333333333
