date,vix_index_avg,business_sentiment,consumer_sentiment,google_inflation_trend,google_interest_rate_trend,google_mortgage_rate_trend,consumer_confidence_index
1/31/1990,23.347272727272728,98.83,93,,,,101.376
2/28/1990,23.262631578947367,99.04,89.5,,,,101.3088
3/31/1990,20.062272727272727,99.21,91.3,,,,101.2456
4/30/1990,21.4035,99.26,93.9,,,,101.2113
5/31/1990,18.097727272727276,99.18,90.6,,,,101.1244
6/30/1990,16.82238095238095,98.99,88.3,,,,100.998
7/31/1990,18.392857142857142,98.68,88.2,,,,100.7749
8/31/1990,28.175217391304347,98.38,76.4,,,,100.375
9/30/1990,29.10736842105263,98.06,72.8,,,,99.93839
10/31/1990,29.625652173913043,97.73,63.9,,,,99.65288
11/30/1990,24.88571428571429,97.41,66,,,,99.58417
12/31/1990,23.363,97.15,65.5,,,,99.62707
1/31/1991,27.429090909090917,96.97,66.8,,,,99.72082
2/28/1991,21.59842105263158,96.99,70.4,,,,99.98038
3/31/1991,17.74421052631579,97.24,87.7,,,,100.3621
4/30/1991,17.37272727272727,97.7,81.8,,,,100.5038
5/31/1991,16.93227272727273,98.31,78.3,,,,100.4941
6/30/1991,17.134999999999998,99.03,82.1,,,,100.4483
7/31/1991,17.294090909090908,99.56,82.9,,,,100.3858
8/31/1991,15.681363636363637,99.94,82,,,,100.3409
9/30/1991,16.9565,100.06,83,,,,100.2836
10/31/1991,16.36391304347826,99.77,78.3,,,,100.0957
11/30/1991,17.773500000000002,99.27,69.1,,,,99.83002
12/31/1991,18.347619047619048,98.94,68.2,,,,99.63819
1/31/1992,17.68318181818182,99.07,67.5,,,,99.58098
2/29/1992,17.47736842105263,99.57,68.8,,,,99.677
3/31/1992,17.520454545454545,99.99,76,,,,99.8426
4/30/1992,16.562857142857144,100.17,77.2,,,,99.94007
5/31/1992,15.077000000000002,100.29,79.2,,,,99.9453
6/30/1992,15.203181818181816,100.21,80.4,,,,99.84528
7/31/1992,13.601818181818182,100.06,76.6,,,,99.64925
8/31/1992,14.421904761904765,99.81,76.1,,,,99.42836
9/30/1992,13.696666666666667,99.56,75.6,,,,99.23907
10/31/1992,17.63681818181818,99.6,73.3,,,,99.17685
11/30/1992,14.4245,99.92,85.3,,,,99.30806
12/31/1992,12.191363636363636,100.23,91,,,,99.4612
1/31/1993,12.409,100.4,89.3,,,,99.53164
2/28/1993,13.72157894736842,100.31,86.6,,,,99.52991
3/31/1993,13.60608695652174,100,85.9,,,,99.52066
4/30/1993,12.84095238095238,99.63,85.6,,,,99.49344
5/31/1993,13.606,99.42,80.3,,,,99.37966
6/30/1993,12.524090909090908,99.29,81.5,,,,99.22211
7/31/1993,11.50047619047619,99.3,77,,,,99.09478
8/31/1993,11.928636363636365,99.41,77.3,,,,99.0472
9/30/1993,12.931428571428572,99.61,77.9,,,,99.07016
10/31/1993,11.875238095238094,99.91,82.7,,,,99.16555
11/30/1993,14.083809523809524,100.19,81.2,,,,99.34301
12/31/1993,11.356363636363636,100.44,88.2,,,,99.65331
1/31/1994,11.29047619047619,100.61,94.3,,,,99.97619
2/28/1994,13.64421052631579,100.74,93.2,,,,100.1962
3/31/1994,15.223478260869564,100.84,91.5,,,,100.3439
4/30/1994,16.471052631578946,100.96,92.6,,,,100.4985
5/31/1994,13.897142857142857,101.08,92.8,,,,100.6553
6/30/1994,13.408636363636363,101.16,91.2,,,,100.7844
7/31/1994,12.4845,101.18,89,,,,100.8768
8/31/1994,11.889130434782608,101.2,91.7,,,,100.9775
9/30/1994,13.233333333333333,101.27,91.5,,,,101.0506
10/31/1994,15.245238095238092,101.29,92.7,,,,101.0756
11/30/1994,16.383809523809525,101.18,91.6,,,,101.057
12/31/1994,14.177142857142858,100.94,95.1,,,,101.0289
1/31/1995,12.274285714285714,100.72,97.6,,,,100.9812
2/28/1995,11.47,100.34,95.1,,,,100.855
3/31/1995,12.166521739130436,99.84,90.3,,,,100.7149
4/30/1995,12.442631578947369,99.36,92.5,,,,100.6704
5/31/1995,12.265909090909092,98.9,89.8,,,,100.693
6/30/1995,11.896818181818183,98.75,92.7,,,,100.7909
7/31/1995,12.514,98.87,94.4,,,,100.8617
8/31/1995,12.798260869565215,98.82,96.2,,,,100.8408
9/30/1995,12.057,98.74,88.9,,,,100.7074
10/31/1995,14.357272727272727,98.58,90.2,,,,100.5912
11/30/1995,12.46904761904762,98.44,88.2,,,,100.5129
12/31/1995,11.7485,98.36,91,,,,100.4888
1/31/1996,13.473636363636365,98.34,89.3,,,,100.4906
2/29/1996,15.032999999999998,98.44,88.5,,,,100.5282
3/31/1996,17.76238095238095,98.68,93.7,,,,100.6101
4/30/1996,16.575238095238095,99.01,92.7,,,,100.6376
5/31/1996,16.14636363636364,99.31,89.4,,,,100.6308
6/30/1996,16.395,99.56,92.4,,,,100.6555
7/31/1996,17.978636363636365,99.53,94.7,,,,100.6951
8/31/1996,15.760454545454548,99.54,95.3,,,,100.7384
9/30/1996,16.578,99.55,94.7,,,,100.7594
10/31/1996,16.38173913043478,99.66,96.5,,,,100.7654
11/30/1996,15.997,99.91,99.2,,,,100.751
12/31/1996,19.260952380952386,100.13,96.9,,,,100.7215
1/31/1997,19.473333333333333,100.14,97.4,,,,100.747
2/28/1997,20.139473684210525,100.1,99.7,,,,100.8308
3/31/1997,20.17,100.13,100,,,,100.9444
4/30/1997,19.662272727272725,100.25,101.4,,,,101.0909
5/31/1997,19.924761904761905,100.45,103.2,,,,101.259
6/30/1997,20.194285714285712,100.58,104.5,,,,101.4134
7/31/1997,20.529090909090908,100.7,107.1,,,,101.5191
8/31/1997,23.084761904761905,100.63,104.4,,,,101.5455
9/30/1997,23.812380952380952,100.52,106,,,,101.5328
10/31/1997,23.87086956521739,100.53,105.6,,,,101.4781
11/30/1997,32.20611111111111,100.47,107.2,,,,101.4279
12/31/1997,26.27636363636364,100.32,102.1,,,,101.3893
1/31/1998,23.8665,100.15,106.6,,,,101.4442
2/28/1998,19.998947368421053,100,110.4,,,,101.5279
3/31/1998,20.158636363636365,99.87,106.5,,,,101.5631
4/30/1998,22.02857142857143,99.69,108.7,,,,101.5706
5/31/1998,20.874,99.45,106.5,,,,101.5341
6/30/1998,21.66272727272727,99.22,105.6,,,,101.4704
7/31/1998,19.930000000000003,99.11,105.2,,,,101.4165
8/31/1998,31.58809523809524,99.05,104.4,,,,101.3477
9/30/1998,38.2047619,98.99,100.9,,,,101.2924
10/31/1998,36.60818181818182,98.92,97.4,,,,101.3004
11/30/1998,26.223000000000003,98.87,102.7,,,,101.4083
12/31/1998,25.479090909090907,98.94,100.5,,,,101.5215
1/31/1999,28.035263157894736,99.25,103.9,,,,101.6743
2/28/1999,28.82263157894737,99.55,108.1,,,,101.7725
3/31/1999,25.309565217391302,99.78,105.7,,,,101.7603
4/30/1999,23.478571428571428,99.96,104.6,,,,101.7283
5/31/1999,26.204500000000003,100.17,106.8,,,,101.7453
6/30/1999,23.626363636363635,100.31,107.3,,,,101.7913
7/31/1999,21.04904761904762,100.33,106,,,,101.8293
8/31/1999,24.323636363636364,100.48,104.5,,,,101.8722
9/30/1999,24.54142857142857,100.72,107.2,,,,101.939
10/31/1999,24.02142857142857,100.9,103.2,,,,102.0142
11/30/1999,21.81809523809524,101,107.2,,,,102.1163
12/31/1999,22.040952380952383,100.96,105.4,,,,102.2243
1/31/2000,23.202,100.81,112,,,,102.3382
2/29/2000,23.5955,100.61,111.3,,,,102.3472
3/31/2000,22.718260869565217,100.42,107.1,,,,102.296
4/30/2000,27.164210526315788,100.23,109.2,,,,102.275
5/31/2000,26.37318181818182,100,110.7,,,,102.2662
6/30/2000,21.54,99.78,106.4,,,,102.2341
7/31/2000,19.893,99.63,108.3,,,,102.2284
8/31/2000,18.088695652173914,99.42,107.3,,,,102.1708
9/30/2000,19.6875,99.22,106.8,,,,102.0432
10/31/2000,25.2,98.98,105.8,,,,101.9481
11/30/2000,26.38285714285714,98.61,107.6,,,,101.8187
12/31/2000,26.5305,98.05,98.4,,,,101.61
1/31/2001,24.918571428571425,97.61,94.7,,,,101.4045
2/28/2001,23.411578947368422,97.44,90.6,,,,101.2349
3/31/2001,28.49681818181818,97.5,91.5,,,,101.1366
4/30/2001,28.134,97.6,88.4,,,,101.0699
5/31/2001,22.944090909090907,97.71,92,,,,101.0254
6/30/2001,20.94047619047619,97.96,92.6,,,,100.9854
7/31/2001,22.316190476190474,98.25,92.4,,,,100.8953
8/31/2001,21.86173913043478,98.46,91.5,,,,100.7013
9/30/2001,35.065333333333335,98.31,81.8,,,,100.4432
10/31/2001,32.72130434782609,97.99,82.7,,,,100.3191
11/30/2001,26.63095238095238,98.13,83.9,,,,100.3773
12/31/2001,23.72,98.57,88.8,,,,100.5615
1/31/2002,22.252857142857145,99.18,93,,,,100.7296
2/28/2002,22.87578947368421,99.81,90.7,,,,100.8546
3/31/2002,18.985,100.24,95.7,,,,100.9598
4/30/2002,19.900454545454547,100.4,93,,,,100.9866
5/31/2002,20.087727272727275,100.41,96.9,,,,100.9741
6/30/2002,25.271,100.23,92.4,,,,100.8604
7/31/2002,34.04954545454546,99.85,88.1,,,,100.7075
8/31/2002,33.74272727272727,99.58,87.6,,,,100.5594
9/30/2002,37.6475,99.44,86.1,,,,100.4143
10/31/2002,35.24304347826087,99.38,80.6,,,,100.2554
11/30/2002,28.175,99.45,84.2,,,,100.1419
12/31/2002,28.21047619047619,99.64,86.7,,,,99.99799
1/31/2003,27.424285714285716,99.58,82.4,,,,99.79686
2/28/2003,32.21842105263158,99.21,79.9,,,,99.6246
3/31/2003,30.63428571428572,98.83,77.6,,,,99.61417
4/30/2003,23.99190476190476,98.77,86,,,,99.85695
5/31/2003,20.23952380952381,99.06,92.1,,,,100.1295
6/30/2003,20.362380952380956,99.41,89.7,,,,100.2962
7/31/2003,19.161363636363635,99.82,90.9,,,,100.3654
8/31/2003,19.274285714285718,100.22,89.3,,,,100.359
9/30/2003,19.532380952380954,100.55,87.7,,,,100.3667
10/31/2003,18.023478260869567,101.01,89.6,,,,100.4384
11/30/2003,17.40105263157895,101.55,93.7,,,,100.5697
12/31/2003,16.826363636363638,101.96,92.6,,,,100.7082
1/31/2004,16.101,102.11,103.8,26,39,26,100.8502
2/29/2004,15.99842105263158,102.11,94.4,28,35,23,100.8362
3/31/2004,17.687391304347827,102.11,95.8,30,44,31,100.791
4/30/2004,15.69857142857143,102.12,94.2,34,50,31,100.7498
5/31/2004,17.705000000000002,102.07,90.2,31,48,25,100.727
6/30/2004,15.342727272727274,101.91,95.6,26,47,20,100.7705
7/31/2004,15.502380952380951,101.7,96.7,22,39,21,100.8276
8/31/2004,16.68409090909091,101.41,95.9,22,34,18,100.8297
9/30/2004,14.08095238095238,101.12,94.2,25,32,18,100.8057
10/31/2004,14.973809523809525,100.94,91.7,25,28,15,100.8092
11/30/2004,13.577619047619049,100.9,92.8,30,34,16,100.8633
12/31/2004,12.459545454545456,100.9,97.1,26,27,13,100.9572
1/31/2005,13.438,100.75,95.5,26,31,17,101.0316
2/28/2005,11.708947368421052,100.55,94.1,29,35,18,101.0108
3/31/2005,13.126363636363635,100.34,92.6,29,36,19,100.8768
4/30/2005,14.459047619047618,100.11,87.7,33,38,19,100.7305
5/31/2005,13.967619047619047,100,86.9,26,35,17,100.6734
6/30/2005,11.868636363636364,100.14,96,23,40,22,100.7129
7/31/2005,11.049,100.37,96.5,19,36,19,100.6764
8/31/2005,12.951304347826088,100.53,89.1,22,34,20,100.4729
9/30/2005,12.628095238095238,100.82,76.9,26,34,16,100.2272
10/31/2005,14.937619047619048,100.94,74.2,29,31,15,100.2073
11/30/2005,12.147619047619049,100.84,81.6,28,31,14,100.4332
12/31/2005,11.26,100.63,91.5,26,27,12,100.7522
1/31/2006,12.036,100.45,91.2,26,31,15,100.9729
2/28/2006,12.471052631578948,100.38,86.7,24,32,14,101.0188
3/31/2006,11.69391304347826,100.34,88.9,25,32,15,100.9789
4/30/2006,11.84736842105263,100.33,87.4,27,33,15,100.8736
5/31/2006,14.454545454545457,100.19,79.1,28,32,14,100.7029
6/30/2006,16.918636363636363,100.06,84.9,24,35,15,100.6105
7/31/2006,15.326,100,84.7,20,34,14,100.5854
8/31/2006,13.351739130434783,99.91,82,20,33,16,100.6133
9/30/2006,12.1845,99.73,85.4,22,31,14,100.7571
10/31/2006,11.306363636363637,99.53,93.6,23,28,14,100.9615
11/30/2006,10.817619047619049,99.4,92.1,23,26,13,101.0749
12/31/2006,10.9645,99.38,91.7,22,26,12,101.1288
1/31/2007,11.0425,99.36,96.9,21,31,17,101.1367
2/28/2007,11.155263157894735,99.48,91.3,22,29,16,101.0734
3/31/2007,15.162727272727272,99.61,88.4,21,32,18,100.9936
4/30/2007,12.933000000000002,99.8,87.1,22,31,17,100.9694
5/31/2007,13.297727272727274,99.91,88.3,23,28,14,100.987
6/30/2007,14.947619047619046,99.92,85.3,19,36,20,100.9618
7/31/2007,17.273333333333333,99.8,90.4,21,32,19,100.9183
8/31/2007,25.02608695652174,99.61,83.4,17,34,20,100.7666
9/30/2007,22.198947368421056,99.45,83.4,22,39,20,100.5712
10/31/2007,19.115652173913045,99.34,80.9,24,29,15,100.3338
11/30/2007,25.58238095238095,99.23,76.1,27,29,15,100.06
12/31/2007,21.651,99.15,75.5,23,29,17,99.84884
1/31/2008,25.816190476190474,99.13,78.4,28,65,52,99.63
2/29/2008,25.456,99.04,70.8,29,51,40,99.31917
3/31/2008,27.103500000000004,99.01,69.5,32,54,42,98.94582
4/30/2008,21.562727272727276,99.08,62.6,33,40,26,98.48694
5/31/2008,18.30333333333333,99.23,59.8,30,33,21,98.03685
6/30/2008,22.11047619047619,99.33,56.4,29,32,20,97.68564
7/31/2008,24.321818181818184,99.24,61.2,26,32,17,97.57764
8/31/2008,20.695714285714285,98.8,63,22,24,12,97.66117
9/30/2008,30.23857142857143,97.93,70.3,28,36,26,97.67448
10/31/2008,61.17739130434782,96.98,57.6,31,43,28,97.40867
11/30/2008,62.66894736842105,96.22,55.3,27,32,21,97.16412
12/31/2008,52.405,95.8,60.1,25,56,74,97.02857
1/31/2009,44.683,95.84,61.2,22,49,68,96.96561
2/28/2009,45.57052631578947,96.06,56.3,30,45,49,96.97493
3/31/2009,44.79545454545455,96.46,57.3,31,44,59,97.20228
4/30/2009,38.063809523809525,97.06,65.1,27,38,45,97.661
5/31/2009,31.978,97.72,68.7,23,33,30,98.11871
6/30/2009,29.140454545454546,98.39,70.8,23,41,41,98.46159
7/31/2009,26.162727272727277,99.07,66,18,31,29,98.68511
8/31/2009,25.337142857142855,99.64,65.7,18,28,24,98.89437
9/30/2009,24.92666666666667,99.97,73.5,21,25,21,99.11633
10/31/2009,24.252272727272725,100.21,70.6,24,26,22,99.21568
11/30/2009,23.789,100.33,67.4,23,24,16,99.24409
12/31/2009,21.239545454545453,100.56,72.5,22,23,18,99.30467
1/31/2010,20.643157894736845,100.9,74.4,22,27,20,99.37314
2/28/2010,22.54,101.13,73.6,24,25,20,99.38922
3/31/2010,17.767391304347825,101.33,73.6,23,28,19,99.38538
4/30/2010,17.424285714285716,101.27,72.2,25,26,18,99.36135
5/31/2010,31.9295,100.99,73.6,22,26,20,99.30956
6/30/2010,29.916363636363634,100.65,76,17,22,22,99.26313
7/31/2010,25.565238095238094,100.46,67.8,15,23,25,99.21615
8/31/2010,24.74590909090909,100.43,68.9,16,24,28,99.23518
9/30/2010,22.517619047619046,100.55,68.2,18,23,20,99.26218
10/31/2010,20.37333333333333,100.78,67.7,24,23,22,99.30612
11/30/2010,20.095714285714287,101.03,71.6,27,24,23,99.38629
12/31/2010,17.56954545454545,101.22,74.5,20,23,19,99.42014
1/31/2011,17.3155,101.37,74.2,23,24,17,99.37951
2/28/2011,17.43,101.42,77.5,27,24,16,99.26984
3/31/2011,20.72347826086957,101.32,67.5,25,23,15,99.04214
4/30/2011,16.244,101.06,69.8,30,23,13,98.91076
5/31/2011,16.91142857142857,100.64,74.3,25,20,14,98.9024
6/30/2011,19.153181818181817,100.37,71.5,19,21,15,98.81927
7/31/2011,19.2275,100.08,63.7,20,22,14,98.58504
8/31/2011,35.02913043478261,99.9,55.8,18,28,28,98.30756
9/30/2011,36.53,99.77,59.5,20,23,24,98.19887
10/31/2011,32.829047619047614,99.68,60.8,23,24,22,98.21535
11/30/2011,31.94190476190476,99.7,63.7,23,19,16,98.3496
12/31/2011,25.047619047619047,99.82,69.9,20,18,13,98.5362
1/31/2012,20.228,99.96,75,19,23,19,98.74213
2/29/2012,18.4205,100.07,75.3,22,23,17,98.88802
3/31/2012,16.167272727272728,100.12,76.2,22,24,17,98.9538
4/30/2012,17.823,100.09,76.4,23,24,16,98.95253
5/31/2012,21.001818181818184,99.9,79.3,22,22,17,98.91812
6/30/2012,21.13095238095238,99.62,73.2,17,23,20,98.82504
7/31/2012,17.565238095238094,99.45,72.3,17,22,20,98.77389
8/31/2012,15.689565217391303,99.43,74.3,16,21,17,98.7747
9/30/2012,15.284736842105264,99.43,78.3,21,22,17,98.81906
10/31/2012,16.276190476190475,99.34,82.6,23,21,17,98.88003
11/30/2012,16.701904761904764,99.29,82.7,22,19,14,98.88897
12/31/2012,17.307,99.46,72.9,19,17,12,98.83968
1/31/2013,13.505238095238097,99.77,73.8,20,21,17,98.9063
2/28/2013,14.072631578947368,99.94,77.6,24,23,15,99.02272
3/31/2013,13.0315,99.8,78.6,23,22,14,99.13143
4/30/2013,13.967272727272729,99.58,76.4,23,22,14,99.23705
5/31/2013,13.493636363636364,99.55,84.5,20,24,17,99.38258
6/30/2013,17.2715,99.77,84.1,17,34,26,99.51213
7/31/2013,13.974545454545456,100.09,85.1,16,32,24,99.61739
8/31/2013,14.21,100.37,82.1,16,26,18,99.63107
9/30/2013,14.692000000000002,100.51,77.5,20,24,17,99.57835
10/31/2013,15.407826086956522,100.55,73.2,22,23,17,99.50628
11/30/2013,12.924,100.52,75.1,24,20,12,99.53395
12/31/2013,14.192380952380953,100.38,82.5,23,18,11,99.61945
1/31/2014,14.24095238095238,100.2,81.2,21,20,12,99.67388
2/28/2014,15.47,100.25,81.6,24,20,11,99.72088
3/31/2014,14.836666666666666,100.36,80,25,20,12,99.80766
4/30/2014,14.19809523809524,100.45,84.1,27,21,12,99.91544
5/31/2014,12.475238095238096,100.51,81.9,26,19,12,99.96757
6/30/2014,11.541428571428572,100.56,82.5,20,20,12,99.97993
7/31/2014,12.296363636363637,100.66,81.8,20,20,12,99.95734
8/31/2014,13.49190476190476,100.8,82.5,17,17,10,99.93906
9/30/2014,13.466666666666669,100.81,84.6,22,18,9,99.9508
10/31/2014,18.058695652173917,100.83,86.9,25,20,12,100.0051
11/30/2014,13.41315789473684,100.74,88.8,24,17,9,100.1133
12/31/2014,16.292272727272728,100.47,93.6,24,18,10,100.2999
1/31/2015,19.1195,100.2,98.1,24,22,17,100.5047
2/28/2015,15.90421052631579,99.99,95.4,24,22,14,100.64
3/31/2015,14.812727272727273,99.84,93,25,25,14,100.6987
4/30/2015,13.494761904761903,99.8,95.9,28,24,14,100.6954
5/31/2015,13.3385,99.86,90.7,26,23,13,100.6285
6/30/2015,14.339545454545457,99.85,96.1,19,23,15,100.5773
7/31/2015,14.352727272727272,99.72,93.1,20,23,14,100.4701
8/31/2015,19.42809523809524,99.52,91.9,20,23,14,100.3828
9/30/2015,24.377142857142857,99.3,87.2,24,29,12,100.3557
10/31/2015,16.789545454545454,99.11,90,26,22,10,100.4627
11/30/2015,16.21,98.95,91.3,25,22,10,100.599
12/31/2015,18.025454545454547,98.9,92.6,26,29,10,100.6446
1/31/2016,23.717894736842105,98.98,92,22,23,10,100.5762
2/29/2016,22.517,99.2,91.7,26,31,13,100.4671
3/31/2016,15.84909090909091,99.45,91,25,23,11,100.4026
4/30/2016,14.300476190476193,99.58,89,27,24,12,100.4052
5/31/2016,14.85285714285714,99.69,94.7,24,23,11,100.4569
6/30/2016,17.774545454545457,99.77,93.5,18,23,15,100.4462
7/31/2016,13.1585,99.68,90,17,23,16,100.3675
8/31/2016,12.399565217391304,99.51,89.8,17,20,12,100.3515
9/30/2016,14.21952380952381,99.56,91.2,20,23,11,100.3868
10/31/2016,14.585238095238095,99.74,87.2,24,22,10,100.4245
11/30/2016,15.236190476190476,100.02,93.8,25,28,16,100.4963
12/31/2016,12.472380952380954,100.34,98.2,23,29,13,100.5532
1/31/2017,11.6085,100.62,98.5,22,24,13,100.5474
2/28/2017,11.530526315789476,100.79,96.3,26,25,12,100.5706
3/31/2017,11.89782608695652,100.74,96.9,25,30,13,100.6692
4/30/2017,13.136315789473684,100.58,97,26,26,12,100.7751
5/31/2017,10.862272727272726,100.58,97.1,23,23,12,100.8454
6/30/2017,10.513636363636364,100.75,95,18,23,13,100.8699
7/31/2017,10.2645,100.93,93.4,17,22,12,100.9014
8/31/2017,11.975652173913044,101.19,96.8,17,19,11,100.9644
9/30/2017,10.438,101.36,95.1,21,22,10,101.0394
10/31/2017,10.125454545454543,101.33,100.7,26,23,9,101.128
11/30/2017,10.54047619047619,101.29,98.5,25,21,9,101.1539
12/31/2017,10.2645,101.35,95.9,25,21,8,101.1466
1/31/2018,11.062380952380952,101.4,95.7,23,22,11,101.1458
2/28/2018,22.464736842105264,101.43,99.7,31,33,15,101.1625
3/31/2018,19.02380952380953,101.31,101.4,26,29,13,101.1696
4/30/2018,18.267619047619046,101.18,98.8,27,29,12,101.1552
5/31/2018,14.124545454545457,101.23,98,25,29,13,101.1488
6/30/2018,13.67809523809524,101.34,98.2,20,27,13,101.1634
7/31/2018,13.147619047619049,101.4,97.9,20,25,12,101.1841
8/31/2018,12.54695652173913,101.5,96.2,21,23,10,101.1373
9/30/2018,12.910526315789474,101.41,100.1,24,26,10,101.067
10/31/2018,19.35217391304348,101.2,98.6,28,33,12,100.9755
11/30/2018,19.38904761904762,100.99,97.5,27,26,10,100.87
12/31/2018,24.953157894736844,100.68,98.3,25,30,10,100.7923
1/31/2019,19.57238095238095,100.53,91.2,24,27,13,100.7639
2/28/2019,15.234736842105262,100.36,93.8,26,27,12,100.8298
3/31/2019,14.485238095238095,100.23,98.4,27,29,14,100.9079
4/30/2019,12.94904761904762,100.01,97.2,28,29,15,100.9207
5/31/2019,16.721818181818183,99.81,100,26,26,14,100.8886
6/30/2019,15.836000000000002,99.63,98.2,20,29,21,100.7939
7/31/2019,13.305909090909092,99.41,98.4,20,34,20,100.6662
8/31/2019,18.97909090909091,99.13,89.8,19,36,29,100.516
9/30/2019,15.559,98.93,93.2,23,35,23,100.4959
10/31/2019,15.466521739130435,98.86,95.5,26,30,20,100.5703
11/30/2019,12.5235,98.88,96.8,25,26,14,100.7133
12/31/2019,13.756666666666666,98.99,99.3,24,23,12,100.8168
1/31/2020,13.94095238095238,99.15,99.8,23,28,16,100.7465
2/29/2020,19.62894736842105,99.04,101,27,31,22,100.2605
3/31/2020,57.73681818181819,98.63,89.1,25,100,100,99.21683
4/30/2020,41.453809523809525,98.19,71.8,29,44,44,98.10237
5/31/2020,30.897,98.41,72.3,25,38,32,97.7552
6/30/2020,31.119545454545456,99.24,78.1,21,35,30,97.95926
7/31/2020,26.840454545454545,99.95,72.5,23,36,34,98.23467
8/31/2020,22.88952380952381,100.41,74.1,22,33,29,98.48769
9/30/2020,27.64761904761905,100.71,80.4,25,32,22,98.70325
10/31/2020,29.438636363636363,100.98,81.8,25,29,20,98.78542
11/30/2020,24.9955,101.15,76.9,23,27,17,98.7989
12/31/2020,22.37409090909091,101.36,80.7,26,25,18,98.9134
1/31/2021,24.91,101.54,79,26,29,22,99.05231
2/28/2021,23.14052631578948,101.78,76.8,33,34,21,99.32757
3/31/2021,21.84304347826087,101.98,84.9,35,36,23,99.73365
4/30/2021,17.416190476190476,101.94,88.3,33,30,18,100.0559
5/31/2021,19.7605,101.85,82.9,50,29,17,100.2999
6/30/2021,16.956818181818182,101.72,85.5,38,26,16,100.4513
7/31/2021,17.603333333333335,101.58,81.2,32,24,15,100.3518
8/31/2021,17.472727272727273,101.54,70.3,28,23,15,100.1133
9/30/2021,19.824761904761903,101.58,72.8,30,24,13,99.95087
10/31/2021,17.871428571428574,101.58,71.7,44,26,14,99.76964
11/30/2021,18.50047619047619,101.5,67.4,57,30,16,99.54459
12/31/2021,21.354545454545452,101.3,70.6,49,24,11,99.30579
1/31/2022,23.181,101.12,67.2,56,39,17,98.97148
2/28/2022,25.748421052631578,101.01,62.8,67,42,18,98.50826
3/31/2022,26.968695652173917,100.85,59.4,72,53,24,97.96496
4/30/2022,24.3735,100.65,65.2,73,56,29,97.57094
5/31/2022,29.313636363636363,100.44,58.4,81,60,25,97.19828
6/30/2022,28.23318181818182,100.15,50,93,69,32,96.82765
7/31/2022,24.995238095238093,99.95,51.5,78,59,26,96.62933
8/31/2022,22.169565217391305,99.78,58.2,100,43,21,96.63872
9/30/2022,27.34181818181818,99.55,58.6,78,57,24,96.66267
10/31/2022,30.005714285714287,99.32,59.9,89,58,24,96.76235
11/30/2022,23.29909090909091,99.1,56.7,70,59,22,96.94542
12/31/2022,21.78428571428572,98.91,59.8,58,48,17,97.21803
1/31/2023,20.16904761904762,98.77,64.9,55,52,20,97.52169
2/28/2023,20.1205,98.68,66.9,63,62,21,97.76611
3/31/2023,21.64434782608696,98.6,62,58,75,27,97.93002
4/30/2023,17.817894736842106,98.56,63.7,56,60,23,98.13392
5/31/2023,17.63608695652174,98.53,59,48,60,22,98.31815
6/30/2023,14.003181818181815,98.53,64.2,46,54,20,98.49659
7/31/2023,13.932380952380951,98.6,71.5,47,57,21,98.58123
8/31/2023,15.85391304347826,98.71,69.4,48,56,22,98.48427
9/30/2023,15.173333333333332,98.76,67.8,56,56,19,98.32611
10/31/2023,18.887727272727272,98.69,63.8,55,61,23,98.22498
11/30/2023,14.01909090909091,98.67,61.3,56,61,24,98.33526
12/31/2023,12.7185,98.76,69.7,52,64,26,98.66128
1/31/2024,13.388636363636364,98.97,79,49,60,24,99.00333
2/29/2024,13.980476190476187,,76.9,62,56,22,99.18728
3/31/2024,13.7875,,79.4,55,59,20,99.24164
4/30/2024,16.137727272727275,,77.2,63,60,21,99.16171
5/31/2024,13.058695652173911,,69.1,56,53,21,99.01749
6/30/2024,12.667,,68.2,49,50,20,98.93638
7/31/2024,14.373913043478264,,66.4,51,52,21,98.91679
8/31/2024,19.312272727272727,,67.9,54,64,32,98.95515
9/30/2024,17.663333333333334,,70.1,58,84,37,99.02807
10/31/2024,19.960869565217397,,70.5,55,49,23,99.09721
11/30/2024,16.015238095238097,,71.8,60,61,25,99.10517
12/31/2024,15.866190476190477,,74,49,50,22,99.04943
1/31/2025,16.763636363636365,,71.7,48,55,22,
2/28/2025,16.968,,,60,56,22,
3/31/2025,23.385384615384616,,,56,70,31,
